config,seed,arm,n_qubits,type_id,type,n_bonds,alpha_learned
A2,42,zz_bytype_r3,13,0,H-C,12658,-1.4897957418591525
A2,42,zz_bytype_r3,13,1,C-C,5119,0.01280913557401627
A2,42,zz_bytype_r3,13,2,C=C,2237,0.124365412440416
A2,42,zz_bytype_r3,13,3,C-O,1733,0.2684701163995059
A2,42,zz_bytype_r3,13,4,C=N,1726,-0.16975984339724196
A2,42,zz_bytype_r3,13,5,H-N,1500,-0.07556007227753687
A2,42,zz_bytype_r3,13,6,C=O,1342,-0.22975628029805192
A2,42,zz_bytype_r3,13,7,C-N,1241,0.34346216351789943
A2,42,zz_bytype_r3,13,8,C#C,1006,-1.6026082813154097
A2,42,zz_bytype_r3,13,9,C#N,633,-0.33648563669923787
A2,42,zz_bytype_r3,13,10,H-O,626,0.5005546779062912
A2,42,zz_bytype_r3,13,11,N-O,368,0.7937199411268887
A2,42,zz_bytype_r3,13,12,C-S,295,0.16721422889917908
A2,42,zz_bytype_r3,13,13,N-N,246,0.6600053313689047
A2,42,zz_bytype_r3,13,14,O=S,146,0.31806905168779537
A2,42,zz_bytype_r3,13,15,N-S,63,0.454469971156407
A2,42,zz_bytype_r3,13,16,N=N,29,0.35620314102383405
A2,42,zz_bytype_r3,13,17,O-S,16,0.09142101410159036
A2,42,zz_bytype_r3,13,18,C-Cl,13,0.8351252022092825
A2,42,zz_bytype_r3,13,19,C=S,12,0.4109654831509843
A2,42,zz_bytype_r3,13,20,C#O,6,-2.55326700848301
A2,42,zz_bytype_r3,13,21,N#N,5,0.704277420997722
A2,42,zz_bytype_r3,13,22,N=O,1,0.8384743249497641
A2,42,zz_bytype_r3,13,23,O#S,1,0.17809075631933488
A2,42,xy_bytype_r3,13,0,H-C,12658,0.041146005848153214
A2,42,xy_bytype_r3,13,1,C-C,5119,-0.018239217989310195
A2,42,xy_bytype_r3,13,2,C=C,2237,-0.252923948403615
A2,42,xy_bytype_r3,13,3,C-O,1733,0.18464577842594918
A2,42,xy_bytype_r3,13,4,C=N,1726,-0.2226821904353985
A2,42,xy_bytype_r3,13,5,H-N,1500,-0.14823577920024056
A2,42,xy_bytype_r3,13,6,C=O,1342,-0.3198968700464244
A2,42,xy_bytype_r3,13,7,C-N,1241,0.228881703419685
A2,42,xy_bytype_r3,13,8,C#C,1006,0.4995565305385728
A2,42,xy_bytype_r3,13,9,C#N,633,-0.8840191824790844
A2,42,xy_bytype_r3,13,10,H-O,626,-0.1117192712476341
A2,42,xy_bytype_r3,13,11,N-O,368,0.627105792842283
A2,42,xy_bytype_r3,13,12,C-S,295,0.28912691888779957
A2,42,xy_bytype_r3,13,13,N-N,246,0.5362987513868035
A2,42,xy_bytype_r3,13,14,O=S,146,0.35185748772634917
A2,42,xy_bytype_r3,13,15,N-S,63,0.4184794179824929
A2,42,xy_bytype_r3,13,16,N=N,29,0.3062097907019018
A2,42,xy_bytype_r3,13,17,O-S,16,0.13336462231944926
A2,42,xy_bytype_r3,13,18,C-Cl,13,0.8348591128126721
A2,42,xy_bytype_r3,13,19,C=S,12,0.822216766124457
A2,42,xy_bytype_r3,13,20,C#O,6,0.41916006613088086
A2,42,xy_bytype_r3,13,21,N#N,5,0.35546285410266737
A2,42,xy_bytype_r3,13,22,N=O,1,0.5655825119704309
A2,42,xy_bytype_r3,13,23,O#S,1,0.23513289568740622
A2,43,zz_bytype_r3,13,0,H-C,12628,-0.537792398827608
A2,43,zz_bytype_r3,13,1,C-C,5120,-0.11134157229798515
A2,43,zz_bytype_r3,13,2,C=C,2131,-0.34556238855494115
A2,43,zz_bytype_r3,13,3,C=N,1751,-0.22586072699186047
A2,43,zz_bytype_r3,13,4,C-O,1716,0.2107988391551116
A2,43,zz_bytype_r3,13,5,H-N,1448,-0.7449479695805605
A2,43,zz_bytype_r3,13,6,C=O,1279,-0.3342838930493668
A2,43,zz_bytype_r3,13,7,C-N,1141,0.2125634412336828
A2,43,zz_bytype_r3,13,8,C#C,994,0.7428242005818855
A2,43,zz_bytype_r3,13,9,C#N,660,-0.3700612883007621
A2,43,zz_bytype_r3,13,10,H-O,634,-0.09949096146232096
A2,43,zz_bytype_r3,13,11,N-O,372,0.8076670808768295
A2,43,zz_bytype_r3,13,12,C-S,298,0.25357952938085154
A2,43,zz_bytype_r3,13,13,N-N,274,0.7428752211211235
A2,43,zz_bytype_r3,13,14,O=S,169,0.20121429734643298
A2,43,zz_bytype_r3,13,15,N-S,61,0.438716071647984
A2,43,zz_bytype_r3,13,16,N=N,27,0.49812094082258657
A2,43,zz_bytype_r3,13,17,O-S,21,0.042600476126523214
A2,43,zz_bytype_r3,13,18,C-Cl,18,1.1392085572474862
A2,43,zz_bytype_r3,13,19,C=S,13,0.5530417654985902
A2,43,zz_bytype_r3,13,20,N#N,8,0.42356623286124023
A2,43,zz_bytype_r3,13,21,C#O,2,0.9966926410298541
A2,43,zz_bytype_r3,13,22,O#S,2,-0.020913605239256887
A2,43,zz_bytype_r3,13,23,N=O,1,0.8491515570903838
A2,43,xy_bytype_r3,13,0,H-C,12628,-0.019276199661300272
A2,43,xy_bytype_r3,13,1,C-C,5120,0.13802450256243126
A2,43,xy_bytype_r3,13,2,C=C,2131,0.2988406763497299
A2,43,xy_bytype_r3,13,3,C=N,1751,-0.0031892631825044576
A2,43,xy_bytype_r3,13,4,C-O,1716,0.4198408760467963
A2,43,xy_bytype_r3,13,5,H-N,1448,0.01032798193365923
A2,43,xy_bytype_r3,13,6,C=O,1279,-0.14801398860437387
A2,43,xy_bytype_r3,13,7,C-N,1141,0.4305621371951704
A2,43,xy_bytype_r3,13,8,C#C,994,-1.3009028778551672
A2,43,xy_bytype_r3,13,9,C#N,660,-0.13296887818512057
A2,43,xy_bytype_r3,13,10,H-O,634,0.7185634376103819
A2,43,xy_bytype_r3,13,11,N-O,372,0.9727912649741416
A2,43,xy_bytype_r3,13,12,C-S,298,0.2580326638553603
A2,43,xy_bytype_r3,13,13,N-N,274,0.9063027113659626
A2,43,xy_bytype_r3,13,14,O=S,169,0.3767113834287249
A2,43,xy_bytype_r3,13,15,N-S,61,0.5871520230404156
A2,43,xy_bytype_r3,13,16,N=N,27,0.6485986818061801
A2,43,xy_bytype_r3,13,17,O-S,21,0.04977240135738647
A2,43,xy_bytype_r3,13,18,C-Cl,18,0.984261682807157
A2,43,xy_bytype_r3,13,19,C=S,13,0.3565813353925877
A2,43,xy_bytype_r3,13,20,N#N,8,1.034297554827056
A2,43,xy_bytype_r3,13,21,C#O,2,-1.7769232712653942
A2,43,xy_bytype_r3,13,22,O#S,2,0.4125145967927735
A2,43,xy_bytype_r3,13,23,N=O,1,1.2806036626166937
A2,44,zz_bytype_r3,13,0,H-C,12308,-0.8061752563988277
A2,44,zz_bytype_r3,13,1,C-C,4978,-0.04597271095132904
A2,44,zz_bytype_r3,13,2,C=C,2207,-0.5325072571262816
A2,44,zz_bytype_r3,13,3,C-O,1732,0.2147798280616655
A2,44,zz_bytype_r3,13,4,C=N,1675,-0.21475447614347531
A2,44,zz_bytype_r3,13,5,H-N,1332,-0.21869578414317692
A2,44,zz_bytype_r3,13,6,C=O,1312,-0.6637430841619805
A2,44,zz_bytype_r3,13,7,C-N,1032,0.2501743636184813
A2,44,zz_bytype_r3,13,8,C#C,1000,0.89448552215153
A2,44,zz_bytype_r3,13,9,C#N,661,-0.71291832918383
A2,44,zz_bytype_r3,13,10,H-O,633,0.24005340504693254
A2,44,zz_bytype_r3,13,11,N-O,371,0.8544186455203253
A2,44,zz_bytype_r3,13,12,C-S,288,0.14816107155726482
A2,44,zz_bytype_r3,13,13,N-N,245,0.74832285454565
A2,44,zz_bytype_r3,13,14,O=S,161,0.2609798949597122
A2,44,zz_bytype_r3,13,15,N-S,62,0.42372560955503547
A2,44,zz_bytype_r3,13,16,N=N,31,0.61052810506227
A2,44,zz_bytype_r3,13,17,C-Cl,20,0.7172824448531494
A2,44,zz_bytype_r3,13,18,O-S,16,0.029102383870239158
A2,44,zz_bytype_r3,13,19,C=S,12,0.40735009902223007
A2,44,zz_bytype_r3,13,20,C#O,4,-0.3841897689017741
A2,44,zz_bytype_r3,13,21,N#N,4,0.13464047490078843
A2,44,zz_bytype_r3,13,22,O#S,1,0.004041566025997196
A2,44,xy_bytype_r3,13,0,H-C,12308,-0.1162996303010765
A2,44,xy_bytype_r3,13,1,C-C,4978,0.03261744693447208
A2,44,xy_bytype_r3,13,2,C=C,2207,-0.07860770124933567
A2,44,xy_bytype_r3,13,3,C-O,1732,0.28974101314709366
A2,44,xy_bytype_r3,13,4,C=N,1675,-0.0047228397930313155
A2,44,xy_bytype_r3,13,5,H-N,1332,0.08533747520728677
A2,44,xy_bytype_r3,13,6,C=O,1312,-0.0007040649343287601
A2,44,xy_bytype_r3,13,7,C-N,1032,0.2669257981370348
A2,44,xy_bytype_r3,13,8,C#C,1000,0.45039552373712066
A2,44,xy_bytype_r3,13,9,C#N,661,-0.05398871997238013
A2,44,xy_bytype_r3,13,10,H-O,633,0.24475589631060166
A2,44,xy_bytype_r3,13,11,N-O,371,0.7455182641535715
A2,44,xy_bytype_r3,13,12,C-S,288,0.26241506099147094
A2,44,xy_bytype_r3,13,13,N-N,245,0.6458330717894062
A2,44,xy_bytype_r3,13,14,O=S,161,0.26377601935961803
A2,44,xy_bytype_r3,13,15,N-S,62,0.46319979918823656
A2,44,xy_bytype_r3,13,16,N=N,31,0.535770838856324
A2,44,xy_bytype_r3,13,17,C-Cl,20,0.8223817145741571
A2,44,xy_bytype_r3,13,18,O-S,16,0.1345335576125911
A2,44,xy_bytype_r3,13,19,C=S,12,0.6945460217899831
A2,44,xy_bytype_r3,13,20,C#O,4,0.7874554185930613
A2,44,xy_bytype_r3,13,21,N#N,4,-0.5861836824023717
A2,44,xy_bytype_r3,13,22,O#S,1,0.20346057652375568
A2,45,zz_bytype_r3,13,0,H-C,12734,-0.7484648140886958
A2,45,zz_bytype_r3,13,1,C-C,5160,-0.01569812239269521
A2,45,zz_bytype_r3,13,2,C=C,2251,-0.43007257091598783
A2,45,zz_bytype_r3,13,3,C-O,1696,0.17078151385005502
A2,45,zz_bytype_r3,13,4,C=N,1668,-0.20024823412943354
A2,45,zz_bytype_r3,13,5,H-N,1458,-0.2806930530846487
A2,45,zz_bytype_r3,13,6,C=O,1336,-0.30202131188516046
A2,45,zz_bytype_r3,13,7,C-N,1208,0.18077068814685068
A2,45,zz_bytype_r3,13,8,C#C,962,0.609173333351023
A2,45,zz_bytype_r3,13,9,C#N,665,-0.6557652163784733
A2,45,zz_bytype_r3,13,10,H-O,641,0.15957161216441668
A2,45,zz_bytype_r3,13,11,N-O,345,0.5829715899067511
A2,45,zz_bytype_r3,13,12,C-S,303,0.2257770125303668
A2,45,zz_bytype_r3,13,13,N-N,248,0.502600208971235
A2,45,zz_bytype_r3,13,14,O=S,171,0.20272124550746395
A2,45,zz_bytype_r3,13,15,N-S,57,0.3365738938719095
A2,45,zz_bytype_r3,13,16,N=N,29,0.34355399259221964
A2,45,zz_bytype_r3,13,17,O-S,22,0.055358054049342825
A2,45,zz_bytype_r3,13,18,C-Cl,16,0.7004260764461657
A2,45,zz_bytype_r3,13,19,C=S,13,0.38433207479986986
A2,45,zz_bytype_r3,13,20,N#N,6,0.34284721937172224
A2,45,zz_bytype_r3,13,21,C#O,3,0.01824337696457104
A2,45,zz_bytype_r3,13,22,O#S,1,-0.1949139989771124
A2,45,xy_bytype_r3,13,0,H-C,12734,0.3840159286599746
A2,45,xy_bytype_r3,13,1,C-C,5160,0.052079091662632075
A2,45,xy_bytype_r3,13,2,C=C,2251,0.1853920390197979
A2,45,xy_bytype_r3,13,3,C-O,1696,0.3686377930750285
A2,45,xy_bytype_r3,13,4,C=N,1668,-0.1039037576146195
A2,45,xy_bytype_r3,13,5,H-N,1458,-0.22670973889566248
A2,45,xy_bytype_r3,13,6,C=O,1336,0.026072346916501045
A2,45,xy_bytype_r3,13,7,C-N,1208,0.3260747653581458
A2,45,xy_bytype_r3,13,8,C#C,962,-0.3958037558707142
A2,45,xy_bytype_r3,13,9,C#N,665,0.007012221827680268
A2,45,xy_bytype_r3,13,10,H-O,641,-0.41741576574752487
A2,45,xy_bytype_r3,13,11,N-O,345,1.150570102293912
A2,45,xy_bytype_r3,13,12,C-S,303,0.2239325435638512
A2,45,xy_bytype_r3,13,13,N-N,248,0.9849445218530514
A2,45,xy_bytype_r3,13,14,O=S,171,0.3512261071390694
A2,45,xy_bytype_r3,13,15,N-S,57,0.5875248446522291
A2,45,xy_bytype_r3,13,16,N=N,29,0.8560617125133397
A2,45,xy_bytype_r3,13,17,O-S,22,0.1002314232956053
A2,45,xy_bytype_r3,13,18,C-Cl,16,0.7231798760447772
A2,45,xy_bytype_r3,13,19,C=S,13,0.25364677023766985
A2,45,xy_bytype_r3,13,20,N#N,6,1.2838203439916769
A2,45,xy_bytype_r3,13,21,C#O,3,-0.15907285695734244
A2,45,xy_bytype_r3,13,22,O#S,1,0.16482649428037666
A2,46,zz_bytype_r3,13,0,H-C,12724,-0.6476455859221557
A2,46,zz_bytype_r3,13,1,C-C,5148,-0.07112285808608683
A2,46,zz_bytype_r3,13,2,C=C,2163,-0.2504568642733809
A2,46,zz_bytype_r3,13,3,C=N,1736,-0.22493317736774654
A2,46,zz_bytype_r3,13,4,C-O,1717,0.06990403813627352
A2,46,zz_bytype_r3,13,5,H-N,1481,-0.913566378781286
A2,46,zz_bytype_r3,13,6,C=O,1357,-0.25617423106026543
A2,46,zz_bytype_r3,13,7,C-N,1205,0.10674338473501183
A2,46,zz_bytype_r3,13,8,C#C,996,0.6311194316226844
A2,46,zz_bytype_r3,13,9,H-O,679,-0.10363583573429921
A2,46,zz_bytype_r3,13,10,C#N,654,-0.13801357141572204
A2,46,zz_bytype_r3,13,11,N-O,371,0.600734346477073
A2,46,zz_bytype_r3,13,12,C-S,321,0.02000381557599383
A2,46,zz_bytype_r3,13,13,N-N,261,0.5473628909899848
A2,46,zz_bytype_r3,13,14,O=S,193,0.15863822803411856
A2,46,zz_bytype_r3,13,15,N-S,58,0.24794575407686167
A2,46,zz_bytype_r3,13,16,N=N,33,0.4544165109074601
A2,46,zz_bytype_r3,13,17,O-S,18,-0.019843843035544356
A2,46,zz_bytype_r3,13,18,C-Cl,16,0.4855982042278748
A2,46,zz_bytype_r3,13,19,C=S,12,0.12948719668732808
A2,46,zz_bytype_r3,13,20,N#N,6,0.5623849289995994
A2,46,zz_bytype_r3,13,21,C#O,4,0.3007206266183091
A2,46,zz_bytype_r3,13,22,O#S,3,-0.04641178043485016
A2,46,xy_bytype_r3,13,0,H-C,12724,0.3094643276159014
A2,46,xy_bytype_r3,13,1,C-C,5148,0.04632780069388598
A2,46,xy_bytype_r3,13,2,C=C,2163,-0.13076795179239192
A2,46,xy_bytype_r3,13,3,C=N,1736,-0.08483068101302423
A2,46,xy_bytype_r3,13,4,C-O,1717,0.22395705062280197
A2,46,xy_bytype_r3,13,5,H-N,1481,0.040554305568839905
A2,46,xy_bytype_r3,13,6,C=O,1357,-0.08855069486468468
A2,46,xy_bytype_r3,13,7,C-N,1205,0.24001480767013805
A2,46,xy_bytype_r3,13,8,C#C,996,0.48976802816697784
A2,46,xy_bytype_r3,13,9,H-O,679,0.03209497081551119
A2,46,xy_bytype_r3,13,10,C#N,654,-0.12845154525142502
A2,46,xy_bytype_r3,13,11,N-O,371,0.7185561993730678
A2,46,xy_bytype_r3,13,12,C-S,321,0.2023831722483511
A2,46,xy_bytype_r3,13,13,N-N,261,0.5870415368293839
A2,46,xy_bytype_r3,13,14,O=S,193,0.2766853331614997
A2,46,xy_bytype_r3,13,15,N-S,58,0.4248456805450251
A2,46,xy_bytype_r3,13,16,N=N,33,0.4734828811047529
A2,46,xy_bytype_r3,13,17,O-S,18,-0.0605089811153648
A2,46,xy_bytype_r3,13,18,C-Cl,16,0.8390274812637153
A2,46,xy_bytype_r3,13,19,C=S,12,0.18313314490806457
A2,46,xy_bytype_r3,13,20,N#N,6,0.6361256082679061
A2,46,xy_bytype_r3,13,21,C#O,4,0.49675495815748494
A2,46,xy_bytype_r3,13,22,O#S,3,0.26805996885637995
A2,47,zz_bytype_r3,13,0,H-C,12542,0.5635064375423477
A2,47,zz_bytype_r3,13,1,C-C,5023,-0.02700646994300031
A2,47,zz_bytype_r3,13,2,C=C,2259,-0.12999405681045106
A2,47,zz_bytype_r3,13,3,C=N,1756,-0.08904791730032963
A2,47,zz_bytype_r3,13,4,C-O,1700,0.12663727510203276
A2,47,zz_bytype_r3,13,5,H-N,1473,0.22285216868273616
A2,47,zz_bytype_r3,13,6,C=O,1316,-0.11816156665075696
A2,47,zz_bytype_r3,13,7,C-N,1177,0.1371676874402714
A2,47,zz_bytype_r3,13,8,C#C,964,0.4218593761159937
A2,47,zz_bytype_r3,13,9,C#N,705,-0.027209641018647153
A2,47,zz_bytype_r3,13,10,H-O,634,0.14412002840587376
A2,47,zz_bytype_r3,13,11,N-O,353,0.7462421428056648
A2,47,zz_bytype_r3,13,12,C-S,297,0.07408162040826397
A2,47,zz_bytype_r3,13,13,N-N,278,0.6215735790734628
A2,47,zz_bytype_r3,13,14,O=S,171,0.2941402758276102
A2,47,zz_bytype_r3,13,15,N-S,54,0.3539794539746243
A2,47,zz_bytype_r3,13,16,N=N,22,0.31577249143151687
A2,47,zz_bytype_r3,13,17,C-Cl,22,0.8015557696024245
A2,47,zz_bytype_r3,13,18,O-S,18,-0.013971358109243978
A2,47,zz_bytype_r3,13,19,C=S,11,0.27615071015476383
A2,47,zz_bytype_r3,13,20,C#O,5,0.5030119995978855
A2,47,zz_bytype_r3,13,21,N#N,4,0.38197197870308136
A2,47,zz_bytype_r3,13,22,N=O,1,0.8191279455062968
A2,47,zz_bytype_r3,13,23,O#S,1,-0.07533272141346929
A2,47,xy_bytype_r3,13,0,H-C,12542,-0.0756093211051883
A2,47,xy_bytype_r3,13,1,C-C,5023,-0.06772746703132784
A2,47,xy_bytype_r3,13,2,C=C,2259,-0.16716366852382764
A2,47,xy_bytype_r3,13,3,C=N,1756,-0.12825943902313186
A2,47,xy_bytype_r3,13,4,C-O,1700,0.07788629646339418
A2,47,xy_bytype_r3,13,5,H-N,1473,-0.11473846284237019
A2,47,xy_bytype_r3,13,6,C=O,1316,-0.16698837851576934
A2,47,xy_bytype_r3,13,7,C-N,1177,0.08648791158282304
A2,47,xy_bytype_r3,13,8,C#C,964,0.17150394589882031
A2,47,xy_bytype_r3,13,9,C#N,705,-0.21756401728113128
A2,47,xy_bytype_r3,13,10,H-O,634,-0.22407525653661214
A2,47,xy_bytype_r3,13,11,N-O,353,0.7735532010284903
A2,47,xy_bytype_r3,13,12,C-S,297,0.04822394195510361
A2,47,xy_bytype_r3,13,13,N-N,278,0.5832828058999183
A2,47,xy_bytype_r3,13,14,O=S,171,0.35023385489594705
A2,47,xy_bytype_r3,13,15,N-S,54,0.37123073612387886
A2,47,xy_bytype_r3,13,16,N=N,22,0.26816942811435107
A2,47,xy_bytype_r3,13,17,C-Cl,22,0.867195958715953
A2,47,xy_bytype_r3,13,18,O-S,18,0.057946427360591836
A2,47,xy_bytype_r3,13,19,C=S,11,0.36829161757979323
A2,47,xy_bytype_r3,13,20,C#O,5,0.16440662037704876
A2,47,xy_bytype_r3,13,21,N#N,4,0.17906304333108503
A2,47,xy_bytype_r3,13,22,N=O,1,0.7567124788370954
A2,47,xy_bytype_r3,13,23,O#S,1,-0.04826105674466649
A2,48,zz_bytype_r3,13,0,H-C,12485,-0.362019289944742
A2,48,zz_bytype_r3,13,1,C-C,4963,-0.00843085707813998
A2,48,zz_bytype_r3,13,2,C=C,2193,-0.20847448348034453
A2,48,zz_bytype_r3,13,3,C-O,1780,0.17891148059656975
A2,48,zz_bytype_r3,13,4,C=N,1687,-0.126886895057258
A2,48,zz_bytype_r3,13,5,H-N,1426,0.02249083997795973
A2,48,zz_bytype_r3,13,6,C=O,1278,-0.24449511004087435
A2,48,zz_bytype_r3,13,7,C-N,1109,0.20223787172764593
A2,48,zz_bytype_r3,13,8,C#C,976,0.7464976896674739
A2,48,zz_bytype_r3,13,9,H-O,669,-0.019556533957474354
A2,48,zz_bytype_r3,13,10,C#N,636,-0.27070588425747893
A2,48,zz_bytype_r3,13,11,N-O,345,0.7071280355538839
A2,48,zz_bytype_r3,13,12,C-S,308,0.11049217344807558
A2,48,zz_bytype_r3,13,13,N-N,249,0.6063329637729347
A2,48,zz_bytype_r3,13,14,O=S,172,0.2050501357423938
A2,48,zz_bytype_r3,13,15,N-S,57,0.3513607818579597
A2,48,zz_bytype_r3,13,16,N=N,30,0.41989292333676126
A2,48,zz_bytype_r3,13,17,C-Cl,21,0.571243296453095
A2,48,zz_bytype_r3,13,18,O-S,21,0.028404026067514163
A2,48,zz_bytype_r3,13,19,C=S,12,0.31197729826881204
A2,48,zz_bytype_r3,13,20,N#N,5,0.6093733296145358
A2,48,zz_bytype_r3,13,21,C#O,3,0.36544569075458966
A2,48,zz_bytype_r3,13,22,O#S,3,-0.026226421835903294
A2,48,zz_bytype_r3,13,23,N=O,1,0.8112791186125216
A2,48,xy_bytype_r3,13,0,H-C,12485,0.27252460004699325
A2,48,xy_bytype_r3,13,1,C-C,4963,0.1198986645962238
A2,48,xy_bytype_r3,13,2,C=C,2193,0.26976765030819555
A2,48,xy_bytype_r3,13,3,C-O,1780,0.010325005526186218
A2,48,xy_bytype_r3,13,4,C=N,1687,0.16874132052780466
A2,48,xy_bytype_r3,13,5,H-N,1426,0.29316155763532076
A2,48,xy_bytype_r3,13,6,C=O,1278,0.18286880705834774
A2,48,xy_bytype_r3,13,7,C-N,1109,-0.011957184778747972
A2,48,xy_bytype_r3,13,8,C#C,976,-0.2941739817689737
A2,48,xy_bytype_r3,13,9,H-O,669,0.009054293634376792
A2,48,xy_bytype_r3,13,10,C#N,636,0.06480755579767727
A2,48,xy_bytype_r3,13,11,N-O,345,1.473472555164709
A2,48,xy_bytype_r3,13,12,C-S,308,0.020349638991679322
A2,48,xy_bytype_r3,13,13,N-N,249,1.3378208986986708
A2,48,xy_bytype_r3,13,14,O=S,172,0.5249069552378838
A2,48,xy_bytype_r3,13,15,N-S,57,0.8612235809914157
A2,48,xy_bytype_r3,13,16,N=N,30,-0.6544791481428546
A2,48,xy_bytype_r3,13,17,C-Cl,21,1.163387906542415
A2,48,xy_bytype_r3,13,18,O-S,21,-0.10909575422496455
A2,48,xy_bytype_r3,13,19,C=S,12,0.00916253732444426
A2,48,xy_bytype_r3,13,20,N#N,5,1.295448311422531
A2,48,xy_bytype_r3,13,21,C#O,3,-0.28524255818151234
A2,48,xy_bytype_r3,13,22,O#S,3,-0.2909105683411234
A2,48,xy_bytype_r3,13,23,N=O,1,1.6407748998535419
A2,49,zz_bytype_r3,13,0,H-C,12608,-1.0712895672720744
A2,49,zz_bytype_r3,13,1,C-C,5066,0.05804456674377137
A2,49,zz_bytype_r3,13,2,C=C,2267,0.10008214872005632
A2,49,zz_bytype_r3,13,3,C-O,1839,0.2753201946686388
A2,49,zz_bytype_r3,13,4,C=N,1667,-0.10955297147114139
A2,49,zz_bytype_r3,13,5,H-N,1475,-0.1944643711258765
A2,49,zz_bytype_r3,13,6,C=O,1304,-0.2543648726478919
A2,49,zz_bytype_r3,13,7,C-N,1115,0.34169988152502184
A2,49,zz_bytype_r3,13,8,C#C,1012,-1.3755701284515982
A2,49,zz_bytype_r3,13,9,C#N,691,-0.35121439057035403
A2,49,zz_bytype_r3,13,10,H-O,657,-0.015102685580285172
A2,49,zz_bytype_r3,13,11,N-O,345,0.791859498003003
A2,49,zz_bytype_r3,13,12,C-S,290,0.09991604458334173
A2,49,zz_bytype_r3,13,13,N-N,233,0.6767868431183667
A2,49,zz_bytype_r3,13,14,O=S,162,0.3825738638635406
A2,49,zz_bytype_r3,13,15,N-S,57,0.441037341423599
A2,49,zz_bytype_r3,13,16,N=N,29,0.3941588848213806
A2,49,zz_bytype_r3,13,17,O-S,17,0.07199917073829354
A2,49,zz_bytype_r3,13,18,C-Cl,13,0.9872168768416866
A2,49,zz_bytype_r3,13,19,C=S,12,0.7639336506938978
A2,49,zz_bytype_r3,13,20,C#O,6,0.5291880181629759
A2,49,zz_bytype_r3,13,21,N#N,4,0.5392448131013992
A2,49,zz_bytype_r3,13,22,O#S,3,0.3838821843722125
A2,49,zz_bytype_r3,13,23,N=O,1,0.8047231329523976
A2,49,xy_bytype_r3,13,0,H-C,12608,-0.54154528570901
A2,49,xy_bytype_r3,13,1,C-C,5066,0.040783422546477245
A2,49,xy_bytype_r3,13,2,C=C,2267,0.13777141200198778
A2,49,xy_bytype_r3,13,3,C-O,1839,0.38389531181335784
A2,49,xy_bytype_r3,13,4,C=N,1667,-0.1838239894940837
A2,49,xy_bytype_r3,13,5,H-N,1475,-0.08304287542210924
A2,49,xy_bytype_r3,13,6,C=O,1304,-0.3970415038475842
A2,49,xy_bytype_r3,13,7,C-N,1115,0.44321163847506956
A2,49,xy_bytype_r3,13,8,C#C,1012,-1.15238838713648
A2,49,xy_bytype_r3,13,9,C#N,691,-0.15496785742885164
A2,49,xy_bytype_r3,13,10,H-O,657,0.4749720253500093
A2,49,xy_bytype_r3,13,11,N-O,345,1.047853553261942
A2,49,xy_bytype_r3,13,12,C-S,290,0.21342644342855677
A2,49,xy_bytype_r3,13,13,N-N,233,0.9415314792866147
A2,49,xy_bytype_r3,13,14,O=S,162,0.3517755119070322
A2,49,xy_bytype_r3,13,15,N-S,57,0.5894316886348091
A2,49,xy_bytype_r3,13,16,N=N,29,0.6363567050721621
A2,49,xy_bytype_r3,13,17,O-S,17,0.10556611518392374
A2,49,xy_bytype_r3,13,18,C-Cl,13,1.0692950662645633
A2,49,xy_bytype_r3,13,19,C=S,12,0.6710359979603082
A2,49,xy_bytype_r3,13,20,C#O,6,0.6416323529375577
A2,49,xy_bytype_r3,13,21,N#N,4,0.5289749547224647
A2,49,xy_bytype_r3,13,22,O#S,3,0.24866924847847582
A2,49,xy_bytype_r3,13,23,N=O,1,1.2193794687612765
A2,50,zz_bytype_r3,13,0,H-C,12858,0.5611719949540025
A2,50,zz_bytype_r3,13,1,C-C,5196,-0.00930620830765632
A2,50,zz_bytype_r3,13,2,C=C,2228,-0.18014804177505148
A2,50,zz_bytype_r3,13,3,C=N,1764,-0.0711632138958057
A2,50,zz_bytype_r3,13,4,C-O,1751,0.18666328962284773
A2,50,zz_bytype_r3,13,5,H-N,1456,0.052059855304381515
A2,50,zz_bytype_r3,13,6,C=O,1325,-0.11550376909702371
A2,50,zz_bytype_r3,13,7,C-N,1212,0.22071438069386923
A2,50,zz_bytype_r3,13,8,C#C,1000,0.7123909221766248
A2,50,zz_bytype_r3,13,9,C#N,689,-0.08133318197049395
A2,50,zz_bytype_r3,13,10,H-O,658,0.09640381250844592
A2,50,zz_bytype_r3,13,11,N-O,416,0.8590678264798562
A2,50,zz_bytype_r3,13,12,C-S,287,0.16701911567843997
A2,50,zz_bytype_r3,13,13,N-N,253,0.6741171552142239
A2,50,zz_bytype_r3,13,14,O=S,177,0.3103661989885804
A2,50,zz_bytype_r3,13,15,N-S,56,0.4263934426319448
A2,50,zz_bytype_r3,13,16,N=N,35,0.5781878105451266
A2,50,zz_bytype_r3,13,17,O-S,18,0.12441821148258009
A2,50,zz_bytype_r3,13,18,C-Cl,17,0.7755629308481983
A2,50,zz_bytype_r3,13,19,C=S,15,0.35125895176784044
A2,50,zz_bytype_r3,13,20,N#N,8,0.600083926756873
A2,50,zz_bytype_r3,13,21,C#O,5,0.5856734508842354
A2,50,zz_bytype_r3,13,22,O#S,2,0.4453984264295142
A2,50,xy_bytype_r3,13,0,H-C,12858,-0.34124271438494164
A2,50,xy_bytype_r3,13,1,C-C,5196,0.04341459013971484
A2,50,xy_bytype_r3,13,2,C=C,2228,-0.09393952487025464
A2,50,xy_bytype_r3,13,3,C=N,1764,-0.044770702419069934
A2,50,xy_bytype_r3,13,4,C-O,1751,0.16552870445629034
A2,50,xy_bytype_r3,13,5,H-N,1456,-0.2183578185771687
A2,50,xy_bytype_r3,13,6,C=O,1325,-0.03456393185223919
A2,50,xy_bytype_r3,13,7,C-N,1212,0.18637824656974641
A2,50,xy_bytype_r3,13,8,C#C,1000,0.6560277135945312
A2,50,xy_bytype_r3,13,9,C#N,689,0.004165900428457156
A2,50,xy_bytype_r3,13,10,H-O,658,-0.07281827050685694
A2,50,xy_bytype_r3,13,11,N-O,416,0.7616480817490097
A2,50,xy_bytype_r3,13,12,C-S,287,0.08223192315959434
A2,50,xy_bytype_r3,13,13,N-N,253,0.5452439599523563
A2,50,xy_bytype_r3,13,14,O=S,177,0.47951744264670126
A2,50,xy_bytype_r3,13,15,N-S,56,0.40948545315902907
A2,50,xy_bytype_r3,13,16,N=N,35,0.4076409657328073
A2,50,xy_bytype_r3,13,17,O-S,18,-0.15345394295071327
A2,50,xy_bytype_r3,13,18,C-Cl,17,0.8002963883188446
A2,50,xy_bytype_r3,13,19,C=S,15,0.176859336755137
A2,50,xy_bytype_r3,13,20,N#N,8,0.44182763466208075
A2,50,xy_bytype_r3,13,21,C#O,5,0.2685144820655514
A2,50,xy_bytype_r3,13,22,O#S,2,0.6750251283402984
A2,51,zz_bytype_r3,13,0,H-C,12627,0.3564686540247131
A2,51,zz_bytype_r3,13,1,C-C,5127,-0.02924975220229975
A2,51,zz_bytype_r3,13,2,C=C,2188,-0.17753107598128687
A2,51,zz_bytype_r3,13,3,C-O,1755,0.1362321067840897
A2,51,zz_bytype_r3,13,4,C=N,1663,-0.10730448987037622
A2,51,zz_bytype_r3,13,5,H-N,1373,0.47413899350242406
A2,51,zz_bytype_r3,13,6,C=O,1314,-0.13274013609985827
A2,51,zz_bytype_r3,13,7,C-N,1144,0.13733470062748038
A2,51,zz_bytype_r3,13,8,C#C,1006,0.6854212170607702
A2,51,zz_bytype_r3,13,9,C#N,642,-0.13733579845596305
A2,51,zz_bytype_r3,13,10,H-O,630,0.32759341937964054
A2,51,zz_bytype_r3,13,11,N-O,364,0.7530503572059368
A2,51,zz_bytype_r3,13,12,C-S,298,0.14702698026007288
A2,51,zz_bytype_r3,13,13,N-N,256,0.5736540701142647
A2,51,zz_bytype_r3,13,14,O=S,171,0.3971707758126344
A2,51,zz_bytype_r3,13,15,N-S,58,0.43182732959896253
A2,51,zz_bytype_r3,13,16,N=N,30,0.3941257579325717
A2,51,zz_bytype_r3,13,17,C-Cl,17,1.0400610082410333
A2,51,zz_bytype_r3,13,18,O-S,16,0.03892809989623542
A2,51,zz_bytype_r3,13,19,C=S,11,0.263581006360871
A2,51,zz_bytype_r3,13,20,N#N,6,0.48038776029447
A2,51,zz_bytype_r3,13,21,C#O,2,0.3431705671680112
A2,51,zz_bytype_r3,13,22,N=O,1,0.7198751508547042
A2,51,xy_bytype_r3,13,0,H-C,12627,-0.16844407421989446
A2,51,xy_bytype_r3,13,1,C-C,5127,0.0767218408183749
A2,51,xy_bytype_r3,13,2,C=C,2188,-0.12198129540931096
A2,51,xy_bytype_r3,13,3,C-O,1755,0.24149985398629562
A2,51,xy_bytype_r3,13,4,C=N,1663,-0.12337095694583662
A2,51,xy_bytype_r3,13,5,H-N,1373,0.19699583341187538
A2,51,xy_bytype_r3,13,6,C=O,1314,-0.13370190081079275
A2,51,xy_bytype_r3,13,7,C-N,1144,0.27925588745401436
A2,51,xy_bytype_r3,13,8,C#C,1006,1.1428834860627373
A2,51,xy_bytype_r3,13,9,C#N,642,-0.027314856054366364
A2,51,xy_bytype_r3,13,10,H-O,630,0.1535870517468963
A2,51,xy_bytype_r3,13,11,N-O,364,1.0434022123387487
A2,51,xy_bytype_r3,13,12,C-S,298,0.06799056780556821
A2,51,xy_bytype_r3,13,13,N-N,256,0.8696327839414103
A2,51,xy_bytype_r3,13,14,O=S,171,0.4358851412739955
A2,51,xy_bytype_r3,13,15,N-S,58,0.4358555421970869
A2,51,xy_bytype_r3,13,16,N=N,30,0.5443437922477687
A2,51,xy_bytype_r3,13,17,C-Cl,17,0.9077270158038924
A2,51,xy_bytype_r3,13,18,O-S,16,0.06285626338384899
A2,51,xy_bytype_r3,13,19,C=S,11,0.23306284300321767
A2,51,xy_bytype_r3,13,20,N#N,6,0.8136876238433574
A2,51,xy_bytype_r3,13,21,C#O,2,0.1122520731693471
A2,51,xy_bytype_r3,13,22,N=O,1,1.3403654491041503
