config,arm,kind,seed,n_qubits,n_params,n_train,n_test,mae,mae_ridge,mae_krr,r2,isomer_mae,isomer_mae_krr,isomer_rho,isomer_rho_krr,n_isomer_groups,loss_drop,param_shift_rel,time_s,split,entangler,alpha,alpha_mode,n_rounds,bond_param_mode,encode_source,drop_q0,angle_range,rz_source,canonical,n_reupload,observable,readout,use_cnot,scaler,optimizer,diff_method,epochs,n_types,loss_first,loss_last,param_shift,grad_norm_last,alpha_mean,angle_max,comp_r2,isomer_mae_tr,r2_ridge,n_isomer_groups_ridge,isomer_mae_ridge,isomer_mae_tr_ridge,isomer_rho_ridge,r2_krr,n_isomer_groups_krr,isomer_mae_tr_krr
A2,zz_bytype_r3,quantum,42,13,116,2653,866,0.33110511875675797,0.33110511875675797,0.32496458121576693,0.9918921914132989,0.2785889235426331,0.2784994113940768,0.7687759570496243,0.7697115332960726,55,0.7976461879672989,3.6072747797222156,1682.18,molecule,zz,0.1,bytype,3,bytype,eig,0,"[0.000,3.142]",none,1,1,Z,ridge,1,1,adam,adjoint,100,24,0.7846355661584568,0.15877399786860036,9.181506036728429,0.007209574828450261,0.025019354520840642,1.0316756662161293,0.9657280253532537,0.3237193205856171,0.9918921914132989,55,0.2785889235426331,0.3237193205856171,0.7687759570496243,0.992214987210655,55,0.3191092938163751
A2,krr_res,classical,42,13,2653,2653,866,0.5526030636163409,0.5526030636163409,0.5526030636163409,0.979694542248023,0.48955536088754875,0.48955536088754875,0.5976257586998526,0.5976257586998526,55,,,,,,,,,,,,,,,,,,,,,,,,,,,,,,,0.544626588983698,,,0.48955536088754875,,0.5976257586998526,,,
A2,krr_cos_cl,classical,42,13,2653,2653,866,0.631840743280728,0.631840743280728,0.631840743280728,0.9727716870145521,0.556888620214208,0.556888620214208,0.5114298846727817,0.5114298846727817,55,,,,,,,,,,,,,,,,,,,,,,,,,,,,,,,0.6285713325410561,,,0.556888620214208,,0.5114298846727817,,,
A2,ridge_raw_eig,classical,42,13,14,2653,866,0.6856479542318024,0.6856479542318024,0.6856479542318024,0.9633225265524472,0.5846758254481627,0.5846758254481627,0.48950217320518546,0.48950217320518546,55,,,,,,,,,,,,,,,,,,,,,,,,,,,,,,,0.6589868141042786,,,0.5846758254481627,,0.48950217320518546,,,
A2,composition,classical,42,13,0,2653,866,0.8276978648797442,0.8276978648797442,0.8276978648797442,0.9559839973383036,0.714033795068776,0.714033795068776,nan,nan,55,,,,,,,,,,,,,,,,,,,,,,,,,,,,,,,0.8254885879507904,,,0.714033795068776,,nan,,,
A2,xy_bytype_r3,quantum,42,13,116,2653,866,0.36599562393571994,0.36599562393571994,0.34712923797129225,0.9886575873608744,0.30620019089778633,0.30462527380355436,0.7739538130595338,0.7727786438131157,55,0.7652277543501931,2.4135195443482322,1764.96,molecule,xy,0.1,bytype,3,bytype,eig,0,"[0.000,3.142]",none,1,1,Z,ridge,1,1,adam,adjoint,100,24,0.808619195168222,0.189841344325183,6.143070772086231,0.05968148411447507,0.20380710612942696,0.4760103290271993,0.9657280253532537,0.34976371689208086,0.9886575873608744,55,0.30620019089778633,0.34976371689208086,0.7739538130595338,0.9913862631673561,55,0.34066600642714717
A2,none_r3,quantum,42,13,92,2653,866,0.7542456851281738,0.7542456851281738,0.6895288633999906,0.8720692023534932,0.5890162673854795,0.582804838432189,0.4908968206035527,0.4772269781393829,55,0.120473200786618,1.7854695683394761,1248.16,molecule,none,0.0,fixed,3,fixed,eig,0,"[0.000,3.142]",none,1,1,Z,ridge,1,1,adam,adjoint,100,24,0.8310653898565386,0.7309442822775428,3.669813039102216,0.04355598610440846,0.0,0.0,0.9657280253532537,0.6773325815872844,0.8720692023534932,55,0.5890162673854795,0.6773325815872844,0.4908968206035527,0.9683878587943962,55,0.6838428463721875
A2,zz_fixed_r3,quantum,42,13,92,2653,866,0.581260379210856,0.581260379210856,0.5620847154977514,0.9713730097232913,0.5015091819033114,0.48465132866464017,0.6079340225493843,0.6009463772841774,55,0.40366202973292953,3.0958710736373996,1676.86,molecule,zz,0.1,fixed,3,fixed,eig,0,"[0.000,3.142]",none,1,1,Z,ridge,1,1,adam,adjoint,100,24,0.7846355661584568,0.4679079809222878,6.672769227560907,0.14877086137811904,0.1,0.06719368409052928,0.9657280253532537,0.5558546488749881,0.9713730097232913,55,0.5015091819033114,0.5558546488749881,0.6079340225493843,0.9767725105145103,55,0.5473875215293843
A2,xy_shuffled_r3,quantum,42,13,116,2653,866,0.5454863435158405,0.5454863435158405,0.5374272030479361,0.9767782041814013,0.4719719242324775,0.46354442879068886,0.6236425547158627,0.6199346521359942,55,0.5328594111774043,2.6482728908640434,1773.23,molecule,xy,0.1,bytype_shuffled,3,bytype_shuffled,eig,0,"[0.000,3.142]",none,1,1,Z,ridge,1,1,adam,adjoint,100,24,0.808619195168222,0.3777388469641367,6.7405825780327415,0.02275217717037057,0.34896684152904306,0.32523007475540844,0.9657280253532537,0.5301682407162949,0.9767782041814013,55,0.4719719242324775,0.5301682407162949,0.6236425547158627,0.9780982454041444,55,0.5224964458101642
A2,zz_bytype_r3,quantum,43,13,116,2630,889,0.34633050661878334,0.34633050661878334,0.34864885093193193,0.9928629737414566,0.3091333177233596,0.30962784438984875,0.7388527791970633,0.7432584507528828,52,0.7876747512882276,2.776926135279658,1653.41,molecule,zz,0.1,bytype,3,bytype,eig,0,"[0.000,3.142]",none,1,1,Z,ridge,1,1,adam,adjoint,100,24,0.7144451852027474,0.1516947516391016,8.230661703799786,0.00940976186869146,0.22176525198816266,0.5613491441509353,0.964458788512022,0.3426399020761763,0.9928629737414566,52,0.3091333177233596,0.3426399020761763,0.7388527791970633,0.992891098807474,52,0.3465145637492057
A2,krr_res,classical,43,13,2630,2630,889,0.5972905553906901,0.5972905553906901,0.5972905553906901,0.9772997952044713,0.5081563251619724,0.5081563251619724,0.5621888354308812,0.5621888354308812,52,,,,,,,,,,,,,,,,,,,,,,,,,,,,,,,0.5862549787199295,,,0.5081563251619724,,0.5621888354308812,,,
A2,krr_cos_cl,classical,43,13,2630,2630,889,0.6609424693043567,0.6609424693043567,0.6609424693043567,0.9748578371029709,0.5532093115158099,0.5532093115158099,0.429151792763757,0.429151792763757,52,,,,,,,,,,,,,,,,,,,,,,,,,,,,,,,0.657466602980534,,,0.5532093115158099,,0.429151792763757,,,
A2,ridge_raw_eig,classical,43,13,14,2630,889,0.6825324010549014,0.6825324010549014,0.6825324010549014,0.97315168504648,0.5644079091742694,0.5644079091742694,0.40438350019857033,0.40438350019857033,52,,,,,,,,,,,,,,,,,,,,,,,,,,,,,,,0.6789698220984804,,,0.5644079091742694,,0.40438350019857033,,,
A2,composition,classical,43,13,0,2630,889,0.8302439696970597,0.8302439696970597,0.8302439696970597,0.9618677224322512,0.6664598743224972,0.6664598743224972,nan,nan,52,,,,,,,,,,,,,,,,,,,,,,,,,,,,,,,0.8264836556604114,,,0.6664598743224972,,nan,,,
A2,xy_bytype_r3,quantum,43,13,116,2630,889,0.3621629285678334,0.3621629285678334,0.35855537199720705,0.9921207461384882,0.3277873052612503,0.3263267162067945,0.7081809614905804,0.7117426547427139,52,0.8088929075365513,2.969545523036851,1755.07,molecule,xy,0.1,bytype,3,bytype,eig,0,"[0.000,3.142]",none,1,1,Z,ridge,1,1,adam,adjoint,100,24,0.8402437433161788,0.16057653874575933,8.80157534751571,0.09658517738079046,0.2709377123003645,0.7510766267192398,0.964458788512022,0.35835159786601045,0.9921207461384882,52,0.3277873052612503,0.35835159786601045,0.7081809614905804,0.9922652674263827,52,0.35509968152023996
A2,none_r3,quantum,43,13,92,2630,889,0.678925379560226,0.678925379560226,0.6614332189335395,0.9723258284449096,0.5515604394470858,0.5472458515734184,0.44025280332348027,0.4544800705133809,52,0.20373108502765494,1.1491266441558925,1237.57,molecule,none,0.0,fixed,3,fixed,eig,0,"[0.000,3.142]",none,1,1,Z,ridge,1,1,adam,adjoint,100,24,0.8398533697795132,0.6687491314902007,2.842995607785949,0.008550363883730937,0.0,0.0,0.964458788512022,0.6637651222857174,0.9723258284449096,52,0.5515604394470858,0.6637651222857174,0.44025280332348027,0.9744459762569742,52,0.6550325867643931
A2,zz_fixed_r3,quantum,43,13,92,2630,889,0.5464785289760594,0.5464785289760594,0.502872940915407,0.9811316250738441,0.46514073873188344,0.4481211243046584,0.6062146949767231,0.6398436121690985,52,0.3607791657256111,2.131344636878154,1663.88,molecule,zz,0.1,fixed,3,fixed,eig,0,"[0.000,3.142]",none,1,1,Z,ridge,1,1,adam,adjoint,100,24,0.7144451852027474,0.45668824732862046,5.486185499567114,0.11967537176146749,0.1,0.06719368409052928,0.964458788512022,0.5379075743783046,0.9811316250738441,52,0.46514073873188344,0.5379075743783046,0.6062146949767231,0.9837559962942398,52,0.49946459862713066
A2,xy_shuffled_r3,quantum,43,13,116,2630,889,0.5752354273313268,0.5752354273313268,0.5360482383694486,0.9790208177337023,0.4989293785044452,0.45587405700398514,0.5745863424644417,0.6009052773169204,52,0.4858896151952128,2.3577226912104727,1753.8,molecule,xy,0.1,bytype_shuffled,3,bytype_shuffled,eig,0,"[0.000,3.142]",none,1,1,Z,ridge,1,1,adam,adjoint,100,24,0.8402437433161788,0.43197803420609554,6.988164941150481,0.012655503401964559,0.25799160961438344,0.33272584809427985,0.964458788512022,0.5713188348983588,0.9790208177337023,52,0.4989293785044452,0.5713188348983588,0.5745863424644417,0.9820781914008544,52,0.5282594489422832
A2,zz_bytype_r3,quantum,44,13,116,2595,924,0.3249114392391266,0.3249114392391266,0.31795693012780024,0.9921789373498033,0.29571649169539693,0.29410650109046715,0.7976525668804606,0.7944040423120634,51,0.7916294989587064,2.653489383694811,1681.19,molecule,zz,0.1,bytype,3,bytype,eig,0,"[0.000,3.142]",none,1,1,Z,ridge,1,1,adam,adjoint,100,24,0.762753242282238,0.1589352752652211,7.7206169479616955,0.10337180505116379,0.10246206673919149,0.5164314570004088,0.9669590785119642,0.32202644071646114,0.9921789373498033,51,0.29571649169539693,0.32202644071646114,0.7976525668804606,0.9924840796869903,51,0.31652573748668894
A2,krr_res,classical,44,13,2595,2595,924,0.5574979715252439,0.5574979715252439,0.5574979715252439,0.9776054810996904,0.4869713865489892,0.4869713865489892,0.6178912042090404,0.6178912042090404,51,,,,,,,,,,,,,,,,,,,,,,,,,,,,,,,0.5519402006923668,,,0.4869713865489892,,0.6178912042090404,,,
A2,krr_cos_cl,classical,44,13,2595,2595,924,0.7519280126018524,0.7519280126018524,0.7519280126018524,0.9628514892986133,0.647266089921158,0.647266089921158,0.40462500660265066,0.40462500660265066,51,,,,,,,,,,,,,,,,,,,,,,,,,,,,,,,0.757259234459783,,,0.647266089921158,,0.40462500660265066,,,
A2,ridge_raw_eig,classical,44,13,14,2595,924,0.7544691324969078,0.7544691324969078,0.7544691324969078,0.9630728379234743,0.6445068446740703,0.6445068446740703,0.40275958397575007,0.40275958397575007,51,,,,,,,,,,,,,,,,,,,,,,,,,,,,,,,0.7593528194121453,,,0.6445068446740703,,0.40275958397575007,,,
A2,composition,classical,44,13,0,2595,924,0.8663565625615726,0.8663565625615726,0.8663565625615726,0.9512584124586451,0.7405466647301654,0.7405466647301654,nan,nan,51,,,,,,,,,,,,,,,,,,,,,,,,,,,,,,,0.8696454593085323,,,0.7405466647301654,,nan,,,
A2,xy_bytype_r3,quantum,44,13,116,2595,924,0.3422162092180675,0.3422162092180675,0.3422254693249372,0.9906080963768555,0.3178702813474759,0.319633765060637,0.8009922158142919,0.8015677173738999,51,0.813019202001047,2.465691371739606,1768.38,molecule,xy,0.1,bytype,3,bytype,eig,0,"[0.000,3.142]",none,1,1,Z,ridge,1,1,adam,adjoint,100,24,0.8576488580263323,0.16036386787665438,7.174198137016254,0.019869507163593595,0.25783986909388584,0.4052315695003093,0.9669590785119642,0.33875065157201006,0.9906080963768555,51,0.3178702813474759,0.33875065157201006,0.8009922158142919,0.9906677033214798,51,0.34125635316989344
A2,none_r3,quantum,44,13,92,2595,924,0.7511848899310046,0.7511848899310046,0.7186339890709135,0.9631054751340986,0.6504804939327945,0.6197266493606775,0.4136575381391888,0.4155279086166181,51,0.10978032536452241,1.2619232793149224,1248.97,molecule,none,0.0,fixed,3,fixed,eig,0,"[0.000,3.142]",none,1,1,Z,ridge,1,1,adam,adjoint,100,24,0.8602451654104711,0.7658071712584522,3.0534898742206384,0.0035763811756626654,0.0,0.0,0.9669590785119642,0.753569988524933,0.9631054751340986,51,0.6504804939327945,0.753569988524933,0.4136575381391888,0.9658467633083958,51,0.7244828241174524
A2,zz_fixed_r3,quantum,44,13,92,2595,924,0.5949309252057711,0.5949309252057711,0.48681190264792573,0.9740948254376844,0.5235780372923602,0.43614777414005723,0.6245493217462414,0.698497288320063,51,0.3373038477875383,2.7042882055263213,1670.71,molecule,zz,0.1,fixed,3,fixed,eig,0,"[0.000,3.142]",none,1,1,Z,ridge,1,1,adam,adjoint,100,24,0.762753242282238,0.5054736387480186,6.81402524032214,0.18798726036506008,0.1,0.06719368409052928,0.9669590785119642,0.5895865036862292,0.9740948254376844,51,0.5235780372923602,0.5895865036862292,0.6245493217462414,0.9816917297365649,51,0.4823475585402956
A2,xy_shuffled_r3,quantum,44,13,116,2595,924,0.5706297388181526,0.5706297388181526,0.5348002481604395,0.97471983238682,0.5251616670617032,0.4971026665436821,0.6243192395953345,0.6473380119004719,51,0.47130644774719005,1.904223680727203,1770.46,molecule,xy,0.1,bytype_shuffled,3,bytype_shuffled,eig,0,"[0.000,3.142]",none,1,1,Z,ridge,1,1,adam,adjoint,100,24,0.8576488580263323,0.4534334213355075,5.540546614760212,0.8619652120763904,0.23439705706350078,0.34696900664150854,0.9669590785119642,0.5673384508634358,0.97471983238682,51,0.5251616670617032,0.5673384508634358,0.6243192395953345,0.9768858600708304,51,0.5308978019510856
A2,zz_bytype_r3,quantum,45,13,116,2647,872,0.3523366193145954,0.3523366193145954,0.3450213364336931,0.9929314607778862,0.3179062447447667,0.31459981688463934,0.7760588699640263,0.7794097093515475,54,0.7751004862945454,2.6166585328689194,1718.19,molecule,zz,0.1,bytype,3,bytype,eig,0,"[0.000,3.142]",none,1,1,Z,ridge,1,1,adam,adjoint,100,24,0.7431270905487316,0.16712892128575912,7.433481417350333,0.013422644571644583,0.08699269044465648,0.35310434728071644,0.9664321633182293,0.3504462125188479,0.9929314607778862,54,0.3179062447447667,0.3504462125188479,0.7760588699640263,0.9932252681738692,54,0.3458734375155834
A2,krr_res,classical,45,13,2647,2647,872,0.5823240515182253,0.5823240515182253,0.5823240515182253,0.9794069468223253,0.5093108158830267,0.5093108158830267,0.6212033094883372,0.6212033094883372,54,,,,,,,,,,,,,,,,,,,,,,,,,,,,,,,0.5730361584059113,,,0.5093108158830267,,0.6212033094883372,,,
A2,krr_cos_cl,classical,45,13,2647,2647,872,0.7351340573645345,0.7351340573645345,0.7351340573645345,0.9703743307422947,0.622988579452462,0.622988579452462,0.5278801900004864,0.5278801900004864,54,,,,,,,,,,,,,,,,,,,,,,,,,,,,,,,0.7322459679643252,,,0.622988579452462,,0.5278801900004864,,,
A2,ridge_raw_eig,classical,45,13,14,2647,872,0.775725473333165,0.775725473333165,0.775725473333165,0.9671465019305431,0.6692782534771143,0.6692782534771143,0.49869767676629634,0.49869767676629634,54,,,,,,,,,,,,,,,,,,,,,,,,,,,,,,,0.7788942687173702,,,0.6692782534771143,,0.49869767676629634,,,
A2,composition,classical,45,13,0,2647,872,0.9047191990558354,0.9047191990558354,0.9047191990558354,0.9549719313482538,0.7914920250081107,0.7914920250081107,nan,nan,54,,,,,,,,,,,,,,,,,,,,,,,,,,,,,,,0.9058728359360917,,,0.7914920250081107,,nan,,,
A2,xy_bytype_r3,quantum,45,13,116,2647,872,0.34536503085036835,0.34536503085036835,0.3460926239592634,0.9927705125869128,0.3075108691497877,0.3083595858216908,0.7947369970788182,0.7976756129126853,54,0.8162813625559026,2.415107244078284,1808.0,molecule,xy,0.1,bytype,3,bytype,eig,0,"[0.000,3.142]",none,1,1,Z,ridge,1,1,adam,adjoint,100,24,0.9265530674579545,0.17022506707302434,6.86090851911071,0.010312549526816315,0.2844309604708106,0.5411773078428157,0.9664321633182293,0.3394017402759704,0.9927705125869128,54,0.3075108691497877,0.3394017402759704,0.7947369970788182,0.9928840108861183,54,0.3387128416814056
A2,none_r3,quantum,45,13,92,2647,872,0.7525725419721508,0.7525725419721508,0.753788285121954,0.9685661940933591,0.6400484268222966,0.6373281216727046,0.5070695002796837,0.5072136715217483,54,0.1973590208018127,2.016131544956188,1276.0,molecule,none,0.0,fixed,3,fixed,eig,0,"[0.000,3.142]",none,1,1,Z,ridge,1,1,adam,adjoint,100,24,0.9029302248701063,0.7247287998373816,4.739787773856834,0.014580369330858137,0.0,0.0,0.9664321633182293,0.7512253822981176,0.9685661940933591,54,0.6400484268222966,0.7512253822981176,0.5070695002796837,0.9690461301737903,54,0.7508652762808113
A2,zz_fixed_r3,quantum,45,13,92,2647,872,0.6144746829143605,0.6144746829143605,0.5319650743139211,0.9779497985718729,0.5287540621699287,0.4598837074553932,0.7108542025753106,0.7158482040822222,54,0.3354673089976789,2.953598987084885,1717.04,molecule,zz,0.1,fixed,3,fixed,eig,0,"[0.000,3.142]",none,1,1,Z,ridge,1,1,adam,adjoint,100,24,0.7431270905487316,0.49383224523907415,7.239069699233974,0.07063068405428809,0.1,0.06719368409052928,0.9664321633182293,0.6175244414892764,0.9779497985718729,54,0.5287540621699287,0.6175244414892764,0.7108542025753106,0.9828399941239014,54,0.5309495584131033
A2,xy_shuffled_r3,quantum,45,13,116,2647,872,0.5654021886391867,0.5654021886391867,0.5310800076369729,0.9813604269381655,0.5021358982438716,0.47865351498681485,0.6763910663966526,0.6883425788575804,54,0.5784375988772866,1.7945190151284134,1810.17,molecule,xy,0.1,bytype_shuffled,3,bytype_shuffled,eig,0,"[0.000,3.142]",none,1,1,Z,ridge,1,1,adam,adjoint,100,24,0.9265530674579545,0.3905999358851907,5.097923013062523,0.11291977657625743,0.14277258299921022,0.440793052898011,0.9664321633182293,0.5705549094573403,0.9813604269381655,54,0.5021358982438716,0.5705549094573403,0.6763910663966526,0.9818769018855393,54,0.5316099023018908
A2,zz_bytype_r3,quantum,46,13,116,2665,854,0.3610368323719417,0.3610368323719417,0.34744719981319944,0.9912771318795804,0.30550132538715824,0.29847893134107534,0.8018087451090345,0.8016471217143137,56,0.727207455824071,2.360049941726571,1739.7,molecule,zz,0.1,bytype,3,bytype,eig,0,"[0.000,3.142]",none,1,1,Z,ridge,1,1,adam,adjoint,100,24,0.6592636937836915,0.17984222031007382,7.387838051953082,0.01682508848378695,0.0726356346240515,0.3643769737381604,0.961045750896486,0.3479687496060095,0.9912771318795804,56,0.30550132538715824,0.3479687496060095,0.8018087451090345,0.99357551546495,56,0.33942331355421684
A2,krr_res,classical,46,13,2665,2665,854,0.5890707401780836,0.5890707401780836,0.5890707401780836,0.9833257852109668,0.5205467165997562,0.5205467165997562,0.5668968046134474,0.5668968046134474,56,,,,,,,,,,,,,,,,,,,,,,,,,,,,,,,0.5833995544849717,,,0.5205467165997562,,0.5668968046134474,,,
A2,krr_cos_cl,classical,46,13,2665,2665,854,0.6793603183634368,0.6793603183634368,0.6793603183634368,0.9799903132731712,0.5777724121068947,0.5777724121068947,0.39574776892211,0.39574776892211,56,,,,,,,,,,,,,,,,,,,,,,,,,,,,,,,0.6809093343788379,,,0.5777724121068947,,0.39574776892211,,,
A2,ridge_raw_eig,classical,46,13,14,2665,854,0.6993907217441566,0.6993907217441566,0.6993907217441566,0.9671409590444896,0.569233701086313,0.569233701086313,0.3912910556014056,0.3912910556014056,56,,,,,,,,,,,,,,,,,,,,,,,,,,,,,,,0.6768129609918714,,,0.569233701086313,,0.3912910556014056,,,
A2,composition,classical,46,13,0,2665,854,0.8321144374273275,0.8321144374273275,0.8321144374273275,0.9706696739264669,0.7081330938327535,0.7081330938327535,nan,nan,56,,,,,,,,,,,,,,,,,,,,,,,,,,,,,,,0.8393088734620164,,,0.7081330938327535,,nan,,,
A2,xy_bytype_r3,quantum,46,13,116,2665,854,0.34010647091172524,0.34010647091172524,0.33223611545299253,0.9915891479864037,0.28228639170844405,0.2785169189255455,0.8196217650524236,0.8189405955118784,56,0.7598874547723015,1.9377252017866786,1850.16,molecule,xy,0.1,bytype,3,bytype,eig,0,"[0.000,3.142]",none,1,1,Z,ridge,1,1,adam,adjoint,100,24,0.710590299860522,0.17062164551362344,6.065803831894781,0.03561447218783679,0.2539653084096999,0.413433831347338,0.961045750896486,0.3250270808318673,0.9915891479864037,56,0.28228639170844405,0.3250270808318673,0.8196217650524236,0.9937582207592669,56,0.3218486141974415
A2,none_r3,quantum,46,13,92,2665,854,0.7183094540384637,0.7183094540384637,0.6661815421574189,0.9561942424201939,0.5714961507397038,0.560339259576884,0.39202520772223076,0.4339737120910151,56,0.13327869471812967,1.4135720853174345,1292.64,molecule,none,0.0,fixed,3,fixed,eig,0,"[0.000,3.142]",none,1,1,Z,ridge,1,1,adam,adjoint,100,24,0.7957285781991689,0.6896749119468705,3.7325026846346123,0.007142983669271331,0.0,0.0,0.961045750896486,0.6853842464577024,0.9561942424201939,56,0.5714961507397038,0.6853842464577024,0.39202520772223076,0.9811509416381322,56,0.6671377966824963
A2,zz_fixed_r3,quantum,46,13,92,2665,854,0.5544765057282132,0.5544765057282132,0.5335442492058411,0.9820974855202859,0.4607577086148626,0.45220592589284364,0.672086248522871,0.6736947647662225,56,0.3263121122879964,2.1392573801752848,1743.78,molecule,zz,0.1,fixed,3,fixed,eig,0,"[0.000,3.142]",none,1,1,Z,ridge,1,1,adam,adjoint,100,24,0.6592636937836915,0.4441379653103483,5.862582780389428,0.15874248441579472,0.1,0.06719368409052928,0.961045750896486,0.5314929935739665,0.9820974855202859,56,0.4607577086148626,0.5314929935739665,0.672086248522871,0.9861688569785501,56,0.5238592340991467
A2,xy_shuffled_r3,quantum,46,13,116,2665,854,0.5150753930870867,0.5150753930870867,0.47951793835943357,0.9828306380754064,0.4493080403592963,0.42821731094269117,0.6519241955791871,0.6466999868304272,56,0.4954547933654739,1.9687829593893433,1834.57,molecule,xy,0.1,bytype_shuffled,3,bytype_shuffled,eig,0,"[0.000,3.142]",none,1,1,Z,ridge,1,1,adam,adjoint,100,24,0.710590299860522,0.35852492967561694,6.163026216628487,0.05020374257467881,0.4033614083131904,0.41780794290999085,0.961045750896486,0.493313676025646,0.9828306380754064,56,0.4493080403592963,0.493313676025646,0.6519241955791871,0.9887415363146645,56,0.4748204108130777
A2,zz_bytype_r3,quantum,47,13,116,2642,877,0.3108001018280006,0.3108001018280006,0.30804235855434636,0.9943167566415764,0.2795064915657066,0.28016762201802314,0.812398287849619,0.8219416989150508,55,0.7787333061345573,2.5671373327079654,1740.91,molecule,zz,0.1,bytype,3,bytype,eig,0,"[0.000,3.142]",none,1,1,Z,ridge,1,1,adam,adjoint,100,24,0.7547012762983023,0.16699025626255537,7.606907446702937,0.022879727878980443,0.26345946704703965,0.3949695096591657,0.965128162743921,0.3047077830568273,0.9943167566415764,55,0.2795064915657066,0.3047077830568273,0.812398287849619,0.9946932962387426,55,0.304241170291387
A2,krr_res,classical,47,13,2642,2642,877,0.5497219601396837,0.5497219601396837,0.5497219601396837,0.9838329223801169,0.48800085801655685,0.48800085801655685,0.6359794346806159,0.6359794346806159,55,,,,,,,,,,,,,,,,,,,,,,,,,,,,,,,0.5429664670012339,,,0.48800085801655685,,0.6359794346806159,,,
A2,krr_cos_cl,classical,47,13,2642,2642,877,0.7001530360050866,0.7001530360050866,0.7001530360050866,0.9755400227827306,0.6031636320865196,0.6031636320865196,0.5219085435112129,0.5219085435112129,55,,,,,,,,,,,,,,,,,,,,,,,,,,,,,,,0.6999601476862436,,,0.6031636320865196,,0.5219085435112129,,,
A2,ridge_raw_eig,classical,47,13,14,2642,877,0.7598380075934038,0.7598380075934038,0.7598380075934038,0.9714137343774316,0.6460291680946261,0.6460291680946261,0.5067600136839303,0.5067600136839303,55,,,,,,,,,,,,,,,,,,,,,,,,,,,,,,,0.7609241776921705,,,0.6460291680946261,,0.5067600136839303,,,
A2,composition,classical,47,13,0,2642,877,0.9022438077411172,0.9022438077411172,0.9022438077411172,0.9601984133619772,0.7747553758370738,0.7747553758370738,nan,nan,55,,,,,,,,,,,,,,,,,,,,,,,,,,,,,,,0.9051239696005916,,,0.7747553758370738,,nan,,,
A2,xy_bytype_r3,quantum,47,13,116,2642,877,0.3284009656206547,0.3284009656206547,0.3258263751985587,0.9938901522839128,0.28953000497480036,0.28780239552944265,0.8032216967762954,0.7962705996070256,55,0.7696571573569359,2.3029421877350025,1825.78,molecule,xy,0.1,bytype,3,bytype,eig,0,"[0.000,3.142]",none,1,1,Z,ridge,1,1,adam,adjoint,100,24,0.757804739802354,0.17455489793446174,6.824047881664538,0.0315608268894834,0.16307505002334455,0.42731395067162903,0.965128162743921,0.32677737655983324,0.9938901522839128,55,0.28953000497480036,0.32677737655983324,0.8032216967762954,0.9940277395911049,55,0.32409655960371847
A2,none_r3,quantum,47,13,92,2642,877,0.7409676897089893,0.7409676897089893,0.6745147342887474,0.9720068420928492,0.6289958038666835,0.5867706732877219,0.5218805695568661,0.519137061993659,55,0.12731055452198756,1.1519705760906367,1286.93,molecule,none,0.0,fixed,3,fixed,eig,0,"[0.000,3.142]",none,1,1,Z,ridge,1,1,adam,adjoint,100,24,0.8239817523269906,0.7190801785222424,2.849155977936079,0.010471584690719371,0.0,0.0,0.965128162743921,0.725952119661256,0.9720068420928492,55,0.6289958038666835,0.725952119661256,0.5218805695568661,0.9770190016166445,55,0.6724773546696999
A2,zz_fixed_r3,quantum,47,13,92,2642,877,0.6094649498925965,0.6094649498925965,0.5920128318707202,0.9802199278759113,0.5306189592780052,0.5110825588271255,0.6322200209130889,0.6338804933894354,55,0.33937609104300126,2.145338213514121,1756.52,molecule,zz,0.1,fixed,3,fixed,eig,0,"[0.000,3.142]",none,1,1,Z,ridge,1,1,adam,adjoint,100,24,0.7547012762983023,0.4985737072430204,5.520574897914068,0.04954509897555135,0.1,0.06719368409052928,0.965128162743921,0.6005284732493499,0.9802199278759113,55,0.5306189592780052,0.6005284732493499,0.6322200209130889,0.9815578430740934,55,0.5880111739486639
A2,xy_shuffled_r3,quantum,47,13,116,2642,877,0.5572473377497013,0.5572473377497013,0.5212785582276404,0.983210660854826,0.4927259726626623,0.45920615427512373,0.6591677281592166,0.688754013813873,55,0.4848097872301365,2.5397524474837376,1841.3,molecule,xy,0.1,bytype_shuffled,3,bytype_shuffled,eig,0,"[0.000,3.142]",none,1,1,Z,ridge,1,1,adam,adjoint,100,24,0.757804739802354,0.39041358513678576,7.525760916408221,0.05556282258621756,0.48721445756479526,0.6890566346831289,0.965128162743921,0.5455306376447802,0.983210660854826,55,0.4927259726626623,0.5455306376447802,0.6591677281592166,0.985406725089149,55,0.5131278549957344
A2,zz_bytype_r3,quantum,48,13,116,2609,910,0.3500839536717183,0.3500839536717183,0.32929394043847793,0.9923314852307812,0.30713217440845625,0.2962835680607516,0.7773478468198886,0.7591820739490329,47,0.7359204194825083,1.9416474370110568,1726.38,molecule,zz,0.1,bytype,3,bytype,eig,0,"[0.000,3.142]",none,1,1,Z,ridge,1,1,adam,adjoint,100,24,0.62536976871931,0.16514738619171618,5.882680794845278,0.07687797436499849,0.2075550908250213,0.43099064207894977,0.9636864545010424,0.33655554719840314,0.9923314852307812,47,0.30713217440845625,0.33655554719840314,0.7773478468198886,0.9939275989268521,47,0.3261278538372297
A2,krr_res,classical,48,13,2609,2609,910,0.5522840762979924,0.5522840762979924,0.5522840762979924,0.9828738472415164,0.4988578119161966,0.4988578119161966,0.6250650588037521,0.6250650588037521,47,,,,,,,,,,,,,,,,,,,,,,,,,,,,,,,0.5423326883923942,,,0.4988578119161966,,0.6250650588037521,,,
A2,krr_cos_cl,classical,48,13,2609,2609,910,0.6998526771323313,0.6998526771323313,0.6998526771323313,0.974911863713234,0.605478467723189,0.605478467723189,0.46324800087750423,0.46324800087750423,47,,,,,,,,,,,,,,,,,,,,,,,,,,,,,,,0.696209594582067,,,0.605478467723189,,0.46324800087750423,,,
A2,ridge_raw_eig,classical,48,13,14,2609,910,0.7508823748293609,0.7508823748293609,0.7508823748293609,0.9579249247427906,0.6362907106553872,0.6362907106553872,0.41311697562095157,0.41311697562095157,47,,,,,,,,,,,,,,,,,,,,,,,,,,,,,,,0.7324633689026459,,,0.6362907106553872,,0.41311697562095157,,,
A2,composition,classical,48,13,0,2609,910,0.8448849222468405,0.8448849222468405,0.8448849222468405,0.9643228291003444,0.7515212451411863,0.7515212451411863,nan,nan,47,,,,,,,,,,,,,,,,,,,,,,,,,,,,,,,0.8448252661347623,,,0.7515212451411863,,nan,,,
A2,xy_bytype_r3,quantum,48,13,116,2609,910,0.36448909898886284,0.36448909898886284,0.35789144811326834,0.9917963282655043,0.33087882572904237,0.3222076568793163,0.779688974755026,0.7851585007082752,47,0.7605927847309656,2.5095533680293682,1828.89,molecule,xy,0.1,bytype,3,bytype,eig,0,"[0.000,3.142]",none,1,1,Z,ridge,1,1,adam,adjoint,100,24,0.780840411342541,0.18693882844904514,7.603286322913206,0.024075861186222233,0.33632656433001,0.6930563457146172,0.9636864545010424,0.35494215014930175,0.9917963282655043,47,0.33087882572904237,0.35494215014930175,0.779688974755026,0.9920740230486453,47,0.34764882122108315
A2,none_r3,quantum,48,13,92,2609,910,0.7648984867260684,0.7648984867260684,0.7258671463712999,0.9340088383317282,0.6287742158335186,0.6195345858330528,0.43547272867855036,0.4642591689383532,47,0.1306560993773476,0.8976034154520927,1293.56,molecule,none,0.0,fixed,3,fixed,eig,0,"[0.000,3.142]",none,1,1,Z,ridge,1,1,adam,adjoint,100,24,0.7938393489367923,0.6901193960724579,2.2797680750490374,0.02434989089166252,0.0,0.0,0.9636864545010424,0.7157903999627063,0.9340088383317282,47,0.6287742158335186,0.7157903999627063,0.43547272867855036,0.969577099089295,47,0.7118399997113894
A2,zz_fixed_r3,quantum,48,13,92,2609,910,0.5790399233071597,0.5790399233071597,0.5026507209740824,0.9636890404140465,0.4872862941754584,0.4541721066822648,0.654430802374672,0.6697678953371499,47,0.27835335536654854,2.299237359681253,1735.6,molecule,zz,0.1,fixed,3,fixed,eig,0,"[0.000,3.142]",none,1,1,Z,ridge,1,1,adam,adjoint,100,24,0.62536976871931,0.45129599525148767,6.069616231925574,0.28459993212714785,0.1,0.06719368409052928,0.9636864545010424,0.5408248929577509,0.9636890404140465,47,0.4872862941754584,0.5408248929577509,0.654430802374672,0.9854718281629711,47,0.4978540398442524
A2,xy_shuffled_r3,quantum,48,13,116,2609,910,0.49839589535645157,0.49839589535645157,0.49503059705726704,0.9832825102302847,0.4604800258576538,0.45313665170623113,0.6946026552939392,0.6814972046356985,47,0.5410827398113892,2.8508605253916928,1820.79,molecule,xy,0.1,bytype_shuffled,3,bytype_shuffled,eig,0,"[0.000,3.142]",none,1,1,Z,ridge,1,1,adam,adjoint,100,24,0.780840411342541,0.3583411422178668,8.637357195661021,0.02677645621036106,0.5688123325684109,0.7002234306468843,0.9636864545010424,0.48784509317047375,0.9832825102302847,47,0.4604800258576538,0.48784509317047375,0.6946026552939392,0.9861416009184096,47,0.4928831405783409
A2,zz_bytype_r3,quantum,49,13,116,2650,869,0.34563152782421386,0.34563152782421386,0.3403621989532774,0.9928445602314945,0.306654882487936,0.30435183121710196,0.7255361204041747,0.7310426536180004,56,0.8062172648545616,2.656400413350275,1753.86,molecule,zz,0.1,bytype,3,bytype,eig,0,"[0.000,3.142]",none,1,1,Z,ridge,1,1,adam,adjoint,100,24,0.7752308569114433,0.1502263558214415,8.022134921946906,0.011528072729645681,0.17792117196726506,0.7941857839507384,0.9651903158678264,0.3395474440697774,0.9928445602314945,56,0.306654882487936,0.3395474440697774,0.7255361204041747,0.9931040032228743,56,0.33499054178393545
A2,krr_res,classical,49,13,2650,2650,869,0.5648801266388492,0.5648801266388492,0.5648801266388492,0.981257416853019,0.5074213581581583,0.5074213581581583,0.5785044646211598,0.5785044646211598,56,,,,,,,,,,,,,,,,,,,,,,,,,,,,,,,0.5575751817618866,,,0.5074213581581583,,0.5785044646211598,,,
A2,krr_cos_cl,classical,49,13,2650,2650,869,0.7193229582003573,0.7193229582003573,0.7193229582003573,0.9726968829242754,0.5972457027777168,0.5972457027777168,0.3799143092185843,0.3799143092185843,56,,,,,,,,,,,,,,,,,,,,,,,,,,,,,,,0.7200078096322019,,,0.5972457027777168,,0.3799143092185843,,,
A2,ridge_raw_eig,classical,49,13,14,2650,869,0.759121030666331,0.759121030666331,0.759121030666331,0.9691616596414407,0.6301927530351521,0.6301927530351521,0.3855194050774892,0.3855194050774892,56,,,,,,,,,,,,,,,,,,,,,,,,,,,,,,,0.7565725552806843,,,0.6301927530351521,,0.3855194050774892,,,
A2,composition,classical,49,13,0,2650,869,0.8557516780961304,0.8557516780961304,0.8557516780961304,0.9595785389703069,0.7334423380138448,0.7334423380138448,nan,nan,56,,,,,,,,,,,,,,,,,,,,,,,,,,,,,,,0.8594303716010914,,,0.7334423380138448,,nan,,,
A2,xy_bytype_r3,quantum,49,13,116,2650,869,0.3458014782866816,0.3458014782866816,0.32023470059103054,0.9922452993946755,0.30315373198944945,0.2894112695322136,0.7260335957545951,0.7291279340449319,56,0.8210070800950371,2.562371538169026,1867.08,molecule,xy,0.1,bytype,3,bytype,eig,0,"[0.000,3.142]",none,1,1,Z,ridge,1,1,adam,adjoint,100,24,0.8829311771191362,0.15803842946768026,7.738174597489818,0.009863260866540824,0.3013646873770196,0.6653317455242455,0.9651903158678264,0.34156777127121235,0.9922452993946755,56,0.30315373198944945,0.34156777127121235,0.7260335957545951,0.9933979174167118,56,0.3175565183334365
A2,none_r3,quantum,49,13,92,2650,869,0.7871497020771231,0.7871497020771231,0.7414634323593386,0.9672654277754658,0.653313623046115,0.6022368199561258,0.36339201587455205,0.4097317768580153,56,0.11032642988464932,1.2598151128001351,1306.88,molecule,none,0.0,fixed,3,fixed,eig,0,"[0.000,3.142]",none,1,1,Z,ridge,1,1,adam,adjoint,100,24,0.8758677396415637,0.7792363788757725,3.187368640794088,0.0008055131337205354,0.0,0.0,0.9651903158678264,0.7883279212103024,0.9672654277754658,56,0.653313623046115,0.7883279212103024,0.36339201587455205,0.9714333420128289,56,0.7410129811265317
A2,zz_fixed_r3,quantum,49,13,92,2650,869,0.6187582079406839,0.6187582079406839,0.5234760057041499,0.9781798847089517,0.5171130549433237,0.45995285133439934,0.5932671074981416,0.6396938588213271,56,0.3476538708927617,2.3368550977489027,1765.08,molecule,zz,0.1,fixed,3,fixed,eig,0,"[0.000,3.142]",none,1,1,Z,ridge,1,1,adam,adjoint,100,24,0.7752308569114433,0.5057188486706674,6.145996436168992,0.07424999733956145,0.1,0.06719368409052928,0.9651903158678264,0.6139975543075238,0.9781798847089517,56,0.5171130549433237,0.6139975543075238,0.5932671074981416,0.9840095214008873,56,0.5193690584273432
A2,xy_shuffled_r3,quantum,49,13,116,2650,869,0.572691058475906,0.572691058475906,0.5567807388518182,0.9808671162277106,0.4748090646565315,0.47010280789312003,0.6222599457376455,0.6098873072889875,56,0.48890549023123925,1.8820502718090169,1850.39,molecule,xy,0.1,bytype_shuffled,3,bytype_shuffled,eig,0,"[0.000,3.142]",none,1,1,Z,ridge,1,1,adam,adjoint,100,24,0.8829311771191362,0.4512612771292598,5.683654141318618,0.03614776909195032,0.22641747941340865,0.24634253595374334,0.9651903158678264,0.5626071953553636,0.9808671162277106,56,0.4748090646565315,0.5626071953553636,0.6222599457376455,0.9825139163046002,56,0.5497878421103163
A2,zz_bytype_r3,quantum,50,13,116,2691,828,0.34225454953413,0.34225454953413,0.3402656264524589,0.993269050675342,0.3013463539116971,0.3002090135124609,0.7434958726950488,0.7495528130478568,54,0.7960356685631288,1.879432860878154,1772.66,molecule,zz,0.1,bytype,3,bytype,eig,0,"[0.000,3.142]",none,1,1,Z,ridge,1,1,adam,adjoint,100,24,0.7707620405494207,0.15720796429758127,5.950742453240034,0.014346282858201434,0.30706238699673144,0.4112990906869201,0.9636152629419746,0.34059029996081375,0.993269050675342,54,0.3013463539116971,0.34059029996081375,0.7434958726950488,0.9933492730428214,54,0.3395587190733702
A2,krr_res,classical,50,13,2691,2691,828,0.5311813778560239,0.5311813778560239,0.5311813778560239,0.9842622337294924,0.4668157750618175,0.4668157750618175,0.5904264318850418,0.5904264318850418,54,,,,,,,,,,,,,,,,,,,,,,,,,,,,,,,0.5212898396656406,,,0.4668157750618175,,0.5904264318850418,,,
A2,krr_cos_cl,classical,50,13,2691,2691,828,0.7023068821116166,0.7023068821116166,0.7023068821116166,0.9746977900992635,0.5810223849858085,0.5810223849858085,0.46424628013165825,0.46424628013165825,54,,,,,,,,,,,,,,,,,,,,,,,,,,,,,,,0.7016837061145834,,,0.5810223849858085,,0.46424628013165825,,,
A2,ridge_raw_eig,classical,50,13,14,2691,828,0.7101766242106906,0.7101766242106906,0.7101766242106906,0.9742485492797142,0.5857876234391345,0.5857876234391345,0.45029601040480705,0.45029601040480705,54,,,,,,,,,,,,,,,,,,,,,,,,,,,,,,,0.710295785466122,,,0.5857876234391345,,0.45029601040480705,,,
A2,composition,classical,50,13,0,2691,828,0.8318895190067734,0.8318895190067734,0.8318895190067734,0.9646538110156385,0.7106644296188452,0.7106644296188452,nan,nan,54,,,,,,,,,,,,,,,,,,,,,,,,,,,,,,,0.8354138836521973,,,0.7106644296188452,,nan,,,
A2,xy_bytype_r3,quantum,50,13,116,2691,828,0.3288167844953861,0.3288167844953861,0.3267224703375375,0.9936026536782933,0.28223659698484166,0.28192460835773303,0.7571106779192209,0.7547185970841396,54,0.7808299755718928,2.255626143593311,1865.39,molecule,xy,0.1,bytype,3,bytype,eig,0,"[0.000,3.142]",none,1,1,Z,ridge,1,1,adam,adjoint,100,24,0.705109727987962,0.15453891630761762,7.141862064201199,0.01272642579107351,0.21852746025703773,0.3943489449687061,0.9636152629419746,0.3261430944509352,0.9936026536782933,54,0.28223659698484166,0.3261430944509352,0.7571106779192209,0.993724504666733,54,0.32535486812414505
A2,none_r3,quantum,50,13,92,2691,828,0.7336921212203248,0.7336921212203248,0.6648074756041102,0.9725489503393603,0.5963796994937653,0.5393880476593215,0.497365510533215,0.4996806061986963,54,0.07065367105095391,1.1247570337683332,1324.38,molecule,none,0.0,fixed,3,fixed,eig,0,"[0.000,3.142]",none,1,1,Z,ridge,1,1,adam,adjoint,100,24,0.8299203231637797,0.7712834056524647,3.010238707482106,0.0013875148024572379,0.0,0.0,0.9636152629419746,0.7306287929501638,0.9725489503393603,54,0.5963796994937653,0.7306287929501638,0.497365510533215,0.9769148539719835,54,0.6606501378189067
A2,zz_fixed_r3,quantum,50,13,92,2691,828,0.5478580721523109,0.5478580721523109,0.4832584192442606,0.9817970250045088,0.4786970390110331,0.40478464238204326,0.6133015153289986,0.6691384447958922,54,0.3836726906943029,2.356078973905875,1780.78,molecule,zz,0.1,fixed,3,fixed,eig,0,"[0.000,3.142]",none,1,1,Z,ridge,1,1,adam,adjoint,100,24,0.7707620405494207,0.47504169456679307,6.541289846650577,0.03708930788095799,0.1,0.06719368409052928,0.9636152629419746,0.539879220669263,0.9817970250045088,54,0.4786970390110331,0.539879220669263,0.6133015153289986,0.9860081767985032,54,0.47384563713971506
A2,xy_shuffled_r3,quantum,50,13,116,2691,828,0.5480029779625727,0.5480029779625727,0.5320437793203443,0.981745806328764,0.4718322589900789,0.4662034351640141,0.6045798542211915,0.6022777786112342,54,0.39820181065187515,2.244187632060342,1864.55,molecule,xy,0.1,bytype_shuffled,3,bytype_shuffled,eig,0,"[0.000,3.142]",none,1,1,Z,ridge,1,1,adam,adjoint,100,24,0.705109727987962,0.4243337575949044,7.105644949135268,0.019999238237189052,0.30049012479083254,0.35111103388481485,0.9636152629419746,0.545455601089149,0.981745806328764,54,0.4718322589900789,0.545455601089149,0.6045798542211915,0.983036427850578,54,0.5289478898992772
A2,zz_bytype_r3,quantum,51,13,116,2631,888,0.33561293466745423,0.33561293466745423,0.33125421058563975,0.9922048325938513,0.3015892631020055,0.30362791716884807,0.8224745912742503,0.8201758105061131,46,0.7714198202406656,2.100581151205947,1737.44,molecule,zz,0.1,bytype,3,bytype,eig,0,"[0.000,3.142]",none,1,1,Z,ridge,1,1,adam,adjoint,100,24,0.7107254789908141,0.1624577577472593,7.270289935646504,0.02547178682832782,0.30066194593787926,0.5124938301477556,0.9651210986367482,0.3287693388417158,0.9922048325938513,46,0.3015892631020055,0.3287693388417158,0.8224745912742503,0.9928746663163472,46,0.32678620872833297
A2,krr_res,classical,51,13,2631,2631,888,0.5682042212136588,0.5682042212136588,0.5682042212136588,0.9804315730706675,0.49787705760950035,0.49787705760950035,0.6165823087790576,0.6165823087790576,46,,,,,,,,,,,,,,,,,,,,,,,,,,,,,,,0.5684007487990268,,,0.49787705760950035,,0.6165823087790576,,,
A2,krr_cos_cl,classical,51,13,2631,2631,888,0.6830527932793469,0.6830527932793469,0.6830527932793469,0.9741964266557056,0.5908702514698536,0.5908702514698536,0.46315997484087307,0.46315997484087307,46,,,,,,,,,,,,,,,,,,,,,,,,,,,,,,,0.6841324749108992,,,0.5908702514698536,,0.46315997484087307,,,
A2,ridge_raw_eig,classical,51,13,14,2631,888,0.7199998646166248,0.7199998646166248,0.7199998646166248,0.970928996452968,0.622039369589539,0.622039369589539,0.45791987112500504,0.45791987112500504,46,,,,,,,,,,,,,,,,,,,,,,,,,,,,,,,0.7180711773236176,,,0.622039369589539,,0.45791987112500504,,,
A2,composition,classical,51,13,0,2631,888,0.8360176066246746,0.8360176066246746,0.8360176066246746,0.9595314591758578,0.7327230205941556,0.7327230205941556,nan,nan,46,,,,,,,,,,,,,,,,,,,,,,,,,,,,,,,0.8369707627251328,,,0.7327230205941556,,nan,,,
A2,xy_bytype_r3,quantum,51,13,116,2631,888,0.3573204369746736,0.3573204369746736,0.3533208859206384,0.99184209178404,0.3195312859691592,0.3147752596681337,0.7786470208324711,0.7758548512190102,46,0.7901396337325702,2.265609018526142,1836.06,molecule,xy,0.1,bytype,3,bytype,eig,0,"[0.000,3.142]",none,1,1,Z,ridge,1,1,adam,adjoint,100,24,0.8710458702993343,0.1827980053767504,7.841465413532903,0.0214393631848233,0.3534663407563494,0.6598440883306993,0.9651210986367482,0.3527096725361177,0.99184209178404,46,0.3195312859691592,0.3527096725361177,0.7786470208324711,0.9920398688364835,46,0.3491359439255435
A2,none_r3,quantum,51,13,92,2631,888,0.7175418598990813,0.7175418598990813,0.6896677505671495,0.971072261411739,0.6200095742273228,0.6022530506161841,0.4423760019120494,0.45072194483367684,46,0.1437295651163275,1.2649335608366765,1286.38,molecule,none,0.0,fixed,3,fixed,eig,0,"[0.000,3.142]",none,1,1,Z,ridge,1,1,adam,adjoint,100,24,0.8497367017472388,0.7276044151417257,3.758354230096857,0.05648851909918088,0.0,0.0,0.9651210986367482,0.7181249520158657,0.971072261411739,46,0.6200095742273228,0.7181249520158657,0.4423760019120494,0.9733362447930758,46,0.6900380463897314
A2,zz_fixed_r3,quantum,51,13,92,2631,888,0.5556560313154113,0.5556560313154113,0.554497555438124,0.9808933962857913,0.5014289600076177,0.5049079565326805,0.6293587131037572,0.6379179898240883,46,0.3407053039044677,1.8984205745053122,1743.69,molecule,zz,0.1,fixed,3,fixed,eig,0,"[0.000,3.142]",none,1,1,Z,ridge,1,1,adam,adjoint,100,24,0.7107254789908141,0.4685775386786004,5.830404706429201,0.06552167664417503,0.1,0.06719368409052928,0.9651210986367482,0.5507068087986642,0.9808933962857913,46,0.5014289600076177,0.5507068087986642,0.6293587131037572,0.9806758310464009,46,0.5473239076963372
A2,xy_shuffled_r3,quantum,51,13,116,2631,888,0.5528415689752508,0.5528415689752508,0.4954635122579663,0.9799382442121995,0.4930591846573251,0.45291636773015836,0.6282769298617278,0.6463996553408393,46,0.49181666338236285,2.0798130119000664,1818.21,molecule,xy,0.1,bytype_shuffled,3,bytype_shuffled,eig,0,"[0.000,3.142]",none,1,1,Z,ridge,1,1,adam,adjoint,100,24,0.8710458702993343,0.44265099671572933,7.198409640000243,0.019199760920926068,0.25930009295849515,0.6887334065909116,0.9651210986367482,0.5381985029599871,0.9799382442121995,46,0.4930591846573251,0.5381985029599871,0.6282769298617278,0.9846798192908169,46,0.4916204203601731
