config,arm,kind,seed,n_qubits,n_params,n_train,n_test,mae,mae_ridge,mae_krr,r2,isomer_mae,isomer_mae_krr,isomer_rho,isomer_rho_krr,n_isomer_groups,loss_drop,param_shift_rel,time_s,split,entangler,alpha,alpha_mode,n_rounds,bond_param_mode,encode_source,drop_q0,angle_range,rz_source,n_reupload,observable,readout,use_cnot,scaler,optimizer,diff_method,epochs,n_types,loss_first,loss_last,param_shift,grad_norm_last,alpha_mean,angle_max,comp_r2,isomer_mae_tr,r2_ridge,n_isomer_groups_ridge,isomer_mae_ridge,isomer_mae_tr_ridge,isomer_rho_ridge,r2_krr,n_isomer_groups_krr,isomer_mae_tr_krr
A2,zz_bytype_r3,quantum,42,13,116,2653,866,0.3435427733111628,0.3435427733111628,0.3253709760860879,0.9894618339255712,0.29793107660796614,0.29454573930378297,0.7692987037114981,0.7970852808110642,55,0.7994156433355496,3.4714407447196147,1671.02,molecule,zz,0.1,bytype,3,bytype,eig,0,"[0.000,3.142]",none,1,Z,ridge,1,1,adam,adjoint,100,24,0.8397280302898862,0.16843630672880297,8.835771073764061,0.012413300673880889,0.25603925041168624,0.9789719073073138,0.9657280253532537,0.3316554135757202,0.9894618339255712,55,0.29793107660796614,0.3316554135757202,0.7692987037114981,0.9920445606421456,55,0.321450978280514
A2,krr_res,classical,42,13,2653,2653,866,0.5526030636163409,0.5526030636163409,0.5526030636163409,0.979694542248023,0.48955536088754875,0.48955536088754875,0.5976257586998526,0.5976257586998526,55,,,,,,,,,,,,,,,,,,,,,,,,,,,,,,0.544626588983698,,,0.48955536088754875,,0.5976257586998526,,,
A2,krr_cos_cl,classical,42,13,2653,2653,866,0.631840743280728,0.631840743280728,0.631840743280728,0.9727716870145521,0.556888620214208,0.556888620214208,0.5114298846727817,0.5114298846727817,55,,,,,,,,,,,,,,,,,,,,,,,,,,,,,,0.6285713325410561,,,0.556888620214208,,0.5114298846727817,,,
A2,ridge_raw_eig,classical,42,13,14,2653,866,0.6856479542318024,0.6856479542318024,0.6856479542318024,0.9633225265524472,0.5846758254481627,0.5846758254481627,0.48950217320518546,0.48950217320518546,55,,,,,,,,,,,,,,,,,,,,,,,,,,,,,,0.6589868141042786,,,0.5846758254481627,,0.48950217320518546,,,
A2,composition,classical,42,13,0,2653,866,0.8276978648797442,0.8276978648797442,0.8276978648797442,0.9559839973383036,0.714033795068776,0.714033795068776,nan,nan,55,,,,,,,,,,,,,,,,,,,,,,,,,,,,,,0.8254885879507904,,,0.714033795068776,,nan,,,
A2,xy_bytype_r3,quantum,42,13,116,2653,866,0.3464307872956234,0.3464307872956234,0.337004816787302,0.9912231153751715,0.31697339054190043,0.31231237866900824,0.7560023928972722,0.7637949785409672,55,0.7985806238904275,3.0933420125734363,1773.1,molecule,xy,0.1,bytype,3,bytype,eig,0,"[0.000,3.142]",none,1,Z,ridge,1,1,adam,adjoint,100,24,0.8157825495680215,0.1643144121750673,7.873405852463444,0.009942820573892546,0.1558860384020472,0.4240004343230239,0.9657280253532537,0.3465765903982382,0.9912231153751715,55,0.31697339054190043,0.3465765903982382,0.7560023928972722,0.9916314847365577,55,0.33904864747932173
A2,none_r3,quantum,42,13,92,2653,866,0.7542456851281738,0.7542456851281738,0.6895288633999906,0.8720692023534932,0.5890162673854795,0.582804838432189,0.4908968206035527,0.4772269781393829,55,0.120473200786618,1.7854695683394761,1247.56,molecule,none,0.0,fixed,3,fixed,eig,0,"[0.000,3.142]",none,1,Z,ridge,1,1,adam,adjoint,100,24,0.8310653898565386,0.7309442822775428,3.669813039102216,0.04355598610440846,0.0,0.0,0.9657280253532537,0.6773325815872844,0.8720692023534932,55,0.5890162673854795,0.6773325815872844,0.4908968206035527,0.9683878587943962,55,0.6838428463721875
A2,zz_fixed_r3,quantum,42,13,92,2653,866,0.6169649584947455,0.6169649584947455,0.5737386627424886,0.9293071686527543,0.48980026533927873,0.49087464190061014,0.6367398509616006,0.6053934087318457,55,0.3877396723110124,3.0700266627336954,1679.38,molecule,zz,0.1,fixed,3,fixed,eig,0,"[0.000,3.142]",none,1,Z,ridge,1,1,adam,adjoint,100,24,0.8397280302898862,0.5141321589949138,6.617064779384369,0.5221383007300264,0.1,0.06719368409052928,0.9657280253532537,0.5609687862143895,0.9293071686527543,55,0.48980026533927873,0.5609687862143895,0.6367398509616006,0.9719384086898998,55,0.5520291017301948
A2,xy_shuffled_r3,quantum,42,13,116,2653,866,0.6378001290009007,0.6378001290009007,0.5808358475424095,0.9464824374837647,0.5331044123059246,0.51324480346442,0.5873454572143016,0.594467237750029,55,0.3668706014027788,2.5765670627659447,1769.44,molecule,xy,0.1,bytype_shuffled,3,bytype_shuffled,eig,0,"[0.000,3.142]",none,1,Z,ridge,1,1,adam,adjoint,100,24,0.8157825495680215,0.5164959149941093,6.558071531951023,0.4119960051644838,0.191690455466302,0.131530881539333,0.9657280253532537,0.5868102891005018,0.9464824374837647,55,0.5331044123059246,0.5868102891005018,0.5873454572143016,0.9772494419511123,55,0.5760559353564599
A2,zz_bytype_r3,quantum,43,13,116,2630,889,0.3473285159171175,0.3473285159171175,0.341859910192167,0.9928939246466856,0.31852617912847103,0.31250806600134395,0.7292067380500482,0.7315211117116851,52,0.817661108939749,1.9579299380156552,1654.73,molecule,zz,0.1,bytype,3,bytype,eig,0,"[0.000,3.142]",none,1,Z,ridge,1,1,adam,adjoint,100,24,0.812428984534995,0.1481374001053168,5.803200436199442,0.057242272951756,0.20904146516664301,0.3599580890484557,0.964458788512022,0.34751583537402064,0.9928939246466856,52,0.31852617912847103,0.34751583537402064,0.7292067380500482,0.9931155013423655,52,0.3434024323376411
A2,krr_res,classical,43,13,2630,2630,889,0.5972905553906901,0.5972905553906901,0.5972905553906901,0.9772997952044713,0.5081563251619724,0.5081563251619724,0.5621888354308812,0.5621888354308812,52,,,,,,,,,,,,,,,,,,,,,,,,,,,,,,0.5862549787199295,,,0.5081563251619724,,0.5621888354308812,,,
A2,krr_cos_cl,classical,43,13,2630,2630,889,0.6609424693043567,0.6609424693043567,0.6609424693043567,0.9748578371029709,0.5532093115158099,0.5532093115158099,0.429151792763757,0.429151792763757,52,,,,,,,,,,,,,,,,,,,,,,,,,,,,,,0.657466602980534,,,0.5532093115158099,,0.429151792763757,,,
A2,ridge_raw_eig,classical,43,13,14,2630,889,0.6825324010549014,0.6825324010549014,0.6825324010549014,0.97315168504648,0.5644079091742694,0.5644079091742694,0.40438350019857033,0.40438350019857033,52,,,,,,,,,,,,,,,,,,,,,,,,,,,,,,0.6789698220984804,,,0.5644079091742694,,0.40438350019857033,,,
A2,composition,classical,43,13,0,2630,889,0.8302439696970597,0.8302439696970597,0.8302439696970597,0.9618677224322512,0.6664598743224972,0.6664598743224972,nan,nan,52,,,,,,,,,,,,,,,,,,,,,,,,,,,,,,0.8264836556604114,,,0.6664598743224972,,nan,,,
A2,xy_bytype_r3,quantum,43,13,116,2630,889,0.35105202510725836,0.35105202510725836,0.34208087408886967,0.9923381886235165,0.3110132356266385,0.30863016971273033,0.7687830123009735,0.7608133828203119,52,0.8173367669737512,3.351435832188781,1752.45,molecule,xy,0.1,bytype,3,bytype,eig,0,"[0.000,3.142]",none,1,Z,ridge,1,1,adam,adjoint,100,24,0.8372173493741442,0.15292882778234762,9.933477958339928,0.01292181056912486,0.1811956554708473,1.2279498630016599,0.964458788512022,0.3496315326825196,0.9923381886235165,52,0.3110132356266385,0.3496315326825196,0.7687830123009735,0.9927215348269091,52,0.34339695114926044
A2,none_r3,quantum,43,13,92,2630,889,0.678925379560226,0.678925379560226,0.6614332189335395,0.9723258284449096,0.5515604394470858,0.5472458515734184,0.44025280332348027,0.4544800705133809,52,0.20373108502765494,1.1491266441558925,1236.81,molecule,none,0.0,fixed,3,fixed,eig,0,"[0.000,3.142]",none,1,Z,ridge,1,1,adam,adjoint,100,24,0.8398533697795132,0.6687491314902007,2.842995607785949,0.008550363883730937,0.0,0.0,0.964458788512022,0.6637651222857174,0.9723258284449096,52,0.5515604394470858,0.6637651222857174,0.44025280332348027,0.9744459762569742,52,0.6550325867643931
A2,zz_fixed_r3,quantum,43,13,92,2630,889,0.6052093926984385,0.6052093926984385,0.5921944433020238,0.9793083633196137,0.5119700502850378,0.5091131081991996,0.5658468459565665,0.5583525978019336,52,0.40818548865994336,1.975133523107375,1659.48,molecule,zz,0.1,fixed,3,fixed,eig,0,"[0.000,3.142]",none,1,Z,ridge,1,1,adam,adjoint,100,24,0.812428984534995,0.4808072624810765,5.0840904406958485,0.19225898133007407,0.1,0.06719368409052928,0.964458788512022,0.6024677064816326,0.9793083633196137,52,0.5119700502850378,0.6024677064816326,0.5658468459565665,0.9800581058993256,52,0.5910701452292622
A2,xy_shuffled_r3,quantum,43,13,116,2630,889,0.6120064125274554,0.6120064125274554,0.6089330173030997,0.9774833567734676,0.4968612426397218,0.49502557791846225,0.5918152068939464,0.6066616096376622,52,0.4650596802056899,2.3988294978820117,1752.24,molecule,xy,0.1,bytype_shuffled,3,bytype_shuffled,eig,0,"[0.000,3.142]",none,1,Z,ridge,1,1,adam,adjoint,100,24,0.8372173493741442,0.4478613166115493,7.110003334739177,0.10404768657122809,0.28607995241909995,0.20976610631756762,0.964458788512022,0.5996895711620375,0.9774833567734676,52,0.4968612426397218,0.5996895711620375,0.5918152068939464,0.9781653357803795,52,0.600267326423477
A2,zz_bytype_r3,quantum,44,13,116,2595,924,0.33970869388354064,0.33970869388354064,0.3348198131799926,0.99187094566941,0.32510644327761756,0.31916448269689646,0.8068987988002531,0.8032948688017967,51,0.8172286458185825,2.140539451409087,1652.49,molecule,zz,0.1,bytype,3,bytype,eig,0,"[0.000,3.142]",none,1,Z,ridge,1,1,adam,adjoint,100,24,0.859620274874706,0.15711396172065234,6.228133139661502,0.020737683292580744,0.04200943744917971,0.31007009558291376,0.9669590785119642,0.3404023766014191,0.99187094566941,51,0.32510644327761756,0.3404023766014191,0.8068987988002531,0.9921375866429751,51,0.33468565196053857
A2,krr_res,classical,44,13,2595,2595,924,0.5574979715252439,0.5574979715252439,0.5574979715252439,0.9776054810996904,0.4869713865489892,0.4869713865489892,0.6178912042090404,0.6178912042090404,51,,,,,,,,,,,,,,,,,,,,,,,,,,,,,,0.5519402006923668,,,0.4869713865489892,,0.6178912042090404,,,
A2,krr_cos_cl,classical,44,13,2595,2595,924,0.7519280126018524,0.7519280126018524,0.7519280126018524,0.9628514892986133,0.647266089921158,0.647266089921158,0.40462500660265066,0.40462500660265066,51,,,,,,,,,,,,,,,,,,,,,,,,,,,,,,0.757259234459783,,,0.647266089921158,,0.40462500660265066,,,
A2,ridge_raw_eig,classical,44,13,14,2595,924,0.7544691324969078,0.7544691324969078,0.7544691324969078,0.9630728379234743,0.6445068446740703,0.6445068446740703,0.40275958397575007,0.40275958397575007,51,,,,,,,,,,,,,,,,,,,,,,,,,,,,,,0.7593528194121453,,,0.6445068446740703,,0.40275958397575007,,,
A2,composition,classical,44,13,0,2595,924,0.8663565625615726,0.8663565625615726,0.8663565625615726,0.9512584124586451,0.7405466647301654,0.7405466647301654,nan,nan,51,,,,,,,,,,,,,,,,,,,,,,,,,,,,,,0.8696454593085323,,,0.7405466647301654,,nan,,,
A2,xy_bytype_r3,quantum,44,13,116,2595,924,0.35149015477775547,0.35149015477775547,0.34502382989934965,0.9912176518119504,0.3277915918824087,0.3225147007438214,0.8220938937864232,0.821107668008354,51,0.8192997318029349,2.544428772089407,1757.57,molecule,xy,0.1,bytype,3,bytype,eig,0,"[0.000,3.142]",none,1,Z,ridge,1,1,adam,adjoint,100,24,0.8547959011720859,0.15446184859554785,7.403293196267125,0.012568092624072692,0.2680291725595284,0.5627628245813947,0.9669590785119642,0.3515963225218575,0.9912176518119504,51,0.3277915918824087,0.3515963225218575,0.8220938937864232,0.9915809914873233,51,0.3462918986733319
A2,none_r3,quantum,44,13,92,2595,924,0.7511848899310046,0.7511848899310046,0.7186339890709135,0.9631054751340986,0.6504804939327945,0.6197266493606775,0.4136575381391888,0.4155279086166181,51,0.10978032536452241,1.2619232793149224,1245.19,molecule,none,0.0,fixed,3,fixed,eig,0,"[0.000,3.142]",none,1,Z,ridge,1,1,adam,adjoint,100,24,0.8602451654104711,0.7658071712584522,3.0534898742206384,0.0035763811756626654,0.0,0.0,0.9669590785119642,0.753569988524933,0.9631054751340986,51,0.6504804939327945,0.753569988524933,0.4136575381391888,0.9658467633083958,51,0.7244828241174524
A2,zz_fixed_r3,quantum,44,13,92,2595,924,0.6531968745672898,0.6531968745672898,0.6241134415424929,0.9707476375838651,0.586128043704895,0.5608109742016268,0.5263133089991755,0.5387700688620568,51,0.37479048352777194,2.2373563787776756,1667.72,molecule,zz,0.1,fixed,3,fixed,eig,0,"[0.000,3.142]",none,1,Z,ridge,1,1,adam,adjoint,100,24,0.859620274874706,0.5374427764041387,5.637491893590422,0.10550222433420814,0.1,0.06719368409052928,0.9669590785119642,0.6554251127063988,0.9707476375838651,51,0.586128043704895,0.6554251127063988,0.5263133089991755,0.972463104410385,51,0.6275013802045978
A2,xy_shuffled_r3,quantum,44,13,116,2595,924,0.6495368006505808,0.6495368006505808,0.6360368277416869,0.970674399957818,0.5889664052666433,0.5705108882667537,0.5206561950435218,0.5268408494020291,51,0.3506537515862866,2.4311138493532174,1763.81,molecule,xy,0.1,bytype_shuffled,3,bytype_shuffled,eig,0,"[0.000,3.142]",none,1,Z,ridge,1,1,adam,adjoint,100,24,0.8547959011720859,0.5550585115855133,7.073591062047237,0.5296645103640009,0.1762706846686984,0.12349994866195996,0.9669590785119642,0.6517378418199662,0.970674399957818,51,0.5889664052666433,0.6517378418199662,0.5206561950435218,0.9719348062858868,51,0.6393242871951886
A2,zz_bytype_r3,quantum,45,13,116,2647,872,0.35487752684697593,0.35487752684697593,0.35218275230540724,0.9925577864821166,0.3312239783966451,0.32797215946067065,0.7843171901650208,0.7910447238532654,54,0.8043133483242044,2.0331273749808356,1704.8,molecule,zz,0.1,bytype,3,bytype,eig,0,"[0.000,3.142]",none,1,Z,ridge,1,1,adam,adjoint,100,24,0.9037907628853282,0.1768597882045427,5.7757687413864005,0.046524289690950404,0.196886703456545,0.29410488011981445,0.9664321633182293,0.35635185498902583,0.9925577864821166,54,0.3312239783966451,0.35635185498902583,0.7843171901650208,0.9925044044626556,54,0.35160201137889185
A2,krr_res,classical,45,13,2647,2647,872,0.5823240515182253,0.5823240515182253,0.5823240515182253,0.9794069468223253,0.5093108158830267,0.5093108158830267,0.6212033094883372,0.6212033094883372,54,,,,,,,,,,,,,,,,,,,,,,,,,,,,,,0.5730361584059113,,,0.5093108158830267,,0.6212033094883372,,,
A2,krr_cos_cl,classical,45,13,2647,2647,872,0.7351340573645345,0.7351340573645345,0.7351340573645345,0.9703743307422947,0.622988579452462,0.622988579452462,0.5278801900004864,0.5278801900004864,54,,,,,,,,,,,,,,,,,,,,,,,,,,,,,,0.7322459679643252,,,0.622988579452462,,0.5278801900004864,,,
A2,ridge_raw_eig,classical,45,13,14,2647,872,0.775725473333165,0.775725473333165,0.775725473333165,0.9671465019305431,0.6692782534771143,0.6692782534771143,0.49869767676629634,0.49869767676629634,54,,,,,,,,,,,,,,,,,,,,,,,,,,,,,,0.7788942687173702,,,0.6692782534771143,,0.49869767676629634,,,
A2,composition,classical,45,13,0,2647,872,0.9047191990558354,0.9047191990558354,0.9047191990558354,0.9549719313482538,0.7914920250081107,0.7914920250081107,nan,nan,54,,,,,,,,,,,,,,,,,,,,,,,,,,,,,,0.9058728359360917,,,0.7914920250081107,,nan,,,
A2,xy_bytype_r3,quantum,45,13,116,2647,872,0.35476381299287585,0.35476381299287585,0.35089413056860586,0.9927400326044574,0.3107903337190464,0.30206673132455303,0.8218353327795156,0.8239019615331894,54,0.8118580211162156,3.11425069813586,1781.83,molecule,xy,0.1,bytype,3,bytype,eig,0,"[0.000,3.142]",none,1,Z,ridge,1,1,adam,adjoint,100,24,0.8744228335831753,0.16451564229150464,8.847056046010607,0.03865280609921394,-0.24449375440454132,0.5509919693218588,0.9664321633182293,0.3498522879193963,0.9927400326044574,54,0.3107903337190464,0.3498522879193963,0.8218353327795156,0.9928771754033928,54,0.3444620088395823
A2,none_r3,quantum,45,13,92,2647,872,0.7525725419721508,0.7525725419721508,0.753788285121954,0.9685661940933591,0.6400484268222966,0.6373281216727046,0.5070695002796837,0.5072136715217483,54,0.1973590208018127,2.016131544956188,1262.27,molecule,none,0.0,fixed,3,fixed,eig,0,"[0.000,3.142]",none,1,Z,ridge,1,1,adam,adjoint,100,24,0.9029302248701063,0.7247287998373816,4.739787773856834,0.014580369330858137,0.0,0.0,0.9664321633182293,0.7512253822981176,0.9685661940933591,54,0.6400484268222966,0.7512253822981176,0.5070695002796837,0.9690461301737903,54,0.7508652762808113
A2,zz_fixed_r3,quantum,45,13,92,2647,872,0.6476818667359916,0.6476818667359916,0.6445010137388972,0.9764692543530886,0.5463905142032578,0.5467068031319424,0.6384005002456048,0.633829894512033,54,0.41936926566489086,3.0021921584445797,1704.72,molecule,zz,0.1,fixed,3,fixed,eig,0,"[0.000,3.142]",none,1,Z,ridge,1,1,adam,adjoint,100,24,0.9037907628853282,0.5247686943393967,7.358168248467576,0.21733185445061473,0.1,0.06719368409052928,0.9664321633182293,0.6460738247683607,0.9764692543530886,54,0.5463905142032578,0.6460738247683607,0.6384005002456048,0.9765977819912537,54,0.6462234411772627
A2,xy_shuffled_r3,quantum,45,13,116,2647,872,0.6725943136836694,0.6725943136836694,0.669383268042894,0.9744011026993861,0.5918350059416286,0.5888399006751167,0.5600839057736222,0.554572961815071,54,0.4104199169796311,2.071124959571305,1790.31,molecule,xy,0.1,bytype_shuffled,3,bytype_shuffled,eig,0,"[0.000,3.142]",none,1,Z,ridge,1,1,adam,adjoint,100,24,0.8744228335831753,0.5155422868188747,5.883713410287378,0.3605249090524395,0.3248604824227855,0.4328709947395693,0.9664321633182293,0.6617312879114574,0.9744011026993861,54,0.5918350059416286,0.6617312879114574,0.5600839057736222,0.9745407779309931,54,0.6546007126587219
A2,zz_bytype_r3,quantum,46,13,116,2665,854,0.33928941813174474,0.33928941813174474,0.33576903966325866,0.9914345879802542,0.2883501031170131,0.28731406173553337,0.8079005874124849,0.8052387869070855,56,0.7952539802465225,2.2886871462751253,1714.73,molecule,zz,0.1,bytype,3,bytype,eig,0,"[0.000,3.142]",none,1,Z,ridge,1,1,adam,adjoint,100,24,0.7806499816168603,0.15983497655667753,7.164445840454272,0.010330298907278624,0.19847495551415553,0.5252283137800174,0.961045750896486,0.3267553521508198,0.9914345879802542,56,0.2883501031170131,0.3267553521508198,0.8079005874124849,0.9926690497275412,56,0.32580616983197075
A2,krr_res,classical,46,13,2665,2665,854,0.5890707401780836,0.5890707401780836,0.5890707401780836,0.9833257852109668,0.5205467165997562,0.5205467165997562,0.5668968046134474,0.5668968046134474,56,,,,,,,,,,,,,,,,,,,,,,,,,,,,,,0.5833995544849717,,,0.5205467165997562,,0.5668968046134474,,,
A2,krr_cos_cl,classical,46,13,2665,2665,854,0.6793603183634368,0.6793603183634368,0.6793603183634368,0.9799903132731712,0.5777724121068947,0.5777724121068947,0.39574776892211,0.39574776892211,56,,,,,,,,,,,,,,,,,,,,,,,,,,,,,,0.6809093343788379,,,0.5777724121068947,,0.39574776892211,,,
A2,ridge_raw_eig,classical,46,13,14,2665,854,0.6993907217441566,0.6993907217441566,0.6993907217441566,0.9671409590444896,0.569233701086313,0.569233701086313,0.3912910556014056,0.3912910556014056,56,,,,,,,,,,,,,,,,,,,,,,,,,,,,,,0.6768129609918714,,,0.569233701086313,,0.3912910556014056,,,
A2,composition,classical,46,13,0,2665,854,0.8321144374273275,0.8321144374273275,0.8321144374273275,0.9706696739264669,0.7081330938327535,0.7081330938327535,nan,nan,56,,,,,,,,,,,,,,,,,,,,,,,,,,,,,,0.8393088734620164,,,0.7081330938327535,,nan,,,
A2,xy_bytype_r3,quantum,46,13,116,2665,854,0.35107658662739977,0.35107658662739977,0.347828741333787,0.9930503267469365,0.2995437652641798,0.2983699899650734,0.7849660761751663,0.7934789397342554,56,0.7790204388028441,2.757793516611632,1819.92,molecule,xy,0.1,bytype,3,bytype,eig,0,"[0.000,3.142]",none,1,Z,ridge,1,1,adam,adjoint,100,24,0.7499301363091966,0.1657192324501295,8.632924041661408,0.016169105367309068,0.19928777640901574,0.5075660979863221,0.961045750896486,0.34099301090473355,0.9930503267469365,56,0.2995437652641798,0.34099301090473355,0.7849660761751663,0.9940459201603826,56,0.34149305316456174
A2,none_r3,quantum,46,13,92,2665,854,0.7183094540384637,0.7183094540384637,0.6661815421574189,0.9561942424201939,0.5714961507397038,0.560339259576884,0.39202520772223076,0.4339737120910151,56,0.13327869471812967,1.4135720853174345,1275.81,molecule,none,0.0,fixed,3,fixed,eig,0,"[0.000,3.142]",none,1,Z,ridge,1,1,adam,adjoint,100,24,0.7957285781991689,0.6896749119468705,3.7325026846346123,0.007142983669271331,0.0,0.0,0.961045750896486,0.6853842464577024,0.9561942424201939,56,0.5714961507397038,0.6853842464577024,0.39202520772223076,0.9811509416381322,56,0.6671377966824963
A2,zz_fixed_r3,quantum,46,13,92,2665,854,0.5508559288530834,0.5508559288530834,0.5234207144005976,0.9729312620226768,0.457938990383388,0.44802525079565964,0.5790509821853425,0.601024454400967,56,0.42674902082073163,2.3502994155601082,1720.0,molecule,zz,0.1,fixed,3,fixed,eig,0,"[0.000,3.142]",none,1,Z,ridge,1,1,adam,adjoint,100,24,0.7806499816168603,0.447508366358143,6.440938341553379,0.1821637270444923,0.1,0.06719368409052928,0.961045750896486,0.5166950999692926,0.9729312620226768,56,0.457938990383388,0.5166950999692926,0.5790509821853425,0.9851868461617037,56,0.5077647720601514
A2,xy_shuffled_r3,quantum,46,13,116,2665,854,0.5991740937999274,0.5991740937999274,0.5707856013996216,0.9660702025226224,0.5108180574251825,0.507858027434489,0.5257490626916419,0.5252695534754549,56,0.33506418128911364,1.862702346006005,1820.26,molecule,xy,0.1,bytype_shuffled,3,bytype_shuffled,eig,0,"[0.000,3.142]",none,1,Z,ridge,1,1,adam,adjoint,100,24,0.7499301363091966,0.4986554091627222,5.8309542641364125,0.1568940492772788,0.09918502917936504,0.0829391999748548,0.961045750896486,0.5701055214152652,0.9660702025226224,56,0.5108180574251825,0.5701055214152652,0.5257490626916419,0.9848880254756862,56,0.5658292419208212
A2,zz_bytype_r3,quantum,47,13,116,2642,877,0.33643350715367304,0.33643350715367304,0.3270286151041371,0.993184246260956,0.2996963301854675,0.2923762992719294,0.8081885130199414,0.8108502214248609,55,0.7966605130267929,2.613764221746897,1702.9,molecule,zz,0.1,bytype,3,bytype,eig,0,"[0.000,3.142]",none,1,Z,ridge,1,1,adam,adjoint,100,24,0.8499913381374608,0.17283680262854104,7.74507162862175,0.026223987384281503,0.10841920571899773,0.5343032756693659,0.965128162743921,0.32781310354139864,0.993184246260956,55,0.2996963301854675,0.32781310354139864,0.8081885130199414,0.9938758338533241,55,0.31977040537115703
A2,krr_res,classical,47,13,2642,2642,877,0.5497219601396837,0.5497219601396837,0.5497219601396837,0.9838329223801169,0.48800085801655685,0.48800085801655685,0.6359794346806159,0.6359794346806159,55,,,,,,,,,,,,,,,,,,,,,,,,,,,,,,0.5429664670012339,,,0.48800085801655685,,0.6359794346806159,,,
A2,krr_cos_cl,classical,47,13,2642,2642,877,0.7001530360050866,0.7001530360050866,0.7001530360050866,0.9755400227827306,0.6031636320865196,0.6031636320865196,0.5219085435112129,0.5219085435112129,55,,,,,,,,,,,,,,,,,,,,,,,,,,,,,,0.6999601476862436,,,0.6031636320865196,,0.5219085435112129,,,
A2,ridge_raw_eig,classical,47,13,14,2642,877,0.7598380075934038,0.7598380075934038,0.7598380075934038,0.9714137343774316,0.6460291680946261,0.6460291680946261,0.5067600136839303,0.5067600136839303,55,,,,,,,,,,,,,,,,,,,,,,,,,,,,,,0.7609241776921705,,,0.6460291680946261,,0.5067600136839303,,,
A2,composition,classical,47,13,0,2642,877,0.9022438077411172,0.9022438077411172,0.9022438077411172,0.9601984133619772,0.7747553758370738,0.7747553758370738,nan,nan,55,,,,,,,,,,,,,,,,,,,,,,,,,,,,,,0.9051239696005916,,,0.7747553758370738,,nan,,,
A2,xy_bytype_r3,quantum,47,13,116,2642,877,0.33359803544742245,0.33359803544742245,0.33835072027038454,0.9935961966904051,0.29407837189404273,0.29691168108240296,0.8072233212630389,0.8143009791296114,55,0.7852807863841231,2.7138637764194304,1801.65,molecule,xy,0.1,bytype,3,bytype,eig,0,"[0.000,3.142]",none,1,Z,ridge,1,1,adam,adjoint,100,24,0.8320203783436267,0.17865076135032784,8.041685307270146,0.012046648743931567,0.29279902421959675,0.5833968695281316,0.965128162743921,0.32436689686871256,0.9935961966904051,55,0.29407837189404273,0.32436689686871256,0.8072233212630389,0.9936875195682755,55,0.3315759775662267
A2,none_r3,quantum,47,13,92,2642,877,0.7409676897089893,0.7409676897089893,0.6745147342887474,0.9720068420928492,0.6289958038666835,0.5867706732877219,0.5218805695568661,0.519137061993659,55,0.12731055452198756,1.1519705760906367,1266.41,molecule,none,0.0,fixed,3,fixed,eig,0,"[0.000,3.142]",none,1,Z,ridge,1,1,adam,adjoint,100,24,0.8239817523269906,0.7190801785222424,2.849155977936079,0.010471584690719371,0.0,0.0,0.965128162743921,0.725952119661256,0.9720068420928492,55,0.6289958038666835,0.725952119661256,0.5218805695568661,0.9770190016166445,55,0.6724773546696999
A2,zz_fixed_r3,quantum,47,13,92,2642,877,0.6411816680068753,0.6411816680068753,0.6004694134800659,0.9778803680626882,0.549075110069275,0.523509284092989,0.6217326324733289,0.6316580936895118,55,0.342660202962166,2.552327073983368,1709.92,molecule,zz,0.1,fixed,3,fixed,eig,0,"[0.000,3.142]",none,1,Z,ridge,1,1,adam,adjoint,100,24,0.8499913381374608,0.5587331336951954,6.567874793419513,0.7068655651131347,0.1,0.06719368409052928,0.965128162743921,0.6292239726646286,0.9778803680626882,55,0.549075110069275,0.6292239726646286,0.6217326324733289,0.9813549974078568,55,0.5946297580206275
A2,xy_shuffled_r3,quantum,47,13,116,2642,877,0.6713955890298011,0.6713955890298011,0.601945966003013,0.9683492526685059,0.5745089923898058,0.5335907538588086,0.5435339001197173,0.5637845380797466,55,0.3809098554673684,2.312144359947904,1810.51,molecule,xy,0.1,bytype_shuffled,3,bytype_shuffled,eig,0,"[0.000,3.142]",none,1,Z,ridge,1,1,adam,adjoint,100,24,0.8320203783436267,0.5150956162828507,6.8513156368563966,0.2673616220297631,0.3339670115038591,0.45580310537234525,0.965128162743921,0.6502140247488408,0.9683492526685059,55,0.5745089923898058,0.6502140247488408,0.5435339001197173,0.9804925211276129,55,0.5966722969493619
A2,zz_bytype_r3,quantum,48,13,116,2609,910,0.33265556924793577,0.33265556924793577,0.32791913720244953,0.9922183996461708,0.3025529800448585,0.2996279686105367,0.7952600952637328,0.7908133275488518,47,0.7974053447410788,2.0121159488193,1683.06,molecule,zz,0.1,bytype,3,bytype,eig,0,"[0.000,3.142]",none,1,Z,ridge,1,1,adam,adjoint,100,24,0.7868717270570795,0.159416006276121,6.096181842024999,0.012784114501184208,0.14488770283992147,0.33219259892115754,0.9636864545010424,0.32433510370936514,0.9922183996461708,47,0.3025529800448585,0.32433510370936514,0.7952600952637328,0.992435527567537,47,0.32045796559703077
A2,krr_res,classical,48,13,2609,2609,910,0.5522840762979924,0.5522840762979924,0.5522840762979924,0.9828738472415164,0.4988578119161966,0.4988578119161966,0.6250650588037521,0.6250650588037521,47,,,,,,,,,,,,,,,,,,,,,,,,,,,,,,0.5423326883923942,,,0.4988578119161966,,0.6250650588037521,,,
A2,krr_cos_cl,classical,48,13,2609,2609,910,0.6998526771323313,0.6998526771323313,0.6998526771323313,0.974911863713234,0.605478467723189,0.605478467723189,0.46324800087750423,0.46324800087750423,47,,,,,,,,,,,,,,,,,,,,,,,,,,,,,,0.696209594582067,,,0.605478467723189,,0.46324800087750423,,,
A2,ridge_raw_eig,classical,48,13,14,2609,910,0.7508823748293609,0.7508823748293609,0.7508823748293609,0.9579249247427906,0.6362907106553872,0.6362907106553872,0.41311697562095157,0.41311697562095157,47,,,,,,,,,,,,,,,,,,,,,,,,,,,,,,0.7324633689026459,,,0.6362907106553872,,0.41311697562095157,,,
A2,composition,classical,48,13,0,2609,910,0.8448849222468405,0.8448849222468405,0.8448849222468405,0.9643228291003444,0.7515212451411863,0.7515212451411863,nan,nan,47,,,,,,,,,,,,,,,,,,,,,,,,,,,,,,0.8448252661347623,,,0.7515212451411863,,nan,,,
A2,xy_bytype_r3,quantum,48,13,116,2609,910,0.3263141739751347,0.3263141739751347,0.3109547728585673,0.9923918014243713,0.29320120626744167,0.28733530573193716,0.7869173770633657,0.7888864007115363,47,0.805354194154152,2.1945533276257194,1777.55,molecule,xy,0.1,bytype,3,bytype,eig,0,"[0.000,3.142]",none,1,Z,ridge,1,1,adam,adjoint,100,24,0.8069705933193626,0.15707344143054947,6.6489190919031405,0.011213374440230958,0.162472745256677,0.4184709888237516,0.9636864545010424,0.3181047111523994,0.9923918014243713,47,0.29320120626744167,0.3181047111523994,0.7869173770633657,0.9940251051271658,47,0.3056111278402203
A2,none_r3,quantum,48,13,92,2609,910,0.7648984867260684,0.7648984867260684,0.7258671463712999,0.9340088383317282,0.6287742158335186,0.6195345858330528,0.43547272867855036,0.4642591689383532,47,0.1306560993773476,0.8976034154520927,1260.5,molecule,none,0.0,fixed,3,fixed,eig,0,"[0.000,3.142]",none,1,Z,ridge,1,1,adam,adjoint,100,24,0.7938393489367923,0.6901193960724579,2.2797680750490374,0.02434989089166252,0.0,0.0,0.9636864545010424,0.7157903999627063,0.9340088383317282,47,0.6287742158335186,0.7157903999627063,0.43547272867855036,0.969577099089295,47,0.7118399997113894
A2,zz_fixed_r3,quantum,48,13,92,2609,910,0.6499158872604862,0.6499158872604862,0.6069854408887525,0.9696732420265066,0.5637035571893585,0.53825406764142,0.577601393410416,0.5724558379203942,47,0.37839187863639634,2.3911304055518903,1689.01,molecule,zz,0.1,fixed,3,fixed,eig,0,"[0.000,3.142]",none,1,Z,ridge,1,1,adam,adjoint,100,24,0.7868717270570795,0.4891258560100855,6.312199069434278,0.2230991909019832,0.1,0.06719368409052928,0.9636864545010424,0.6331381718473785,0.9696732420265066,47,0.5637035571893585,0.6331381718473785,0.577601393410416,0.9803256251047842,47,0.6050319890546632
A2,xy_shuffled_r3,quantum,48,13,116,2609,910,0.6647671701849382,0.6647671701849382,0.6572621223449049,0.9651562238932686,0.5825588605054876,0.5782073085110399,0.5314606330672556,0.5407983472152921,47,0.4241567711735517,2.181721043576441,1782.21,molecule,xy,0.1,bytype_shuffled,3,bytype_shuffled,eig,0,"[0.000,3.142]",none,1,Z,ridge,1,1,adam,adjoint,100,24,0.8069705933193626,0.46468855202501647,6.610040648014845,0.03770588911241291,0.18965541050606757,0.12452545789472146,0.9636864545010424,0.6495462655848758,0.9651562238932686,47,0.5825588605054876,0.6495462655848758,0.5314606330672556,0.9759634143519951,47,0.6481643324129042
A2,zz_bytype_r3,quantum,49,13,116,2650,869,0.34465714493833316,0.34465714493833316,0.3409865092401522,0.9931540821268224,0.3037690612189105,0.30009554918448794,0.7146434777689257,0.7282147560273868,56,0.7982479286372759,2.026994003416982,1706.51,molecule,zz,0.1,bytype,3,bytype,eig,0,"[0.000,3.142]",none,1,Z,ridge,1,1,adam,adjoint,100,24,0.8495472694729165,0.17139792133670725,6.121373607557925,0.014564348916548155,0.3047873157363329,0.4584265263330231,0.9651903158678264,0.34186360678248773,0.9931540821268224,56,0.3037690612189105,0.34186360678248773,0.7146434777689257,0.9932556045080466,56,0.33818796092133735
A2,krr_res,classical,49,13,2650,2650,869,0.5648801266388492,0.5648801266388492,0.5648801266388492,0.981257416853019,0.5074213581581583,0.5074213581581583,0.5785044646211598,0.5785044646211598,56,,,,,,,,,,,,,,,,,,,,,,,,,,,,,,0.5575751817618866,,,0.5074213581581583,,0.5785044646211598,,,
A2,krr_cos_cl,classical,49,13,2650,2650,869,0.7193229582003573,0.7193229582003573,0.7193229582003573,0.9726968829242754,0.5972457027777168,0.5972457027777168,0.3799143092185843,0.3799143092185843,56,,,,,,,,,,,,,,,,,,,,,,,,,,,,,,0.7200078096322019,,,0.5972457027777168,,0.3799143092185843,,,
A2,ridge_raw_eig,classical,49,13,14,2650,869,0.759121030666331,0.759121030666331,0.759121030666331,0.9691616596414407,0.6301927530351521,0.6301927530351521,0.3855194050774892,0.3855194050774892,56,,,,,,,,,,,,,,,,,,,,,,,,,,,,,,0.7565725552806843,,,0.6301927530351521,,0.3855194050774892,,,
A2,composition,classical,49,13,0,2650,869,0.8557516780961304,0.8557516780961304,0.8557516780961304,0.9595785389703069,0.7334423380138448,0.7334423380138448,nan,nan,56,,,,,,,,,,,,,,,,,,,,,,,,,,,,,,0.8594303716010914,,,0.7334423380138448,,nan,,,
A2,xy_bytype_r3,quantum,49,13,116,2650,869,0.34914493216527326,0.34914493216527326,0.33451300570212145,0.993149824648516,0.2993161958047294,0.291052058071735,0.7331405807428647,0.7311493715558867,56,0.8136754350069604,2.64387491876313,1815.18,molecule,xy,0.1,bytype,3,bytype,eig,0,"[0.000,3.142]",none,1,Z,ridge,1,1,adam,adjoint,100,24,0.8819019021078506,0.1643199882767795,7.984308844584018,0.01243197751043529,0.07513111902676782,0.6067961052818186,0.9651903158678264,0.34491572591127134,0.993149824648516,56,0.2993161958047294,0.34491572591127134,0.7331405807428647,0.9935682030489601,56,0.3323491190560272
A2,none_r3,quantum,49,13,92,2650,869,0.7871497020771231,0.7871497020771231,0.7414634323593386,0.9672654277754658,0.653313623046115,0.6022368199561258,0.36339201587455205,0.4097317768580153,56,0.11032642988464932,1.2598151128001351,1282.12,molecule,none,0.0,fixed,3,fixed,eig,0,"[0.000,3.142]",none,1,Z,ridge,1,1,adam,adjoint,100,24,0.8758677396415637,0.7792363788757725,3.187368640794088,0.0008055131337205354,0.0,0.0,0.9651903158678264,0.7883279212103024,0.9672654277754658,56,0.653313623046115,0.7883279212103024,0.36339201587455205,0.9714333420128289,56,0.7410129811265317
A2,zz_fixed_r3,quantum,49,13,92,2650,869,0.594736265407139,0.594736265407139,0.5792885263634875,0.9797778650924889,0.5011816675505513,0.496845841872975,0.5422389367258257,0.5656774451780997,56,0.41271878979303667,1.780868961951105,1714.98,molecule,zz,0.1,fixed,3,fixed,eig,0,"[0.000,3.142]",none,1,Z,ridge,1,1,adam,adjoint,100,24,0.8495472694729165,0.4989231485440756,4.683736832454443,0.21253698437174384,0.1,0.06719368409052928,0.9651903158678264,0.5939716393609143,0.9797778650924889,56,0.5011816675505513,0.5939716393609143,0.5422389367258257,0.9814805530470426,56,0.5775132639739492
A2,xy_shuffled_r3,quantum,49,13,116,2650,869,0.6541447937703637,0.6541447937703637,0.6391682557032176,0.9763564462183724,0.5502869778730415,0.5437808277240087,0.5083047907559418,0.5162282976425995,56,0.41449492941340205,3.4167171470497713,1818.67,molecule,xy,0.1,bytype_shuffled,3,bytype_shuffled,eig,0,"[0.000,3.142]",none,1,Z,ridge,1,1,adam,adjoint,100,24,0.8819019021078506,0.5163580354441121,10.31823583749328,0.042149152987774094,0.027381391593620002,2.9279099523758476,0.9651903158678264,0.6537355510615249,0.9763564462183724,56,0.5502869778730415,0.6537355510615249,0.5083047907559418,0.977639720164625,56,0.6411807392098434
A2,zz_bytype_r3,quantum,50,13,116,2691,828,0.3342371705297414,0.3342371705297414,0.32810891724626823,0.9933726750169167,0.28918414180318014,0.2871244489899693,0.7809717791677783,0.7778967920408436,54,0.8002498233009215,2.384855060104392,1740.59,molecule,zz,0.1,bytype,3,bytype,eig,0,"[0.000,3.142]",none,1,Z,ridge,1,1,adam,adjoint,100,24,0.8001235947861082,0.15982482943962692,7.551032306818637,0.017696365004961506,0.217862530169571,0.41838106525104574,0.9636152629419746,0.3344400234717601,0.9933726750169167,54,0.28918414180318014,0.3344400234717601,0.7809717791677783,0.9935665506360047,54,0.3299282996459761
A2,krr_res,classical,50,13,2691,2691,828,0.5311813778560239,0.5311813778560239,0.5311813778560239,0.9842622337294924,0.4668157750618175,0.4668157750618175,0.5904264318850418,0.5904264318850418,54,,,,,,,,,,,,,,,,,,,,,,,,,,,,,,0.5212898396656406,,,0.4668157750618175,,0.5904264318850418,,,
A2,krr_cos_cl,classical,50,13,2691,2691,828,0.7023068821116166,0.7023068821116166,0.7023068821116166,0.9746977900992635,0.5810223849858085,0.5810223849858085,0.46424628013165825,0.46424628013165825,54,,,,,,,,,,,,,,,,,,,,,,,,,,,,,,0.7016837061145834,,,0.5810223849858085,,0.46424628013165825,,,
A2,ridge_raw_eig,classical,50,13,14,2691,828,0.7101766242106906,0.7101766242106906,0.7101766242106906,0.9742485492797142,0.5857876234391345,0.5857876234391345,0.45029601040480705,0.45029601040480705,54,,,,,,,,,,,,,,,,,,,,,,,,,,,,,,0.710295785466122,,,0.5857876234391345,,0.45029601040480705,,,
A2,composition,classical,50,13,0,2691,828,0.8318895190067734,0.8318895190067734,0.8318895190067734,0.9646538110156385,0.7106644296188452,0.7106644296188452,nan,nan,54,,,,,,,,,,,,,,,,,,,,,,,,,,,,,,0.8354138836521973,,,0.7106644296188452,,nan,,,
A2,xy_bytype_r3,quantum,50,13,116,2691,828,0.3376742413065168,0.3376742413065168,0.33579404319399475,0.9934891725083044,0.287103446941521,0.28773199630743623,0.7869615938297254,0.7856204477064009,54,0.802253141762551,2.8691516126123364,1838.66,molecule,xy,0.1,bytype,3,bytype,eig,0,"[0.000,3.142]",none,1,Z,ridge,1,1,adam,adjoint,100,24,0.8234021813900917,0.1628251944357527,9.084433214590492,0.009772814715313272,0.4099570569754811,0.6044537862480485,0.9636152629419746,0.3374393765582656,0.9934891725083044,54,0.287103446941521,0.3374393765582656,0.7869615938297254,0.9936369579829288,54,0.33699948556074855
A2,none_r3,quantum,50,13,92,2691,828,0.7336921212203248,0.7336921212203248,0.6648074756041102,0.9725489503393603,0.5963796994937653,0.5393880476593215,0.497365510533215,0.4996806061986963,54,0.07065367105095391,1.1247570337683332,1305.46,molecule,none,0.0,fixed,3,fixed,eig,0,"[0.000,3.142]",none,1,Z,ridge,1,1,adam,adjoint,100,24,0.8299203231637797,0.7712834056524647,3.010238707482106,0.0013875148024572379,0.0,0.0,0.9636152629419746,0.7306287929501638,0.9725489503393603,54,0.5963796994937653,0.7306287929501638,0.497365510533215,0.9769148539719835,54,0.6606501378189067
A2,zz_fixed_r3,quantum,50,13,92,2691,828,0.5741579811432088,0.5741579811432088,0.5746029158078325,0.9819461347835141,0.4759379155149262,0.47801590126241655,0.6162353943494986,0.5865421125413489,54,0.3662643807874648,1.8074671654233354,1752.63,molecule,zz,0.1,fixed,3,fixed,eig,0,"[0.000,3.142]",none,1,Z,ridge,1,1,adam,adjoint,100,24,0.8001235947861082,0.5070668217883338,5.018153783588027,0.4753636739807121,0.1,0.06719368409052928,0.9636152629419746,0.5732812444577906,0.9819461347835141,54,0.4759379155149262,0.5732812444577906,0.6162353943494986,0.9822240005044014,54,0.5734771957355013
A2,xy_shuffled_r3,quantum,50,13,116,2691,828,0.6045875701454381,0.6045875701454381,0.5959623219678957,0.9803999680228943,0.5156039565187118,0.5110951998563434,0.5722465848861213,0.5543411832244729,54,0.38900404672769734,2.5594011114611286,1862.62,molecule,xy,0.1,bytype_shuffled,3,bytype_shuffled,eig,0,"[0.000,3.142]",none,1,Z,ridge,1,1,adam,adjoint,100,24,0.8234021813900917,0.5030954007449325,8.103687642092828,0.3046287788308518,0.12959361267285122,1.500049853703146,0.9636152629419746,0.6011484944661963,0.9803999680228943,54,0.5156039565187118,0.6011484944661963,0.5722465848861213,0.9812628661310328,54,0.5937253422653752
A2,zz_bytype_r3,quantum,51,13,116,2631,888,0.35621512147379303,0.35621512147379303,0.35232514671127785,0.9921193406766918,0.31846669824104656,0.3166303035804617,0.774646489136682,0.7805824994006629,46,0.8045505698402048,2.0763724437319833,1694.29,molecule,zz,0.1,bytype,3,bytype,eig,0,"[0.000,3.142]",none,1,Z,ridge,1,1,adam,adjoint,100,24,0.8555743209033536,0.16722151347991424,7.186501541086302,0.03133549287583965,0.23619296086713107,0.4329578898280013,0.9651210986367482,0.3512671391760842,0.9921193406766918,46,0.31846669824104656,0.3512671391760842,0.774646489136682,0.9923693173024531,46,0.34838184729612537
A2,krr_res,classical,51,13,2631,2631,888,0.5682042212136588,0.5682042212136588,0.5682042212136588,0.9804315730706675,0.49787705760950035,0.49787705760950035,0.6165823087790576,0.6165823087790576,46,,,,,,,,,,,,,,,,,,,,,,,,,,,,,,0.5684007487990268,,,0.49787705760950035,,0.6165823087790576,,,
A2,krr_cos_cl,classical,51,13,2631,2631,888,0.6830527932793469,0.6830527932793469,0.6830527932793469,0.9741964266557056,0.5908702514698536,0.5908702514698536,0.46315997484087307,0.46315997484087307,46,,,,,,,,,,,,,,,,,,,,,,,,,,,,,,0.6841324749108992,,,0.5908702514698536,,0.46315997484087307,,,
A2,ridge_raw_eig,classical,51,13,14,2631,888,0.7199998646166248,0.7199998646166248,0.7199998646166248,0.970928996452968,0.622039369589539,0.622039369589539,0.45791987112500504,0.45791987112500504,46,,,,,,,,,,,,,,,,,,,,,,,,,,,,,,0.7180711773236176,,,0.622039369589539,,0.45791987112500504,,,
A2,composition,classical,51,13,0,2631,888,0.8360176066246746,0.8360176066246746,0.8360176066246746,0.9595314591758578,0.7327230205941556,0.7327230205941556,nan,nan,46,,,,,,,,,,,,,,,,,,,,,,,,,,,,,,0.8369707627251328,,,0.7327230205941556,,nan,,,
A2,xy_bytype_r3,quantum,51,13,116,2631,888,0.36882350150786447,0.36882350150786447,0.36053396224980777,0.9919828846051664,0.33457447972601817,0.3282411202378449,0.791028401703323,0.8007661730781251,46,0.8060727134559333,2.6277659055120166,1791.65,molecule,xy,0.1,bytype,3,bytype,eig,0,"[0.000,3.142]",none,1,Z,ridge,1,1,adam,adjoint,100,24,0.8661458224626546,0.1679693091016615,9.094921186506431,0.01782441455546291,0.1894637904466764,0.4867298375172862,0.9651210986367482,0.3660358771319017,0.9919828846051664,46,0.33457447972601817,0.3660358771319017,0.791028401703323,0.9923076922064032,46,0.3587745407370468
A2,none_r3,quantum,51,13,92,2631,888,0.7175418598990813,0.7175418598990813,0.6896677505671495,0.971072261411739,0.6200095742273228,0.6022530506161841,0.4423760019120494,0.45072194483367684,46,0.1437295651163275,1.2649335608366765,1267.71,molecule,none,0.0,fixed,3,fixed,eig,0,"[0.000,3.142]",none,1,Z,ridge,1,1,adam,adjoint,100,24,0.8497367017472388,0.7276044151417257,3.758354230096857,0.05648851909918088,0.0,0.0,0.9651210986367482,0.7181249520158657,0.971072261411739,46,0.6200095742273228,0.7181249520158657,0.4423760019120494,0.9733362447930758,46,0.6900380463897314
A2,zz_fixed_r3,quantum,51,13,92,2631,888,0.548119324330821,0.548119324330821,0.515617381883828,0.9820661260638823,0.4874842138634944,0.4747935534563399,0.6717708206049188,0.660201382799612,46,0.42087393079702656,1.8197785064814822,1709.27,molecule,zz,0.1,fixed,3,fixed,eig,0,"[0.000,3.142]",none,1,Z,ridge,1,1,adam,adjoint,100,24,0.8555743209033536,0.4954853933757626,5.588880204594857,0.24069400328473847,0.1,0.06719368409052928,0.9651210986367482,0.5464882821846914,0.9820661260638823,46,0.4874842138634944,0.5464882821846914,0.6717708206049188,0.9838849916674234,46,0.5156407247526857
A2,xy_shuffled_r3,quantum,51,13,116,2631,888,0.5866207353708023,0.5866207353708023,0.5662648706050604,0.9797439807934003,0.5155311448715558,0.5104374738860068,0.6589950605755903,0.6189571304909386,46,0.3938005083866202,2.077636757862332,1806.53,molecule,xy,0.1,bytype_shuffled,3,bytype_shuffled,eig,0,"[0.000,3.142]",none,1,Z,ridge,1,1,adam,adjoint,100,24,0.8661458224626546,0.525057157239914,7.190877439771336,0.06560338654759973,0.28935188243343957,0.20963750322520505,0.9651210986367482,0.5797117338669587,0.9797439807934003,46,0.5155311448715558,0.5797117338669587,0.6589950605755903,0.9805523722900422,46,0.5634451323015104
