config,arm,kind,seed,n_qubits,n_params,n_train,n_test,mae,mae_ridge,mae_krr,r2,isomer_mae,isomer_mae_krr,isomer_rho,isomer_rho_krr,n_isomer_groups,loss_drop,param_shift_rel,time_s,target,residual,split,entangler,alpha,alpha_mode,n_rounds,bond_param_mode,encode_source,drop_q0,angle_range,rz_source,canonical,n_reupload,observable,readout,use_cnot,scaler,optimizer,diff_method,epochs,n_types,n_types_train,max_types,train_frac,types_from_train,loss_first,loss_last,param_shift,grad_norm_last,alpha_mean,angle_max,comp_r2,isomer_mae_tr,r2_ridge,n_isomer_groups_ridge,isomer_mae_ridge,isomer_mae_tr_ridge,isomer_rho_ridge,r2_krr,n_isomer_groups_krr,isomer_mae_tr_krr
B5,zz_shuffled_r3,quantum,42,13,114,150,54,0.4912027682607653,0.4912027682607653,0.47684605509087535,0.977929628877239,0.3175775585100439,0.294294750762198,0.35700000000000004,0.42133333333333334,10,0.7429291593785903,2.782142258885712,107.52,eAT,1,molecule,zz,0.1,bytype_shuffled,3,bytype_shuffled,eig,0,"[0.000,3.142]",none,1,1,Z,ridge,1,1,adam,adjoint,100,22,21,0,1.0,1,0.5191733065159051,0.13346431833424058,7.023291527892749,0.19870046312676298,0.3064024653392619,0.5355354114460961,0.9625054122237194,0.4968483134145363,0.977929628877239,10,0.3175775585100439,0.4968483134145363,0.35700000000000004,0.9786984374835523,10,0.4864069377804519
B5,zz_shuffled_r3,quantum,43,13,115,159,45,0.7115345877039506,0.7115345877039506,0.6704151565654742,0.947604589656255,0.3992541225516543,0.38339182312321646,0.3996428571428572,0.3996428571428572,9,0.617708004861797,2.487695937228455,117.67,eAT,1,molecule,zz,0.1,bytype_shuffled,3,bytype_shuffled,eig,0,"[0.000,3.142]",none,1,1,Z,ridge,1,1,adam,adjoint,100,23,22,0,1.0,1,0.3756514265972381,0.14360853335037038,7.347738668486567,0.039951677097904446,0.36971875503670226,1.0736756978916604,0.957994129331869,0.5693884722287482,0.947604589656255,9,0.3992541225516543,0.5693884722287482,0.3996428571428572,0.9572308242209924,9,0.5523603027183229
B5,zz_shuffled_r3,quantum,44,13,114,153,51,0.5843220331994617,0.5843220331994617,0.5830459280575403,0.9665423238017863,0.41614751706224057,0.4245195273787114,0.26469293146840595,0.24180096835905154,7,0.5855233412824821,2.902205868439981,110.2,eAT,1,molecule,zz,0.1,bytype_shuffled,3,bytype_shuffled,eig,0,"[0.000,3.142]",none,1,1,Z,ridge,1,1,adam,adjoint,100,22,21,0,1.0,1,0.4493649896771724,0.18625129946602634,8.383755216891057,0.035043533129131804,0.6534965463757638,1.051776304369741,0.9671451656168382,0.5183868762362478,0.9665423238017863,7,0.41614751706224057,0.5183868762362478,0.26469293146840595,0.9667033694632013,7,0.5171022100848465
B5,zz_shuffled_r3,quantum,45,13,114,153,51,0.7055745497951543,0.7055745497951543,0.7143957886692184,0.9404215224400378,0.5557518336458334,0.5801771577262693,0.2245341614906832,0.25652173913043474,12,0.7620943203535082,3.768357354032225,110.83,eAT,1,molecule,zz,0.1,bytype_shuffled,3,bytype_shuffled,eig,0,"[0.000,3.142]",none,1,1,Z,ridge,1,1,adam,adjoint,100,22,21,0,1.0,1,0.5486743281599544,0.13053273894547623,10.626667431681224,0.11638286449980592,0.8087150013429085,1.380094290749336,0.9625370453145851,0.6302246540118585,0.9404215224400378,12,0.5557518336458334,0.6302246540118585,0.2245341614906832,0.9424469993741238,12,0.6567243444154699
B5,zz_shuffled_r3,quantum,46,13,115,150,54,0.7580578914644819,0.7580578914644819,0.7654512153629999,0.9425068533983721,0.34314628708765715,0.3614745059481323,0.2833333333333334,0.3958333333333333,11,0.6048497747226077,2.2591928402891663,108.34,eAT,1,molecule,zz,0.1,bytype_shuffled,3,bytype_shuffled,eig,0,"[0.000,3.142]",none,1,1,Z,ridge,1,1,adam,adjoint,100,23,22,0,1.0,1,0.4028317063887779,0.15917903952840196,7.04881452961804,1.3310843267573171,0.33357023402053815,0.9450578580298404,0.9557740146845558,0.5934995460231677,0.9425068533983721,11,0.34314628708765715,0.5934995460231677,0.2833333333333334,0.9444819618805063,11,0.6105125900850883
B5,zz_shuffled_r3,quantum,47,13,114,163,41,0.9251380155912178,0.9251380155912178,0.9104622697778952,0.9368805778081127,0.5088013021086142,0.5130572684891231,0.4606060606060606,0.3878787878787879,9,0.7586862566773889,3.0317202933738367,119.99,eAT,1,molecule,zz,0.1,bytype_shuffled,3,bytype_shuffled,eig,0,"[0.000,3.142]",none,1,1,Z,ridge,1,1,adam,adjoint,100,22,21,0,1.0,1,0.4726747690309314,0.1140629178890047,8.920322853216646,0.040865150935276304,0.37085358415563247,0.5837824646093331,0.9583282748595388,0.7790571257781724,0.9368805778081127,9,0.5088013021086142,0.7790571257781724,0.4606060606060606,0.9390092526948765,9,0.7696709894874005
B5,zz_shuffled_r3,quantum,48,13,114,156,48,0.4997089590765211,0.4997089590765211,0.5083657833903822,0.9822925509475342,0.39397349256159875,0.39874029400467903,0.4291592128801432,0.4337209302325582,9,0.6964144277177886,2.6592382971307935,113.88,eAT,1,molecule,zz,0.1,bytype_shuffled,3,bytype_shuffled,eig,0,"[0.000,3.142]",none,1,1,Z,ridge,1,1,adam,adjoint,100,22,21,0,1.0,1,0.4085592792613133,0.12403270260575362,8.001330204215435,0.18111668978031456,0.5451733097953021,0.4525005773881898,0.9630952339677498,0.4960474135360339,0.9822925509475342,9,0.39397349256159875,0.4960474135360339,0.4291592128801432,0.9815075780508603,9,0.5010710543648517
B5,zz_shuffled_r3,quantum,49,13,113,157,47,0.5998293853432766,0.5998293853432766,0.6041867419270583,0.9685157386500459,0.49316942204516373,0.49652345781840423,0.27691029900332226,0.28488372093023256,11,0.6685613335493135,1.8914648798460538,117.99,eAT,1,molecule,zz,0.1,bytype_shuffled,3,bytype_shuffled,eig,0,"[0.000,3.142]",none,1,1,Z,ridge,1,1,adam,adjoint,100,21,20,0,1.0,1,0.6339066554432771,0.2101011765343346,5.652238903095043,0.7730240703857331,0.19909082735471206,0.6309342766397465,0.9605883134480587,0.5871992795768914,0.9685157386500459,11,0.49316942204516373,0.5871992795768914,0.27691029900332226,0.9635411342154987,11,0.5874705589976745
B5,zz_shuffled_r3,quantum,50,13,115,158,46,0.4962476637348205,0.4962476637348205,0.5052886608896937,0.9720422468964591,0.31347354553463375,0.32139211045450805,0.5857142857142857,0.521001221001221,6,0.6883209952674088,2.7567661077801255,113.06,eAT,1,molecule,zz,0.1,bytype_shuffled,3,bytype_shuffled,eig,0,"[0.000,3.142]",none,1,1,Z,ridge,1,1,adam,adjoint,100,23,22,0,1.0,1,0.5355694349927194,0.16692574846372701,8.700157837426325,0.6201112163543613,-0.1731684967919328,0.8819366873417382,0.9614430051083583,0.4285721832696143,0.9720422468964591,6,0.31347354553463375,0.4285721832696143,0.5857142857142857,0.9718309826643581,6,0.4371160117257655
B5,zz_shuffled_r3,quantum,51,13,115,154,50,0.6060151902340627,0.6060151902340627,0.6010833636517162,0.9596841452140161,0.5082376378798124,0.5075274826710721,0.3505952380952381,0.37827380952380957,11,0.7547025514920525,2.4825082366233566,112.77,eAT,1,molecule,zz,0.1,bytype_shuffled,3,bytype_shuffled,eig,0,"[0.000,3.142]",none,1,1,Z,ridge,1,1,adam,adjoint,100,23,22,0,1.0,1,0.5285462056890399,0.12965103567407835,8.566565479476235,0.31867672108776235,0.2831431324843831,0.7331335247394208,0.9666560679620392,0.5800164269885111,0.9596841452140161,11,0.5082376378798124,0.5800164269885111,0.3505952380952381,0.9603845366699985,11,0.5706553781929637
B5,zz_shuffled_r3,quantum,52,13,115,155,49,0.9679685067354935,0.9679685067354935,0.756296460599093,0.8424491442566937,0.662063093197892,0.6655072318868454,-0.3351052048726467,-0.33067552602436323,11,0.7280541402087555,2.522316157706671,114.91,eAT,1,molecule,zz,0.1,bytype_shuffled,3,bytype_shuffled,eig,0,"[0.000,3.142]",none,1,1,Z,ridge,1,1,adam,adjoint,100,23,22,0,1.0,1,0.5815177007718194,0.1581413311202201,7.247908687561188,0.37979602489560493,0.3719995293168805,0.7675880289620826,0.9636189315208242,0.7910582917012595,0.8424491442566937,11,0.662063093197892,0.7910582917012595,-0.3351052048726467,0.9510567312136834,11,0.7974033304998732
B5,zz_shuffled_r3,quantum,53,13,113,157,47,0.7605606847900466,0.7605606847900466,0.7842080459271723,0.9156918462059611,0.41124180091628104,0.42227134049194986,0.13414634146341464,0.08902439024390245,10,0.7038027750634093,1.5884125508367388,114.73,eAT,1,molecule,zz,0.1,bytype_shuffled,3,bytype_shuffled,eig,0,"[0.000,3.142]",none,1,1,Z,ridge,1,1,adam,adjoint,100,21,20,0,1.0,1,0.5738879057825143,0.1699840051174524,5.554032711220889,0.01931878244672624,0.2655102116496887,0.4984829055341871,0.9716311660434237,0.7373723628236201,0.9156918462059611,10,0.41124180091628104,0.7373723628236201,0.13414634146341464,0.9103593381353827,10,0.7659635014458532
B5,zz_shuffled_r3,quantum,54,13,115,151,53,0.7362049017804674,0.7362049017804674,0.7418265333861185,0.9590060126826915,0.3824972988216648,0.38272635229692453,0.2235064935064935,0.1495064935064935,11,0.7251900318006208,3.0831462565756964,109.45,eAT,1,molecule,zz,0.1,bytype_shuffled,3,bytype_shuffled,eig,0,"[0.000,3.142]",none,1,1,Z,ridge,1,1,adam,adjoint,100,23,22,0,1.0,1,0.5074698574917101,0.13945777539944038,9.089705739125922,0.021113148038753107,0.6556061133770125,0.7676821125944809,0.9689526964722991,0.7085112858127186,0.9590060126826915,11,0.3824972988216648,0.7085112858127186,0.2235064935064935,0.9575708298153749,11,0.7132011748926733
B5,zz_shuffled_r3,quantum,55,13,115,161,43,0.6097318281583215,0.6097318281583215,0.6142399046358215,0.9756363613793075,0.3961039246841785,0.4075275415777529,0.39999999999999997,0.46315789473684216,10,0.8032977592769704,2.0234760177478264,117.41,eAT,1,molecule,zz,0.1,bytype_shuffled,3,bytype_shuffled,eig,0,"[0.000,3.142]",none,1,1,Z,ridge,1,1,adam,adjoint,100,23,22,0,1.0,1,0.8679665244738798,0.17073096023659237,7.26697390768198,0.02500435304602254,0.53165436348831,0.8453205509914966,0.9616464682122158,0.5829963174403863,0.9756363613793075,10,0.3961039246841785,0.5829963174403863,0.39999999999999997,0.9755766964657187,10,0.5939339641322828
B5,zz_shuffled_r3,quantum,56,13,114,153,51,0.4956123088059565,0.4956123088059565,0.47664601422474634,0.9706766183279578,0.2777254651305677,0.27047281070083345,0.6270049099836333,0.6230769230769231,11,0.8050831222950198,3.027370388628672,111.24,eAT,1,molecule,zz,0.1,bytype_shuffled,3,bytype_shuffled,eig,0,"[0.000,3.142]",none,1,1,Z,ridge,1,1,adam,adjoint,100,22,21,0,1.0,1,0.5606820704097842,0.10928639854943899,9.985683230615823,0.25857120744265893,0.4878879931610738,1.4715696606917572,0.9621506178182391,0.386416017509346,0.9706766183279578,11,0.2777254651305677,0.386416017509346,0.6270049099836333,0.9728298024610056,11,0.37005208373193155
B5,zz_shuffled_r3,quantum,57,13,115,145,59,0.7581576946533075,0.7581576946533075,0.7412216076235547,0.9084901181821966,0.39700909321865746,0.3881764440666503,0.051631701631701644,0.023426573426573418,10,0.7228356971011024,2.2759889072763215,103.9,eAT,1,molecule,zz,0.1,bytype_shuffled,3,bytype_shuffled,eig,0,"[0.000,3.142]",none,1,1,Z,ridge,1,1,adam,adjoint,100,23,22,0,1.0,1,0.6684555825019756,0.18527202554303662,6.504803211156357,0.022613238315123314,0.2788673525395436,0.5407068769402986,0.9632044801028943,0.6853095783601686,0.9084901181821966,10,0.39700909321865746,0.6853095783601686,0.051631701631701644,0.9210917488887884,10,0.6812712184839431
B5,zz_shuffled_r3,quantum,58,13,115,153,51,0.5043254412447269,0.5043254412447269,0.4912620170624584,0.9769589770851945,0.368483826483234,0.36554008122449555,0.31149825783972124,0.31149825783972124,7,0.6729384046665472,2.712882048915822,111.9,eAT,1,molecule,zz,0.1,bytype_shuffled,3,bytype_shuffled,eig,0,"[0.000,3.142]",none,1,1,Z,ridge,1,1,adam,adjoint,100,23,22,0,1.0,1,0.510728030456802,0.16703952442271397,8.33280717783083,0.05527269547182171,0.6070579005710092,1.0988370312239009,0.9613239143401757,0.514918990638599,0.9769589770851945,7,0.368483826483234,0.514918990638599,0.31149825783972124,0.9779697020825098,7,0.49780615064426464
B5,zz_shuffled_r3,quantum,59,13,115,148,56,0.5306870771934189,0.5306870771934189,0.5283276128770894,0.9626662253457418,0.34832709594237976,0.357402294777366,0.3073726273726274,0.29058941058941057,11,0.7077118042350891,2.265690729793716,106.47,eAT,1,molecule,zz,0.1,bytype_shuffled,3,bytype_shuffled,eig,0,"[0.000,3.142]",none,1,1,Z,ridge,1,1,adam,adjoint,100,23,22,0,1.0,1,0.4617419870775349,0.13496173231179748,6.958731398115856,0.04785658991462421,0.23986765187002226,0.5655853629235025,0.9684665804406566,0.5307639613000124,0.9626662253457418,11,0.34832709594237976,0.5307639613000124,0.3073726273726274,0.9639927697900359,11,0.5273653436524586
B5,zz_shuffled_r3,quantum,60,13,114,157,47,0.6466766808272235,0.6466766808272235,0.6328222448338677,0.944947614472889,0.4461655138459142,0.4355307456921313,0.24080841638981174,0.24080841638981174,12,0.7067043207361937,1.808456001806707,112.59,eAT,1,molecule,zz,0.1,bytype_shuffled,3,bytype_shuffled,eig,0,"[0.000,3.142]",none,1,1,Z,ridge,1,1,adam,adjoint,100,22,21,0,1.0,1,0.41605034813795194,0.12202576946506369,5.583529459451126,0.08714795406192186,0.08739698915699642,0.26844406530510756,0.9508473577359782,0.4773146950954814,0.944947614472889,12,0.4461655138459142,0.4773146950954814,0.24080841638981174,0.9509408889614985,12,0.46900918057726193
B5,zz_shuffled_r3,quantum,61,13,115,151,53,1.1422411468978506,1.1422411468978506,1.0256022138470011,0.6430550541539324,0.6057302653283552,0.6313970956203425,0.32948328267477206,0.3446808510638298,10,0.6191368311169536,2.798988842233336,112.34,eAT,1,molecule,zz,0.1,bytype_shuffled,3,bytype_shuffled,eig,0,"[0.000,3.142]",none,1,1,Z,ridge,1,1,adam,adjoint,100,23,22,0,1.0,1,0.5971192296647915,0.22742072201113608,8.609007459976187,0.2140710080774725,0.0019042135449687983,2.0312245340404655,0.9636547565058617,0.7537899481282332,0.6430550541539324,10,0.6057302653283552,0.7537899481282332,0.32948328267477206,0.7790008296411811,10,0.7564727227190898
B5,zz_shuffled_r3,quantum,62,13,115,150,54,0.6734482512317119,0.6734482512317119,0.612546581477453,0.9425684271777822,0.46750416156471314,0.4438523656577133,0.06531593406593408,-0.04045329670329667,11,0.5875535809863845,2.2839140804330462,110.13,eAT,1,molecule,zz,0.1,bytype_shuffled,3,bytype_shuffled,eig,0,"[0.000,3.142]",none,1,1,Z,ridge,1,1,adam,adjoint,100,23,22,0,1.0,1,0.4710873413802037,0.19429828699490959,7.196194864480326,0.26550781676399704,0.09316868314423764,0.8191290478412889,0.9685910135569655,0.6336458297580384,0.9425684271777822,11,0.46750416156471314,0.6336458297580384,0.06531593406593408,0.9524317087574492,11,0.5714099484706019
B5,zz_shuffled_r3,quantum,63,13,114,157,47,0.6251796999965948,0.6251796999965948,0.6238641398936497,0.9517245015919549,0.31347533386142135,0.31186333800338645,0.37317073170731707,0.37317073170731707,10,0.8188552116965216,3.183793472363791,114.94,eAT,1,molecule,zz,0.1,bytype_shuffled,3,bytype_shuffled,eig,0,"[0.000,3.142]",none,1,1,Z,ridge,1,1,adam,adjoint,100,22,21,0,1.0,1,0.6426236988589414,0.11640793388860113,10.0795817572086,1.300176214337605,0.3509486580296196,1.5971466409335884,0.9643551392392553,0.592127651253824,0.9517245015919549,10,0.31347533386142135,0.592127651253824,0.37317073170731707,0.950818555152507,10,0.595859970588532
B5,zz_shuffled_r3,quantum,64,13,115,149,55,0.6067311285162389,0.6067311285162389,0.6073296462006446,0.962989156056226,0.4851979886442963,0.49118995766513673,0.21156567890314018,0.20920684063098924,10,0.7366748148671209,2.492669493376712,107.59,eAT,1,molecule,zz,0.1,bytype_shuffled,3,bytype_shuffled,eig,0,"[0.000,3.142]",none,1,1,Z,ridge,1,1,adam,adjoint,100,23,22,0,1.0,1,0.4814272577567763,0.12677192177681743,7.784403833909454,0.4341329331664137,0.2522120000225339,0.5414899335682487,0.9609041262747426,0.5845436154575656,0.962989156056226,10,0.4851979886442963,0.5845436154575656,0.21156567890314018,0.962486679424112,10,0.5859109483201568
B5,zz_shuffled_r3,quantum,65,13,114,147,57,0.35660898096977295,0.35660898096977295,0.3576681256233474,0.9758603103918992,0.2518186974789782,0.257290204258353,0.8441220238095238,0.8466517857142857,7,0.7945958049581874,2.201079128925891,107.42,eAT,1,molecule,zz,0.1,bytype_shuffled,3,bytype_shuffled,eig,0,"[0.000,3.142]",none,1,1,Z,ridge,1,1,adam,adjoint,100,22,21,0,1.0,1,0.4539179283765043,0.093236646693223,7.549428449594342,0.4194448325967832,0.5920690430490265,0.756568560507851,0.9648461794412507,0.3441700511993527,0.9758603103918992,7,0.2518186974789782,0.3441700511993527,0.8441220238095238,0.9774327732135946,7,0.3499211938381939
B5,zz_shuffled_r3,quantum,66,13,115,158,46,0.5834486718670047,0.5834486718670047,0.5528790890213989,0.9688677983105385,0.36047415115742676,0.35349667188306116,0.4326530612244899,0.4445578231292517,12,0.7844329990881029,1.6292078558133254,115.99,eAT,1,molecule,zz,0.1,bytype_shuffled,3,bytype_shuffled,eig,0,"[0.000,3.142]",none,1,1,Z,ridge,1,1,adam,adjoint,100,23,22,0,1.0,1,0.6131936731452459,0.1321843210980707,5.24820071052322,0.11196758248600042,0.17941933474521155,0.49080956035365647,0.9630308446338278,0.5532745617463701,0.9688677983105385,12,0.36047415115742676,0.5532745617463701,0.4326530612244899,0.9711988549894026,12,0.5260101735819117
B5,zz_shuffled_r3,quantum,67,13,115,154,50,0.7278571642191523,0.7278571642191523,0.7132936763983548,0.9434437561060147,0.5264425267449688,0.517330183315692,0.20838509316770185,0.20838509316770185,12,0.9020573860989864,2.651506390856338,113.49,eAT,1,molecule,zz,0.1,bytype_shuffled,3,bytype_shuffled,eig,0,"[0.000,3.142]",none,1,1,Z,ridge,1,1,adam,adjoint,100,23,22,0,1.0,1,0.5776321115557368,0.056574798878930674,7.934622555972142,0.07858139797259464,0.6120629951001142,0.6944765034674562,0.9722515513571971,0.7767394362728721,0.9434437561060147,12,0.5264425267449688,0.7767394362728721,0.20838509316770185,0.947266509141193,12,0.760540997327522
B5,zz_shuffled_r3,quantum,68,13,115,145,59,0.6514230780185458,0.6514230780185458,0.6587805169995188,0.9502802795903161,0.5664463439890061,0.567125866696298,0.08172056701468464,0.06785502079619728,9,0.6928787196483304,3.033870495604059,104.18,eAT,1,molecule,zz,0.1,bytype_shuffled,3,bytype_shuffled,eig,0,"[0.000,3.142]",none,1,1,Z,ridge,1,1,adam,adjoint,100,23,22,0,1.0,1,0.4247853020996925,0.13046060585542835,8.895749957560955,1.1267717468771488,0.40185738265928955,1.0621209979213735,0.9628128584362023,0.651365547219964,0.9502802795903161,9,0.5664463439890061,0.651365547219964,0.08172056701468464,0.9503748947098,9,0.6591482029419854
B5,zz_shuffled_r3,quantum,69,13,115,145,59,0.5488282124435242,0.5488282124435242,0.5317609459071561,0.9540916108302269,0.3201757105506801,0.31924545599734316,0.10617408906882593,0.08384904569115093,12,0.8112511790938578,2.144211246931525,103.42,eAT,1,molecule,zz,0.1,bytype_shuffled,3,bytype_shuffled,eig,0,"[0.000,3.142]",none,1,1,Z,ridge,1,1,adam,adjoint,100,23,22,0,1.0,1,0.4958944155150308,0.09359948622240259,6.540334240454968,0.023962014384286516,0.13251366042244186,0.7978588148508395,0.9657376180420333,0.4465736611632145,0.9540916108302269,12,0.3201757105506801,0.4465736611632145,0.10617408906882593,0.9626995298506799,12,0.4424390716914664
B5,zz_shuffled_r3,quantum,70,13,115,156,48,0.5774888381617226,0.5774888381617226,0.5971133863368808,0.9654079473710878,0.3183410555817644,0.32415506727626997,0.4181184668989547,0.43275261324041814,9,0.7013387246307927,2.9696717593541977,110.56,eAT,1,molecule,zz,0.1,bytype_shuffled,3,bytype_shuffled,eig,0,"[0.000,3.142]",none,1,1,Z,ridge,1,1,adam,adjoint,100,23,22,0,1.0,1,0.5116424637612221,0.15280779075997003,8.672198271777697,0.021080655793534745,0.37784727933554246,0.8249127563574811,0.9608197451218233,0.4658417995534134,0.9654079473710878,9,0.3183410555817644,0.4658417995534134,0.4181184668989547,0.9631724752503945,9,0.479686313616437
B5,zz_shuffled_r3,quantum,71,13,114,149,55,0.6635512393689329,0.6635512393689329,0.6614552889679873,0.9518586182112322,0.5465087629996073,0.5515898854233401,-0.004140090678552217,0.028002766464304916,9,0.6982522830581612,4.314438902548092,105.62,eAT,1,molecule,zz,0.1,bytype_shuffled,3,bytype_shuffled,eig,0,"[0.000,3.142]",none,1,1,Z,ridge,1,1,adam,adjoint,100,22,21,0,1.0,1,0.5160131675656494,0.15570579522486122,10.714947415618289,0.04281833046083044,0.24373769837636328,1.7890231009305866,0.9695653030382977,0.6822234877842354,0.9518586182112322,9,0.5465087629996073,0.6822234877842354,-0.004140090678552217,0.9521360432870748,9,0.6811707479474062
B5,zz_shuffled_r3,quantum,72,13,115,152,52,0.8334367687604229,0.8334367687604229,0.7003638979352457,0.8088661906810434,0.4841385272102919,0.4915043146107432,0.3283482142857143,0.3464285714285715,9,0.6252819124337606,2.3715724230919877,107.26,eAT,1,molecule,zz,0.1,bytype_shuffled,3,bytype_shuffled,eig,0,"[0.000,3.142]",none,1,1,Z,ridge,1,1,adam,adjoint,100,23,22,0,1.0,1,0.49631317657572704,0.18597752436038173,6.732086351069588,0.3477079234553947,0.38462134368377165,1.1280902053245974,0.959575618771953,0.5518274075163329,0.8088661906810434,9,0.4841385272102919,0.5518274075163329,0.3283482142857143,0.9430111684720941,9,0.5788933871224327
B5,zz_shuffled_r3,quantum,73,13,115,161,43,0.6658473923794291,0.6658473923794291,0.6643824071696699,0.9496775374560463,0.4554837546345477,0.4616113776633045,0.19511278195488724,0.16184210526315787,10,0.7168075721099217,2.929592693480408,114.44,eAT,1,molecule,zz,0.1,bytype_shuffled,3,bytype_shuffled,eig,0,"[0.000,3.142]",none,1,1,Z,ridge,1,1,adam,adjoint,100,23,22,0,1.0,1,0.46730584129866437,0.13233747576458438,9.006022443903978,0.07428725933225618,0.4119252222686807,0.8013736218983533,0.9656792587178149,0.6582811241553088,0.9496775374560463,10,0.4554837546345477,0.6582811241553088,0.19511278195488724,0.949404962744548,10,0.6569336484047069
B5,zz_shuffled_r3,quantum,74,13,115,154,50,0.5382520905624925,0.5382520905624925,0.5553359668910833,0.9630519627552754,0.35173728206295934,0.35382784447021826,0.076686507936508,0.05267857142857146,10,0.6299275640242847,1.8024111691978966,108.85,eAT,1,molecule,zz,0.1,bytype_shuffled,3,bytype_shuffled,eig,0,"[0.000,3.142]",none,1,1,Z,ridge,1,1,adam,adjoint,100,23,22,0,1.0,1,0.528039942328347,0.19541302774992758,5.745165901454204,0.11631028899472287,-0.04892161155341217,0.5251971370639419,0.9620808054682684,0.5377549713409931,0.9630519627552754,10,0.35173728206295934,0.5377549713409931,0.076686507936508,0.9618232917506545,10,0.5526509141873285
B5,zz_shuffled_r3,quantum,75,13,115,156,48,0.5214120699127376,0.5214120699127376,0.481337515412223,0.976467590254999,0.34050220923555924,0.33507577236562225,0.31074380165289256,0.3133608815426997,9,0.7296896126698914,2.3726976432086486,111.19,eAT,1,molecule,zz,0.1,bytype_shuffled,3,bytype_shuffled,eig,0,"[0.000,3.142]",none,1,1,Z,ridge,1,1,adam,adjoint,100,23,22,0,1.0,1,0.5241460892826332,0.14168213241155028,6.80037665298968,0.36821756609982786,0.31513609097549955,0.7546897855453097,0.960864586567556,0.48439876556402955,0.976467590254999,9,0.34050220923555924,0.48439876556402955,0.31074380165289256,0.9833433653148245,9,0.47544731221961617
B5,zz_shuffled_r3,quantum,76,13,115,150,54,0.5855452230968085,0.5855452230968085,0.5708908121584388,0.9764593359270386,0.4267272079454932,0.41943440130776594,-0.16764705882352943,-0.1384705882352941,12,0.6924810787520017,2.633444034491828,103.97,eAT,1,molecule,zz,0.1,bytype_shuffled,3,bytype_shuffled,eig,0,"[0.000,3.142]",none,1,1,Z,ridge,1,1,adam,adjoint,100,23,22,0,1.0,1,0.46398156693956205,0.14268311094421007,8.14111016609679,0.8733901625631152,0.5687843072261759,1.2684999916516568,0.9605300536598549,0.5805229222631142,0.9764593359270386,12,0.4267272079454932,0.5805229222631142,-0.16764705882352943,0.9773380695989973,12,0.5601152256903178
B5,zz_shuffled_r3,quantum,77,13,114,151,53,0.6392576533130889,0.6392576533130889,0.6365371757613769,0.957467438872945,0.5462801825429809,0.5401433946339372,0.028819444444444436,0.04791666666666664,9,0.7504323170684742,2.5413382783141687,106.13,eAT,1,molecule,zz,0.1,bytype_shuffled,3,bytype_shuffled,eig,0,"[0.000,3.142]",none,1,1,Z,ridge,1,1,adam,adjoint,100,22,21,0,1.0,1,0.49909800068689963,0.12455873158718662,8.02879093808895,0.8316722531365783,0.36674000337427604,1.2512626485765954,0.9632944656331313,0.6567407634532206,0.957467438872945,9,0.5462801825429809,0.6567407634532206,0.028819444444444436,0.9577582816614949,9,0.6548748567570951
B5,zz_shuffled_r3,quantum,78,13,115,150,54,0.6362051377287884,0.6362051377287884,0.6354361722217635,0.9412766999106082,0.4604219941122854,0.4590880323925943,0.5001352813852814,0.48978937728937727,8,0.7808057815014579,3.149380867194445,103.96,eAT,1,molecule,zz,0.1,bytype_shuffled,3,bytype_shuffled,eig,0,"[0.000,3.142]",none,1,1,Z,ridge,1,1,adam,adjoint,100,23,22,0,1.0,1,0.4874294865802942,0.10684172538411324,8.914933785386904,0.039460012550021926,0.11791674730992115,0.7275603572209506,0.9650351838282625,0.595408221779152,0.9412766999106082,8,0.4604219941122854,0.595408221779152,0.5001352813852814,0.9398531785541839,8,0.5924974078692223
B5,zz_shuffled_r3,quantum,79,13,114,157,47,0.6860170714689878,0.6860170714689878,0.6713603895368337,0.9598191212458932,0.3269976312190471,0.32359220746697615,0.24358974358974358,0.24436674436674435,7,0.6969348580307342,2.2599117620369236,107.68,eAT,1,molecule,zz,0.1,bytype_shuffled,3,bytype_shuffled,eig,0,"[0.000,3.142]",none,1,1,Z,ridge,1,1,adam,adjoint,100,22,21,0,1.0,1,0.4492133862905742,0.13614091869064757,6.403034267809904,0.044386538349378446,0.28453481866671543,0.6092063236613943,0.9658183183406553,0.5392401718007042,0.9598191212458932,7,0.3269976312190471,0.5392401718007042,0.24358974358974358,0.9643696186914579,7,0.5463081878650959
B5,zz_shuffled_r3,quantum,80,13,114,155,49,0.585378905736663,0.585378905736663,0.5899396427844005,0.9585269275004458,0.42889709553109506,0.4338092604594809,0.08300536672629695,0.18237924865831842,8,0.6659643936993243,2.4608638885176597,107.34,eAT,1,molecule,zz,0.1,bytype_shuffled,3,bytype_shuffled,eig,0,"[0.000,3.142]",none,1,1,Z,ridge,1,1,adam,adjoint,100,22,21,0,1.0,1,0.5333411628175084,0.17815493868685386,7.535608443675022,0.0339714743777145,0.426154343026579,1.119380789064272,0.9611174696695861,0.5368539975986641,0.9585269275004458,8,0.42889709553109506,0.5368539975986641,0.08300536672629695,0.9569953651141004,8,0.5413288603331828
B5,zz_shuffled_r3,quantum,81,13,115,154,50,0.7013141800456887,0.7013141800456887,0.6919434376023728,0.9663716149575893,0.35529892270267016,0.3606826022989596,0.3035894660894662,0.22844065656565657,9,0.5952081388612567,2.643759164003059,107.1,eAT,1,molecule,zz,0.1,bytype_shuffled,3,bytype_shuffled,eig,0,"[0.000,3.142]",none,1,1,Z,ridge,1,1,adam,adjoint,100,23,22,0,1.0,1,0.5258179316644784,0.21284681917858878,7.599160019575125,0.20492742003198927,0.25754720138720194,0.605661668815808,0.9636531529839275,0.6659298821676488,0.9663716149575893,9,0.35529892270267016,0.6659298821676488,0.3035894660894662,0.9666143690250208,9,0.65715335885093
