config,seed,arm,n_params,hidden_width,n_train,n_test,mae,r2,isomer_mae,isomer_mae_tr,isomer_rho,n_isomer_groups,loss_first,loss_last,alpha_mean,alpha_std,time_s,node_feat
A2,42,C2_end2end,39,,2653,866,0.34052316913143177,0.991810471466732,0.2975862170944563,0.3400809459593433,0.7646282148824748,55,0.7676362640615089,0.18124181477966245,0.16636922955513,0.3980973958969116,1264.2,
A2,42,C2_shuffled,39,,2653,866,0.7030062162670594,0.9656189689329794,0.6155227953814701,0.6911964879914767,0.370489331223801,55,0.7676362640615089,0.7556173922484113,0.2801302373409271,0.09395185858011246,1264.2,
A2,42,C3_msgpass,110,12,2653,866,0.23752963684278933,0.9956517374475413,0.21735838808753355,0.2342559684104266,0.8702555342252714,55,0.8928361535072327,0.09163518995046616,,,1264.2,atom
A2,42,C3_eigfeat,110,28,2653,866,0.42087307874538354,0.9875466199464311,0.3733632639577996,0.41704438970574065,0.7685405759430892,55,0.8260703682899475,0.2523268461227417,,,1264.2,eig
A2,42,C3_diagfeat,110,28,2653,866,0.3596864699818802,0.9904125395698763,0.3279966494071898,0.35819019930692547,0.8240238463777249,55,0.8994032144546509,0.18309681117534637,,,1264.2,diag
A2,42,C3_msgpass_shuffled,110,12,2653,866,0.30347330203774686,0.992707898016067,0.2750411656546949,0.29748776486284645,0.8042168021432207,55,0.8928361535072327,0.15236739814281464,,,1264.2,atom
A2,43,C2_end2end,39,,2630,889,0.4015547346820029,0.9908455142141154,0.34926923724005415,0.3990306852954536,0.7138111536212712,52,0.7702399783855388,0.19426815004769163,0.18201768398284912,0.38835644721984863,1247.7,
A2,43,C2_shuffled,39,,2630,889,0.8078002415447215,0.9646570078611061,0.6561856405094102,0.8008917393587832,0.2303987408704065,52,0.7702399783855388,0.8902660092729937,0.35080504417419434,0.32480472326278687,1247.7,
A2,43,C3_msgpass,110,12,2630,889,0.27246208015396844,0.9953112530970654,0.24469672676798612,0.2678604717690801,0.843036547595109,52,0.6458773016929626,0.09198801964521408,,,1247.7,atom
A2,43,C3_eigfeat,110,28,2630,889,0.4371959614738043,0.988592790464875,0.38597714169451003,0.43004810405530275,0.6885008331446242,52,0.8252978920936584,0.24308812618255615,,,1247.7,eig
A2,43,C3_diagfeat,110,28,2630,889,0.3543376415634304,0.9926693824755728,0.32136982749170134,0.3488589577982115,0.750439584779204,52,0.9035844802856445,0.16421404480934143,,,1247.7,diag
A2,43,C3_msgpass_shuffled,110,12,2630,889,0.3026717481272216,0.9942630950018023,0.26490291949061656,0.29737291652829884,0.8035303028407815,52,0.6458773016929626,0.1426209658384323,,,1247.7,atom
A2,44,C2_end2end,38,,2595,924,0.38196582130768897,0.9900878059092512,0.35067839090791814,0.3810971134223831,0.7862286027271839,51,0.7619735063999252,0.2012033038695998,0.17797096073627472,0.3095269799232483,1236.4,
A2,44,C2_shuffled,38,,2595,924,0.8368532523953393,0.9548877992836063,0.7058647224182684,0.8414936118570414,0.30137600316974833,51,0.7619735063999252,0.84687950542687,0.37550750374794006,0.5259377360343933,1236.4,
A2,44,C3_msgpass,109,12,2595,924,0.2713996817247512,0.9943902955477392,0.24622750383774664,0.26839241393815755,0.8724998435694349,51,0.7835246324539185,0.10158407688140869,,,1236.4,atom
A2,44,C3_eigfeat,109,28,2595,924,0.4146403373898351,0.9877186606829947,0.3848733165081586,0.41560228623944717,0.7657825632577097,51,0.8140837550163269,0.24113981425762177,,,1236.4,eig
A2,44,C3_diagfeat,109,28,2595,924,0.28531060779348744,0.9939613795994557,0.2629589296149951,0.2866759049280011,0.8678833304460916,51,0.8997489809989929,0.12644347548484802,,,1236.4,diag
A2,44,C3_msgpass_shuffled,109,12,2595,924,0.3251014443137932,0.9919085237023499,0.2894487364640976,0.32106172820619355,0.8181253734651732,51,0.7835246324539185,0.1476992964744568,,,1236.4,atom
A2,45,C2_end2end,38,,2647,872,0.558339799960076,0.982494708420393,0.4874964788287411,0.5469777607301801,0.6278942221419367,54,0.7900683716350085,0.3944805953719246,0.23227132856845856,0.3835059702396393,1279.0,
A2,45,C2_shuffled,38,,2647,872,0.9124243171537187,0.9541967703655486,0.7976265087397965,0.9151215247892371,0.0565210677724068,54,0.7900683716350085,0.9580692675523805,0.30537930130958557,0.39739689230918884,1279.0,
A2,45,C3_msgpass,109,12,2647,872,0.28500949667495334,0.9948688893071155,0.25950503280375703,0.28423766891879754,0.8514610332717008,54,0.8112284541130066,0.11697161942720413,,,1279.0,atom
A2,45,C3_eigfeat,109,28,2647,872,0.4882849397369385,0.9868845265902347,0.4277918838190415,0.4889956254910487,0.7519288359556199,54,0.8396928310394287,0.24897967278957367,,,1279.0,eig
A2,45,C3_diagfeat,109,28,2647,872,0.36346545675090136,0.9914636534160984,0.3341263353000636,0.36215729071457786,0.7918093466387787,54,0.9043445587158203,0.16658718883991241,,,1279.0,diag
A2,45,C3_msgpass_shuffled,109,12,2647,872,0.33144814864911004,0.9929233142164268,0.2828265712178219,0.32025956619916957,0.8398456735165877,54,0.8112284541130066,0.1663423478603363,,,1279.0,atom
A2,46,C2_end2end,38,,2665,854,0.3850991370282442,0.9932606366054011,0.31936506189171543,0.3846714224001953,0.7646540168193071,56,0.7772007278654545,0.20333129116442397,0.17931799590587616,0.32970547676086426,1255.9,
A2,46,C2_shuffled,38,,2665,854,0.7589577919152609,0.9752123026013136,0.6432788055119836,0.7521061310711769,0.2968652105704214,56,0.7772007278654545,0.835497858170966,0.37666237354278564,0.36293917894363403,1255.9,
A2,46,C3_msgpass,109,12,2665,854,0.3055026361866651,0.9958801573515663,0.26178187374646866,0.30482768755417977,0.817621345213989,56,0.7216338515281677,0.11824542284011841,,,1255.9,atom
A2,46,C3_eigfeat,109,28,2665,854,0.42397797510213336,0.991568594137902,0.35524769600275913,0.41964466443883564,0.7727705691970295,56,0.8359896540641785,0.2388800084590912,,,1255.9,eig
A2,46,C3_diagfeat,109,28,2665,854,0.3398291483384685,0.993505038339647,0.27623699295474274,0.32544707868242706,0.7924687701038283,56,0.8987551927566528,0.16151364147663116,,,1255.9,diag
A2,46,C3_msgpass_shuffled,109,12,2665,854,0.3458306043849875,0.9937681589404009,0.283208934540409,0.33343408472121927,0.823610465055347,56,0.7216338515281677,0.15092797577381134,,,1255.9,atom
A2,47,C2_end2end,39,,2642,877,0.3472373255037617,0.9934753976318507,0.31333911697365463,0.34723247240990274,0.809369054380683,55,0.7662562468358016,0.19365772644014848,0.13728810846805573,0.42019063234329224,1258.4,
A2,47,C2_shuffled,39,,2642,877,0.8134714449317166,0.9658459505732642,0.68287627068621,0.8012445722962617,0.4206900714580624,55,0.7662562468358016,0.7563748536253218,0.3214046061038971,0.21969208121299744,1258.4,
A2,47,C3_msgpass,110,12,2642,877,0.2559552648414568,0.9961619757251906,0.23067787965462305,0.2533361621564892,0.8792458519286208,55,0.8311105966567993,0.09564780443906784,,,1258.4,atom
A2,47,C3_eigfeat,110,28,2642,877,0.40260929848601934,0.9911631793990854,0.36907801460298334,0.40168821129434934,0.7813764966603879,55,0.8357811570167542,0.2550557553768158,,,1258.4,eig
A2,47,C3_diagfeat,110,28,2642,877,0.3521883441390177,0.9912663438861736,0.32064454539449533,0.342141977256201,0.7539204012042194,55,0.9003579020500183,0.19362804293632507,,,1258.4,diag
A2,47,C3_msgpass_shuffled,110,12,2642,877,0.32673435827471886,0.993792963494563,0.28229430578400755,0.3186556705594745,0.8144521301872709,55,0.8311105966567993,0.1714591085910797,,,1258.4,atom
A2,48,C2_end2end,39,,2609,910,0.37125589918417207,0.9922255530319736,0.3352478464529843,0.366895963114144,0.7392475303734262,47,0.7368916241374722,0.20285970259432826,0.20152121782302856,0.36116740107536316,1234.5,
A2,48,C2_shuffled,39,,2609,910,0.8106908046743081,0.9684239083278133,0.6970954307414005,0.8015844043942105,0.34929649928863604,47,0.7368916241374722,0.831831695247287,0.35453757643699646,0.2997133731842041,1234.5,
A2,48,C3_msgpass,110,12,2609,910,0.27810746822086524,0.9953397526211382,0.25294230456948824,0.2695071986971162,0.8250201208655366,47,0.7038871049880981,0.1023990735411644,,,1234.5,atom
A2,48,C3_eigfeat,110,28,2609,910,0.4489608363774978,0.9894363638102102,0.39822758408552483,0.4422859650513176,0.7401137305258654,47,0.8383395075798035,0.23755967617034912,,,1234.5,eig
A2,48,C3_diagfeat,110,28,2609,910,0.4108411069738681,0.9906574784427028,0.37348573696021364,0.40962268316554434,0.7290396538523825,47,0.8969743251800537,0.2118559032678604,,,1234.5,diag
A2,48,C3_msgpass_shuffled,110,12,2609,910,0.3260746229395067,0.9931561687184169,0.276160007212967,0.31259425862101725,0.8134311206512451,47,0.7038871049880981,0.1494811624288559,,,1234.5,atom
A2,49,C2_end2end,39,,2650,869,0.5815710098983582,0.9800953205567008,0.49551806870728277,0.5752410989873157,0.542764687709142,56,0.7696126638877558,0.48654776963352697,0.3100191354751587,0.4514402747154236,1242.0,
A2,49,C2_shuffled,39,,2650,869,0.8031424464937359,0.965076995711857,0.6693472135222597,0.7979040813730068,0.3422879525727534,56,0.7696126638877558,0.8242119735450812,0.308401495218277,0.36937153339385986,1242.0,
A2,49,C3_msgpass,110,12,2650,869,0.24897497708671368,0.996106749818587,0.22550098636305346,0.2430323649778574,0.8420083219432232,56,0.8203121423721313,0.09723705053329468,,,1242.0,atom
A2,49,C3_eigfeat,110,28,2650,869,0.30992616522829597,0.9943942790238849,0.2669470697032529,0.30275513357667505,0.7970540935331365,56,0.8339034914970398,0.1578991413116455,,,1242.0,eig
A2,49,C3_diagfeat,110,28,2650,869,0.34834864179810143,0.99250488046111,0.30614314564562467,0.3410268050020337,0.7521534572714452,56,0.9070714116096497,0.1902904063463211,,,1242.0,diag
A2,49,C3_msgpass_shuffled,110,12,2650,869,0.3598403919403644,0.9924780471355,0.3084782198389527,0.3483141309255505,0.7492575710693894,56,0.8203121423721313,0.17515452206134796,,,1242.0,atom
A2,50,C2_end2end,38,,2691,828,0.3677114222238049,0.9923196810510779,0.3059820017620927,0.36852375955791566,0.762790004621964,54,0.7549968565576175,0.19774865238335415,0.21577705442905426,0.29950982332229614,1273.0,
A2,50,C2_shuffled,38,,2691,828,0.7793454056334533,0.9695896567065971,0.6478493773722324,0.7792201282079418,0.32777720219714807,54,0.7549968565576175,0.7425670591976401,0.28451332449913025,0.06640419363975525,1273.0,
A2,50,C3_msgpass,109,12,2691,828,0.2777658523998043,0.9953905537528652,0.243974404775152,0.27382429079166704,0.8481300971823033,54,0.8517845273017883,0.10595078021287918,,,1273.0,atom
A2,50,C3_eigfeat,109,28,2691,828,0.4327761115273524,0.9897858880777916,0.3695928805738471,0.4315847357422106,0.7147159849846078,54,0.8083258271217346,0.24229876697063446,,,1273.0,eig
A2,50,C3_diagfeat,109,28,2691,828,0.3777000902742194,0.9916469366468919,0.3266164528360915,0.3770616674072168,0.7285876958515913,54,0.8924587965011597,0.19364283978939056,,,1273.0,diag
A2,50,C3_msgpass_shuffled,109,12,2691,828,0.31818861027030654,0.9939983741500835,0.26212827759537116,0.30715156242668396,0.7833654624766808,54,0.8517845273017883,0.16599829494953156,,,1273.0,atom
A2,51,C2_end2end,38,,2631,888,0.37655568184871124,0.9912028425845055,0.33991380962328027,0.37360331665322194,0.7688026188050514,46,0.7758660081704389,0.19718771788266623,0.2276732474565506,0.2893420159816742,1253.8,
A2,51,C2_shuffled,38,,2631,888,0.728456058743856,0.9695330696381698,0.6416595050303092,0.7284220171154738,0.40897347162421277,46,0.7758660081704389,0.7685527019543726,0.28428176045417786,0.1406906396150589,1253.8,
A2,51,C3_msgpass,109,12,2631,888,0.2959322650698889,0.994145038863224,0.27523591262745517,0.29195045635286315,0.8420265435747435,46,0.9261038303375244,0.11445453763008118,,,1253.8,atom
A2,51,C3_eigfeat,109,28,2631,888,0.41125130426929263,0.9896412506423731,0.3789856023629383,0.4078601197301185,0.7649656711290969,46,0.8377964496612549,0.2552894055843353,,,1253.8,eig
A2,51,C3_diagfeat,109,28,2631,888,0.37800960233526426,0.9909097848572714,0.3447680721311582,0.37356781130349487,0.7847702800751135,46,0.9109771251678467,0.2034565508365631,,,1253.8,diag
A2,51,C3_msgpass_shuffled,109,12,2631,888,0.312236863159044,0.992763570339777,0.27553583244935076,0.2998352966991861,0.8506718297178449,46,0.9261038303375244,0.17183054983615875,,,1253.8,atom
