config,split,entangler,alpha,alpha_mode,n_rounds,bond_param_mode,drop_q0,angle_range,add_Z_encoding,n_reupload,observable,readout,scaler,optimizer,diff_method,epochs,seed,n_qubits,n_params,n_types,n_train,n_test,mae,r2,isomer_mae,isomer_mae_tr,isomer_rho,n_isomer_groups,loss_first,loss_last,loss_drop,param_shift,param_shift_rel,grad_norm_last,alpha_mean,angle_max,comp_r2,time_s,arm
B3,molecule,zz,0.1,fixed,1,fixed,0,"[0.000,3.142]",0,1,Z,ridge,0,none,none,0,42,13,14,15,352,134,0.8282831919437155,0.9245180648712886,0.743743699414306,0.8211673647971317,0.206846681245077,8,0.9643779747200636,0.9643779747200636,0.0,0.0,0.0,nan,0.1,0.12444444444444445,0.9457454409377412,1.47,zero_published
B3,molecule,zz,0.1,fixed,1,fixed,0,"[0.000,3.142]",0,1,Z,ridge,0,spsa,none,100,42,13,40,15,352,134,0.8278939160121299,0.9244564711308424,0.7443200598965273,0.8210713172988245,0.1309176859978999,8,0.9652923590934089,0.9649449325318088,0.0003599184830660404,0.03372705303337239,0.02541295488976633,nan,0.1,0.12444444444444445,0.9457454409377412,118.44,spsa_published
B3,molecule,zz,0.1,fixed,1,fixed,0,"[0.000,3.142]",0,1,Z,ridge,0,adam,adjoint,100,42,13,40,15,352,134,0.8542654653932858,0.9246775062014768,0.7595091586236892,0.8479627847256338,0.04641689267357718,8,0.9652923590934089,0.9206356074361314,0.046262410798753914,2.431022110659569,1.831747801181632,0.005995474791689212,0.1,0.12444444444444445,0.9457454409377412,118.81,adam_published
B3,molecule,zz,0.1,fixed,1,fixed,0,"[0.000,3.142]",0,1,Z,ridge,1,none,none,0,42,13,14,15,352,134,0.725770115144317,0.9490274311294314,0.6640764010107952,0.7236274651162903,0.40747074523812493,8,0.667248072493703,0.667248072493703,0.0,0.0,0.0,nan,0.1,0.12444444444444445,0.9457454409377412,1.01,zero_scaled
B3,molecule,zz,0.1,fixed,1,fixed,0,"[0.000,3.142]",0,1,Z,ridge,1,adam,adjoint,100,42,13,40,15,352,134,0.6617497041890443,0.9543501602364644,0.6032035039292776,0.6566132101871084,0.37106816237832274,8,0.7352757320342249,0.5938360732058101,0.19236274592812375,1.77559482886597,1.3378907206575283,0.14381761003390026,0.1,0.12444444444444445,0.9457454409377412,121.4,adam_scaled
B3,molecule,zz,0.1,fixed,1,fixed,0,"[0.000,3.142]",0,1,Z,ridge,0,none,none,0,43,13,14,15,333,153,0.6793836148103761,0.9566801900749415,0.6605745901264868,0.6810691262631984,0.09022723023698422,8,0.9206705577207085,0.9206705577207085,0.0,0.0,0.0,nan,0.1,0.12444444444444445,0.9328994816003787,1.45,zero_published
B3,molecule,zz,0.1,fixed,1,fixed,0,"[0.000,3.142]",0,1,Z,ridge,0,spsa,none,100,43,13,40,15,333,153,0.6766692066589257,0.956341505517067,0.6663553611293496,0.6785887894204177,-0.04084475359824876,8,0.9299033477251112,0.9299110541917143,-8.287384513604122e-06,0.03689937224312968,0.02470108385968317,nan,0.1,0.12444444444444445,0.9328994816003787,111.66,spsa_published
B3,molecule,zz,0.1,fixed,1,fixed,0,"[0.000,3.142]",0,1,Z,ridge,0,adam,adjoint,100,43,13,40,15,333,153,0.6778682306669609,0.9557906067969997,0.668957116778418,0.6794265503707605,-0.025238074044365823,8,0.9299033477251112,0.9032270685989183,0.028687152478215013,1.7750275841537906,1.1882344480154985,0.015041636896844,0.1,0.12444444444444445,0.9328994816003787,112.64,adam_published
B3,molecule,zz,0.1,fixed,1,fixed,0,"[0.000,3.142]",0,1,Z,ridge,1,none,none,0,43,13,14,15,333,153,0.5734264361333008,0.9692495617250788,0.4836513486522526,0.5751280924625239,0.6027092801602189,8,0.6445482995380042,0.6445482995380042,0.0,0.0,0.0,nan,0.1,0.12444444444444445,0.9328994816003787,1.05,zero_scaled
B3,molecule,zz,0.1,fixed,1,fixed,0,"[0.000,3.142]",0,1,Z,ridge,1,adam,adjoint,100,43,13,40,15,333,153,0.559902843853723,0.9707441022466314,0.49407899545332307,0.562035621476857,0.5981689725087087,8,0.674290440714697,0.572760804872681,0.1505725570340316,2.344591435376376,1.5695104317854576,0.09111278975010045,0.1,0.12444444444444445,0.9328994816003787,114.06,adam_scaled
B3,molecule,zz,0.1,fixed,1,fixed,0,"[0.000,3.142]",0,1,Z,ridge,0,none,none,0,44,13,14,15,367,119,0.860172348131572,0.9356880903564381,0.7737087892313383,0.8653679720546843,0.3209703143795044,8,0.9534289195214063,0.9534289195214063,0.0,0.0,0.0,nan,0.1,0.12444444444444445,0.9425865545779384,1.61,zero_published
B3,molecule,zz,0.1,fixed,1,fixed,0,"[0.000,3.142]",0,1,Z,ridge,0,spsa,none,100,44,13,40,15,367,119,0.8638585165368149,0.93536961493349,0.7768679828298526,0.8689841520309662,0.34306146793829717,8,0.9625427121128551,0.9623930706214572,0.00015546478043502242,0.01042910210040832,0.00828361720538922,nan,0.1,0.12444444444444445,0.9425865545779384,126.28,spsa_published
B3,molecule,zz,0.1,fixed,1,fixed,0,"[0.000,3.142]",0,1,Z,ridge,0,adam,adjoint,100,44,13,40,15,367,119,0.853846577410331,0.9363591295102213,0.7647336780025072,0.8584431470284631,0.2642419940835844,8,0.9625427121128551,0.9428963515973644,0.020410897374481665,1.906134174055747,1.5140024220656882,0.007391186827961457,0.1,0.12444444444444445,0.9425865545779384,124.31,adam_published
B3,molecule,zz,0.1,fixed,1,fixed,0,"[0.000,3.142]",0,1,Z,ridge,1,none,none,0,44,13,14,15,367,119,0.6681201847097166,0.9610957530593437,0.5637248816954742,0.6733397410170324,0.49453383084317193,8,0.7041267272821075,0.7041267272821075,0.0,0.0,0.0,nan,0.1,0.12444444444444445,0.9425865545779384,1.05,zero_scaled
B3,molecule,zz,0.1,fixed,1,fixed,0,"[0.000,3.142]",0,1,Z,ridge,1,adam,adjoint,100,44,13,40,15,367,119,0.6005233155576682,0.9671667938958971,0.5011964190303172,0.6052420503339351,0.5761409224929239,8,0.7236990150294529,0.6277496353939784,0.13258188506940213,2.023028403349409,1.6068490583019739,0.04459583506846617,0.1,0.12444444444444445,0.9425865545779384,126.24,adam_scaled
B3,molecule,zz,0.1,fixed,1,fixed,0,"[0.000,3.142]",0,1,Z,ridge,0,none,none,0,45,13,14,15,361,125,0.7737150514272948,0.953313334049936,0.703935724681772,0.7766493738393536,0.00243383277064492,9,0.9258812009826792,0.9258812009826792,0.0,0.0,0.0,nan,0.1,0.12444444444444445,0.9346144364898379,1.47,zero_published
B3,molecule,zz,0.1,fixed,1,fixed,0,"[0.000,3.142]",0,1,Z,ridge,0,spsa,none,100,45,13,40,15,361,125,0.7763367711644957,0.9529192201263816,0.7046560648200589,0.779494800262897,0.03980815199980285,9,0.93357577979343,0.9334052883989838,0.00018262191258203107,0.0151311605383756,0.012104392104951617,nan,0.1,0.12444444444444445,0.9346144364898379,120.98,spsa_published
B3,molecule,zz,0.1,fixed,1,fixed,0,"[0.000,3.142]",0,1,Z,ridge,0,adam,adjoint,100,45,13,40,15,361,125,0.7732927020828672,0.9543028534926067,0.6858018423426152,0.7771199906792213,0.24587409743956232,9,0.93357577979343,0.8941071356983167,0.04227685095241699,2.7804549210468887,2.2242653832887647,0.010398284909936294,0.1,0.12444444444444445,0.9346144364898379,121.73,adam_published
B3,molecule,zz,0.1,fixed,1,fixed,0,"[0.000,3.142]",0,1,Z,ridge,1,none,none,0,45,13,14,15,361,125,0.630211912653828,0.967860448406388,0.5783559729102445,0.6316756186921882,0.44624035831341335,9,0.6629432810619333,0.6629432810619333,0.0,0.0,0.0,nan,0.1,0.12444444444444445,0.9346144364898379,1.02,zero_scaled
B3,molecule,zz,0.1,fixed,1,fixed,0,"[0.000,3.142]",0,1,Z,ridge,1,adam,adjoint,100,45,13,40,15,361,125,0.7077141595746101,0.9491000365934851,0.6180660708695646,0.7110701055991411,0.3624515348661459,9,0.7020605618370698,0.5480077634003101,0.21942950054572552,2.1455191583323043,1.71633927848921,0.08898725284256508,0.1,0.12444444444444445,0.9346144364898379,124.29,adam_scaled
B3,molecule,zz,0.1,fixed,1,fixed,0,"[0.000,3.142]",0,1,Z,ridge,0,none,none,0,46,13,14,15,358,128,0.7817917128359961,0.9557026528586551,0.6845396511392827,0.7817917128359961,0.21429376707382,11,0.9358879918994847,0.9358879918994847,0.0,0.0,0.0,nan,0.1,0.12444444444444445,0.9334585963868824,1.53,zero_published
B3,molecule,zz,0.1,fixed,1,fixed,0,"[0.000,3.142]",0,1,Z,ridge,0,spsa,none,100,46,13,40,15,358,128,0.7818688934713038,0.9557716887567725,0.6843458165071308,0.7818688934713038,0.2093140483718231,11,0.9323374206427824,0.9322359341021537,0.00010885172940792667,0.023813893613603605,0.016467302789535468,nan,0.1,0.12444444444444445,0.9334585963868824,123.11,spsa_published
B3,molecule,zz,0.1,fixed,1,fixed,0,"[0.000,3.142]",0,1,Z,ridge,0,adam,adjoint,100,46,13,40,15,358,128,0.7863726278042236,0.9551552144531825,0.6920659891511912,0.7863726278042236,0.15219478364797168,11,0.9323374206427824,0.9134527694653354,0.020255168096146255,1.5085504162385295,1.0431623186259997,0.010806448171668858,0.1,0.12444444444444445,0.9334585963868824,120.88,adam_published
B3,molecule,zz,0.1,fixed,1,fixed,0,"[0.000,3.142]",0,1,Z,ridge,1,none,none,0,46,13,14,15,358,128,0.5632456881286741,0.9745192612472889,0.4681661901053285,0.5632456881286741,0.6750366091611681,11,0.692330997006458,0.692330997006458,0.0,0.0,0.0,nan,0.1,0.12444444444444445,0.9334585963868824,1.05,zero_scaled
B3,molecule,zz,0.1,fixed,1,fixed,0,"[0.000,3.142]",0,1,Z,ridge,1,adam,adjoint,100,46,13,40,15,358,128,0.5601401840000868,0.9730695212615296,0.45935043587716295,0.5601401840000868,0.5342311817047201,11,0.7300439296420141,0.5931926444154236,0.1874562333443375,1.822199544955196,1.2600506299645904,0.0896989801462975,0.1,0.12444444444444445,0.9334585963868824,123.14,adam_scaled
B5,molecule,zz,0.1,fixed,1,fixed,0,"[0.000,3.142]",0,1,Z,ridge,0,none,none,0,42,13,14,22,150,54,0.7864994362860792,0.9541000598085955,0.3416802899930451,0.8232020795603845,0.009333333333333336,10,0.8849245853591708,0.8849245853591708,0.0,0.0,0.0,nan,0.1,0.20158105227158785,0.9625054122237194,0.83,zero_published
B5,molecule,zz,0.1,fixed,1,fixed,0,"[0.000,3.142]",0,1,Z,ridge,0,spsa,none,100,42,13,40,22,150,54,0.7859398653046454,0.954426615241169,0.3409724083395024,0.8231885377529214,0.121,10,0.8954387662767103,0.8914560346226775,0.004447799005389479,0.07857594237156772,0.059206088267886335,nan,0.1,0.20158105227158785,0.9625054122237194,52.54,spsa_published
B5,molecule,zz,0.1,fixed,1,fixed,0,"[0.000,3.142]",0,1,Z,ridge,0,adam,adjoint,100,42,13,40,22,150,54,0.7742622136261575,0.954304716088483,0.34722366196464916,0.7982531200298552,0.087,10,0.8954387662767103,0.7023226069289819,0.2156665163724342,3.918081677130259,2.952230448856836,0.10744569005744843,0.1,0.20158105227158785,0.9625054122237194,51.66,adam_published
B5,molecule,zz,0.1,fixed,1,fixed,0,"[0.000,3.142]",0,1,Z,ridge,1,none,none,0,42,13,14,22,150,54,0.4928261530861845,0.9770019501240391,0.2694451277991955,0.4905176850764474,0.26466666666666666,10,0.5772496043008548,0.5772496043008548,0.0,0.0,0.0,nan,0.1,0.20158105227158785,0.9625054122237194,0.48,zero_scaled
B5,molecule,zz,0.1,fixed,1,fixed,0,"[0.000,3.142]",0,1,Z,ridge,1,adam,adjoint,100,42,13,40,22,150,54,0.5146758236220665,0.9777283825778561,0.3189770245116813,0.5091548242693021,0.27399999999999997,10,0.45811172649334236,0.34452211078131995,0.247951774955652,2.5961491664667182,1.9561691793599973,0.18335429848944437,0.1,0.20158105227158785,0.9625054122237194,52.01,adam_scaled
B5,molecule,zz,0.1,fixed,1,fixed,0,"[0.000,3.142]",0,1,Z,ridge,0,none,none,0,43,13,14,22,159,45,0.6690110347667707,0.9691912080624895,0.41373715629281166,0.7176404589401523,-0.17869047619047618,9,0.9348517218415832,0.9348517218415832,0.0,0.0,0.0,nan,0.1,0.20158105227158785,0.957994129331869,0.8,zero_published
B5,molecule,zz,0.1,fixed,1,fixed,0,"[0.000,3.142]",0,1,Z,ridge,0,spsa,none,100,43,13,40,22,159,45,0.6622945334927341,0.9695503315761715,0.41158687549377293,0.7141658041332398,0.03464285714285718,9,0.9421590538608434,0.9410570921713548,0.0011696132250419119,0.07015839351786196,0.046965253238638136,nan,0.1,0.20158105227158785,0.957994129331869,52.94,spsa_published
B5,molecule,zz,0.1,fixed,1,fixed,0,"[0.000,3.142]",0,1,Z,ridge,0,adam,adjoint,100,43,13,40,22,159,45,0.6225927141888915,0.9740946759903482,0.41210711718715254,0.6627356306950849,0.009642857142857186,9,0.9421590538608434,0.7690310627685871,0.18375664956230123,3.6173535764968197,2.4215196251694873,0.12237952161983784,0.1,0.20158105227158785,0.957994129331869,53.79,adam_published
B5,molecule,zz,0.1,fixed,1,fixed,0,"[0.000,3.142]",0,1,Z,ridge,1,none,none,0,43,13,14,22,159,45,0.6229326037706768,0.9659768546480809,0.2891369181561975,0.5113988986632501,0.35142857142857153,9,0.5144541463509752,0.5144541463509752,0.0,0.0,0.0,nan,0.1,0.20158105227158785,0.957994129331869,0.48,zero_scaled
B5,molecule,zz,0.1,fixed,1,fixed,0,"[0.000,3.142]",0,1,Z,ridge,1,adam,adjoint,100,43,13,40,22,159,45,0.5867088216715656,0.969808885351522,0.34262383519239525,0.4833279754980362,0.3213095238095239,9,0.6399388236816922,0.38535694413845323,0.3978222138150332,3.1382716682909315,2.100813833421119,0.5326855959593442,0.1,0.20158105227158785,0.957994129331869,54.75,adam_scaled
B5,molecule,zz,0.1,fixed,1,fixed,0,"[0.000,3.142]",0,1,Z,ridge,0,none,none,0,44,13,14,22,153,51,0.7524391989747464,0.9484373186131395,0.4744787763823755,0.7300296763688361,0.39754483861362305,7,0.9570461560339063,0.9570461560339063,0.0,0.0,0.0,nan,0.1,0.20158105227158785,0.9671451656168382,0.83,zero_published
B5,molecule,zz,0.1,fixed,1,fixed,0,"[0.000,3.142]",0,1,Z,ridge,0,spsa,none,100,44,13,40,22,153,51,0.751265603297598,0.9485532069295263,0.47534327056978215,0.7270649868353422,0.35304019465077474,7,0.9616073901902542,0.960957636347401,0.0006756955587921473,0.018507028233749022,0.014699744620556093,nan,0.1,0.20158105227158785,0.9671451656168382,53.36,spsa_published
B5,molecule,zz,0.1,fixed,1,fixed,0,"[0.000,3.142]",0,1,Z,ridge,0,adam,adjoint,100,44,13,40,22,153,51,0.7230914592273296,0.9497507566560113,0.49636446157517333,0.6898852832007047,0.12808679744000787,7,0.9616073901902542,0.7933251654856212,0.1750009686087566,4.095702804321804,3.2531308919406063,0.03567206413044586,0.1,0.20158105227158785,0.9671451656168382,52.49,adam_published
B5,molecule,zz,0.1,fixed,1,fixed,0,"[0.000,3.142]",0,1,Z,ridge,1,none,none,0,44,13,14,22,153,51,0.5673322212263547,0.9601709873651568,0.3632944902761704,0.4606119080086339,0.45263300660393135,7,0.5244617007359244,0.5244617007359244,0.0,0.0,0.0,nan,0.1,0.20158105227158785,0.9671451656168382,0.44,zero_scaled
B5,molecule,zz,0.1,fixed,1,fixed,0,"[0.000,3.142]",0,1,Z,ridge,1,adam,adjoint,100,44,13,40,22,153,51,0.6341243299413074,0.95060691517968,0.41193830403195575,0.5216593130526488,0.44371168271760536,7,0.4891723334773305,0.3594548455451436,0.26517748256545326,2.980669000761546,2.367482912772706,0.44431014198871177,0.1,0.20158105227158785,0.9671451656168382,52.21,adam_scaled
B5,molecule,zz,0.1,fixed,1,fixed,0,"[0.000,3.142]",0,1,Z,ridge,0,none,none,0,45,13,14,22,153,51,0.6505600208142125,0.9629118021784491,0.3430421409249435,0.5822687178642939,0.14130434782608692,12,0.9473846053497815,0.9473846053497815,0.0,0.0,0.0,nan,0.1,0.20158105227158785,0.9625370453145851,0.79,zero_published
B5,molecule,zz,0.1,fixed,1,fixed,0,"[0.000,3.142]",0,1,Z,ridge,0,spsa,none,100,45,13,40,22,153,51,0.6523025295104401,0.9627626161235979,0.3441989461874985,0.5847856746565789,0.2186335403726708,12,0.9555817942158794,0.9550777071790465,0.0005275184603601098,0.019840912459266464,0.015872026703958538,nan,0.1,0.20158105227158785,0.9625370453145851,51.03,spsa_published
B5,molecule,zz,0.1,fixed,1,fixed,0,"[0.000,3.142]",0,1,Z,ridge,0,adam,adjoint,100,45,13,40,22,153,51,0.6715885527902938,0.9633407485629543,0.3382777876472901,0.6199163281075223,0.040372670807453374,12,0.9555817942158794,0.7878154076564601,0.17556465346546624,2.877988663166737,2.3022889198897856,0.01916751456972975,0.1,0.20158105227158785,0.9625370453145851,51.53,adam_published
B5,molecule,zz,0.1,fixed,1,fixed,0,"[0.000,3.142]",0,1,Z,ridge,1,none,none,0,45,13,14,22,153,51,0.44033642710925247,0.9809018510290056,0.2627531254286386,0.3776912856196955,0.1968944099378882,12,0.5691948270238094,0.5691948270238094,0.0,0.0,0.0,nan,0.1,0.20158105227158785,0.9625370453145851,0.44,zero_scaled
B5,molecule,zz,0.1,fixed,1,fixed,0,"[0.000,3.142]",0,1,Z,ridge,1,adam,adjoint,100,45,13,40,22,153,51,0.5448569334380229,0.9765403353653387,0.3640067745837868,0.4936618566440804,0.24037267080745342,12,0.5392278415298597,0.3334403008168295,0.3816337452628264,1.4857810852025806,1.1885722044783273,0.29572345206063927,0.1,0.20158105227158785,0.9625370453145851,52.14,adam_scaled
B5,molecule,zz,0.1,fixed,1,fixed,0,"[0.000,3.142]",0,1,Z,ridge,0,none,none,0,46,13,14,22,150,54,0.5834334552281132,0.9750532933684148,0.3067522332448875,0.5805108904354226,0.1233630952380953,11,0.9349075770231692,0.9349075770231692,0.0,0.0,0.0,nan,0.1,0.20158105227158785,0.9557740146845558,0.79,zero_published
B5,molecule,zz,0.1,fixed,1,fixed,0,"[0.000,3.142]",0,1,Z,ridge,0,spsa,none,100,46,13,40,22,150,54,0.5820064739872244,0.9749576781385904,0.30903806961861385,0.5793249995594673,0.0787202380952381,11,0.92820428144034,0.9257664873670638,0.002626355126797424,0.06578873223565611,0.045492895510600345,nan,0.1,0.20158105227158785,0.9557740146845558,50.51,spsa_published
B5,molecule,zz,0.1,fixed,1,fixed,0,"[0.000,3.142]",0,1,Z,ridge,0,adam,adjoint,100,46,13,40,22,150,54,0.5795258787586325,0.9755213289615161,0.3334397387361799,0.5888635278315935,0.033184523809523817,11,0.92820428144034,0.7824514954111885,0.15702662543527562,2.667596347466116,1.844642354028558,0.034501097455457784,0.1,0.20158105227158785,0.9557740146845558,50.58,adam_published
B5,molecule,zz,0.1,fixed,1,fixed,0,"[0.000,3.142]",0,1,Z,ridge,1,none,none,0,46,13,14,22,150,54,0.6350273025090097,0.9699415398623972,0.2555541183361649,0.56600924747665,0.22291666666666668,11,0.5014944602794988,0.5014944602794988,0.0,0.0,0.0,nan,0.1,0.20158105227158785,0.9557740146845558,0.44,zero_scaled
B5,molecule,zz,0.1,fixed,1,fixed,0,"[0.000,3.142]",0,1,Z,ridge,1,adam,adjoint,100,46,13,40,22,150,54,0.5262568192996443,0.9813036485832279,0.29835708909905767,0.4951125503136735,0.25,11,0.6636569184582847,0.31518303278047827,0.5250813725973541,3.0851607551093942,2.133388060478968,0.3533492746212754,0.1,0.20158105227158785,0.9557740146845558,51.49,adam_scaled
