config,seed,arm,model,hidden,n_inter,epochs,split,n_train,n_test,n_params,mae,r2,time_s,n_isomer_groups,isomer_mae,isomer_mae_tr,isomer_rho
B5,42,schnet_h64_l3,schnet,64,3,300,molecule,150,54,61697,0.19240382287201943,0.9963565350066561,15.0,10,0.16601116793561219,0.19087678565386226,0.535
B5,43,schnet_h64_l3,schnet,64,3,300,molecule,159,45,61697,0.13493796288467905,0.9988381548695123,14.9,9,0.10242722922035785,0.12886526189040842,0.619404761904762
B5,44,schnet_h64_l3,schnet,64,3,300,molecule,153,51,61697,0.26147454349887084,0.9933687794320339,14.9,7,0.19526460513600882,0.24974960795474188,0.7652328915756025
B5,45,schnet_h64_l3,schnet,64,3,300,molecule,153,51,61697,0.1932976608759914,0.996920403870437,14.7,12,0.14605911736981933,0.2082966185026289,0.4664596273291926
B5,46,schnet_h64_l3,schnet,64,3,300,molecule,150,54,61697,0.19504991914149536,0.9972729327045378,12.7,11,0.15481908706097292,0.2064587461909674,0.27678571428571436
B2,42,schnet_h64_l3,schnet,64,3,300,molecule,186,48,61697,0.14865600391249023,0.9965393017211652,15.3,5,0.14823093888923633,0.15169471325146378,0.8202042846598542
B2,43,schnet_h64_l3,schnet,64,3,300,molecule,169,65,61697,0.10379996369601317,0.9984859439793757,16.1,5,0.08972183745450135,0.10531024770687003,0.8475405805281883
B2,44,schnet_h64_l3,schnet,64,3,300,molecule,171,63,61697,0.18444825625050612,0.995818365166885,15.1,4,0.173160201957343,0.18138576598516104,0.8133431209645754
B2,45,schnet_h64_l3,schnet,64,3,300,molecule,162,72,61697,0.15754918377373567,0.9967775007483856,14.9,4,0.15098083214798924,0.15792212348323215,0.9142736031308887
B2,46,schnet_h64_l3,schnet,64,3,300,molecule,166,68,61697,0.09526576174619283,0.9985666592808621,15.1,5,0.08873854242869823,0.09412668144786483,0.9119375573921028
B3,42,schnet_h64_l3,schnet,64,3,300,molecule,352,134,61697,0.14507076899998192,0.9970694349148848,26.9,8,0.14010871817180642,0.14476463071486928,0.9187016043967915
B3,43,schnet_h64_l3,schnet,64,3,300,molecule,333,153,61697,0.14227752766694007,0.997848878322133,26.4,8,0.14009630292350567,0.14358057856398193,0.8932889109192546
B3,44,schnet_h64_l3,schnet,64,3,300,molecule,367,119,61697,0.13428961949169688,0.9980798461616173,28.6,8,0.1263375658484479,0.1347854655151027,0.91643742597582
B3,45,schnet_h64_l3,schnet,64,3,300,molecule,361,125,61697,0.158395024566752,0.997224991828686,28.9,9,0.15221022801283599,0.15883374930930894,0.9019505162768918
B3,46,schnet_h64_l3,schnet,64,3,300,molecule,358,128,61697,0.15433502683461342,0.9980039678065394,28.7,11,0.13318099982067566,0.15433502683461342,0.9067381039659265
A1,42,schnet_h64_l3,schnet,64,3,300,molecule,530,160,61697,0.12274530014331572,0.9993085362856639,42.4,28,0.10058594964054669,0.12378200886236515,0.933848195180295
A1,43,schnet_h64_l3,schnet,64,3,300,molecule,520,170,61697,0.11906390192918655,0.9986874893391404,42.1,27,0.10642502069707993,0.1251593208234529,0.8280832690701111
A1,44,schnet_h64_l3,schnet,64,3,300,molecule,523,167,61697,0.10220579044642471,0.9992816059643796,41.9,27,0.09269557924552281,0.10508826388746229,0.8995146396154368
A1,45,schnet_h64_l3,schnet,64,3,300,molecule,516,174,61697,0.08353693957362915,0.9996269662639186,42.6,30,0.06281422886534029,0.08601580720937581,0.7744261052040938
A1,46,schnet_h64_l3,schnet,64,3,300,molecule,503,187,61697,0.1251200099370979,0.9982747960238705,40.7,26,0.11311914821878455,0.1283699987111072,0.8733356312303681
B1,42,schnet_h64_l3,schnet,64,3,300,molecule,536,196,61697,0.07595043735698088,0.9997239739868305,43.3,23,0.07111736101055215,0.07787187304590489,0.894773862593255
B1,43,schnet_h64_l3,schnet,64,3,300,molecule,551,181,61697,0.08900807367634139,0.9996670896086703,45.8,21,0.08615563759355824,0.09115302783109248,0.8927537508101127
B1,44,schnet_h64_l3,schnet,64,3,300,molecule,545,187,61697,0.08226751488198772,0.9996602745623975,46.2,22,0.07347101296194966,0.08614572257156312,0.9427278603749192
B1,45,schnet_h64_l3,schnet,64,3,300,molecule,535,197,61697,0.06765625263626271,0.9997850428021894,43.4,21,0.06839951991616375,0.0695435403602985,0.8931289170488783
B1,46,schnet_h64_l3,schnet,64,3,300,molecule,548,184,61697,0.08304960434905173,0.9997124477629425,45.9,22,0.06993453131118904,0.08472411462773095,0.9502652203890594
B4,42,schnet_h64_l3,schnet,64,3,300,molecule,617,221,61697,0.1527585223148888,0.9934058378929396,50.5,8,0.1414713245633657,0.15029264661802266,0.9472764334883914
B4,43,schnet_h64_l3,schnet,64,3,300,molecule,637,201,61697,0.12729373182465387,0.9961330103987345,50.8,10,0.12159167185577183,0.12827444282532469,0.9405961396082976
B4,44,schnet_h64_l3,schnet,64,3,300,molecule,638,200,61697,0.12767146547275188,0.9954248780043892,50.7,9,0.11586332223353911,0.12663318255585418,0.9669030836346346
B4,45,schnet_h64_l3,schnet,64,3,300,molecule,615,223,61697,0.12264259426568824,0.9972727598825466,50.1,10,0.11392916650981624,0.12144349289558774,0.9633467984843013
B4,46,schnet_h64_l3,schnet,64,3,300,molecule,637,201,61697,0.13728067811173164,0.9947843434758242,50.6,9,0.1266336909877634,0.1379558835650026,0.9663379876341749
A2,42,schnet_h64_l3,schnet,64,3,300,molecule,2653,866,61697,0.05945997691587242,0.9995695746357744,208.1,55,0.057915280881333873,0.06001212402150595,0.9621357412871258
A2,43,schnet_h64_l3,schnet,64,3,300,molecule,2630,889,61697,0.055334671168578396,0.9996430671798868,206.1,52,0.054255053236579996,0.055741265207385995,0.9541587157034239
A2,44,schnet_h64_l3,schnet,64,3,300,molecule,2595,924,61697,0.06010546180672632,0.99939440418627,204.0,51,0.05949544826557152,0.06077148048437903,0.9647219159979157
A2,45,schnet_h64_l3,schnet,64,3,300,molecule,2647,872,61697,0.06198203533820667,0.9995805954044054,204.3,54,0.061486691146320493,0.06282920881683605,0.9618897061149464
A2,46,schnet_h64_l3,schnet,64,3,300,molecule,2665,854,61697,0.05606971114512602,0.9997653653897592,168.0,56,0.05435623910051157,0.05614464776646215,0.9540898736537459
