config,seed,arm,mae,n_train,n_test,r2_ent,r2_ent_ridge1,r2_ent_cv,r2_ent_agg,r2_ent_agg_cv,r2_readout,max_abs_spearman,mean_entropy,total_entropy,max_concurrence,mean_concurrence,max_mutual_info,mean_mutual_info,delta_ent,r2_ent_off
B5,42,E1_zz_trained,0.5313330725104142,150,54,0.49407822323169415,-0.17185011909755965,-0.17185011909744197,0.49407822323169415,0.4758483955303916,0.2638922237860746,0.5717178541268502,0.7620285478371956,9.906371121883543,0.1926221465384436,0.022696867557026268,0.6767251078048566,0.1397882350801729,0.10629708878067512,0.4545744338080523
B5,42,E0_alpha0,0.48130239274160824,150,54,0.4545744338080523,0.4545744338080523,0.42783471126065387,0.2142246202975817,0.21422462029758071,0.4816159203277516,0.5742317436330505,0.6084716152337536,7.910130998038796,0.23980854302020993,0.02387697015319849,0.6260609790137572,0.09290711553484529,0.0,0.4545744338080523
B5,42,E2_xy_trained,0.4256817836189906,150,54,0.8091006121253507,0.8091006121253507,-1.037986485222469,0.16576654443460848,0.16576654443460725,0.5882732941053233,0.7998915507355883,0.7524325827436323,9.78162357566722,0.17291556886407178,0.02329600184532523,0.589648616989031,0.17954311189820693,0.11324482364195851,0.4545744338080523
B5,42,E3_untrained_zz,0.49282615308611777,150,54,0.5201645532114562,0.5201645532114562,-102.0631689130379,0.08767041061059377,0.037402863525675345,0.42466142674380414,0.5753873505489133,0.3397567989643507,4.416838386536559,0.1489469776161406,0.01749217994133349,0.19761444663446587,0.03369533007809787,0.13174379829544663,0.4545744338080523
B5,43,E1_zz_trained,0.21900305961056304,159,45,0.773346881706016,0.773346881706016,0.773346881706012,0.002170893275520558,0.015729424123115954,0.8690738781001168,0.7005911153570576,0.7261126387330209,9.439464303529272,0.10297156468799526,0.01171335775868197,0.4638011138847951,0.15729008546616352,0.08218712519068387,0.4880527395551978
B5,43,E0_alpha0,0.5689513312581141,159,45,0.4880527395551978,0.4880527395551978,0.49284939382418336,0.23236622121591466,0.2612277017770115,-0.28116376949527044,0.5405481251492716,0.6405383468532909,8.326998509092784,0.0793044607125345,0.00958483038777956,0.5466088090824053,0.13797303632239938,0.0,0.4880527395551978
B5,43,E2_xy_trained,0.353301483963616,159,45,0.11821328141770526,-0.011914114776315321,0.3446899085626157,0.11821328141770526,0.11821328141770626,0.5195919484274037,0.6166796035347505,0.8029725362853034,10.438642971708946,0.0947437635769862,0.01081804686655703,0.6542780845261705,0.19810140170720536,0.10151419430260027,0.4880527395551978
B5,43,E3_untrained_zz,0.6229326037706503,159,45,0.44677257974283924,0.44677257974283924,0.39822938413315034,0.03331811482470948,0.016310507058812984,-0.19648926402100209,0.5379866252686888,0.3397567989643507,4.416838386536559,0.1489469776161406,0.01749217994133349,0.19761444663446587,0.03369533007809787,0.14001336886800844,0.4880527395551978
B5,44,E1_zz_trained,0.650098117101181,153,51,0.25701867197281225,0.1548802397944712,0.3667142915976773,0.25701867197281225,0.25427059805684826,-0.18970921303488208,0.5112547411309021,0.8407762632798297,10.930091422637783,0.18245360266536467,0.02250065010672167,0.6428375914945959,0.16410517407805336,0.0830747285464367,0.32497020785014186
B5,44,E0_alpha0,0.4731305848683512,153,51,0.32497020785014186,0.32497020785014186,0.4276223814677096,0.27378550248420896,0.2596649569413837,0.4528371412863097,0.4935098441290391,0.7378904993755094,9.592576491881625,0.20690289863883424,0.022453572470614136,0.808658483027061,0.14751448383950871,0.0,0.32497020785014186
B5,44,E2_xy_trained,0.4988350072877681,153,51,0.054965320562321396,0.054965320562321396,0.2635802816877827,0.037550985589302366,0.045649563011020855,0.4110519753306635,0.3957989894522402,0.8151707111997989,10.597219245597385,0.0856487660798012,0.010412406732965883,0.6530095054490803,0.2540019997127098,0.08547515508696053,0.32497020785014186
B5,44,E3_untrained_zz,0.567332221226288,153,51,0.4163369586300455,0.4163369586300455,0.03776379188211565,-0.14062406329018873,-0.14062406329019228,0.23135290158096022,0.4974769812231111,0.3397567989643507,4.416838386536559,0.1489469776161406,0.01749217994133349,0.19761444663446587,0.03369533007809787,0.185328026047298,0.32497020785014186
B5,45,E1_zz_trained,0.38228674590137723,153,51,0.3107484587844265,0.06390742179754372,0.06390742179747921,0.3107484587844265,0.3269582695830491,0.44644707380671256,0.7347647192848431,0.6696421419827663,8.705347845775965,0.08066652019368939,0.008818007272692092,0.5264242924798314,0.18057729026622363,0.06346951559160434,0.7116874492743772
B5,45,E0_alpha0,0.4707280162902139,153,51,0.7116874492743772,0.7116874492743772,0.6629957716888992,0.3294999186636387,0.28839744399728495,0.4302241119990503,0.5822477316285365,0.5908213130169743,7.680677069220666,0.0681293982833821,0.008016766824940378,0.49880336398051844,0.14322744914355687,0.0,0.7116874492743772
B5,45,E2_xy_trained,0.4121634722487094,153,51,0.5461719234241587,0.5461719234241587,0.5651279070890489,0.1876242081842553,0.14330894522320037,0.5551368537745477,0.782360312546071,0.9110028415755068,11.84303694048159,0.10709867582932395,0.011892048796278748,0.6690683393617451,0.2522399921035466,0.16286195390817043,0.7116874492743772
B5,45,E3_untrained_zz,0.44033642710919035,153,51,0.41329133558528874,0.41329133558528874,0.34438765060599286,-0.20324615944480562,-0.22445274678613103,0.5088041083028151,0.5817786444721428,0.3397567989643507,4.416838386536559,0.1489469776161406,0.01749217994133349,0.19761444663446587,0.03369533007809787,0.12780885549941723,0.7116874492743772
B5,46,E1_zz_trained,0.570060306053255,150,54,0.28307110690504234,0.28307110690504234,0.5510963739214849,0.1749217363450033,0.18920503818663803,-0.061541117036984616,0.5390159562647229,0.869104156685038,11.298354036905494,0.07246617199422731,0.007844171648821837,0.6395433479791892,0.18051522450128613,0.09919302172636987,-0.003742664982494315
B5,46,E0_alpha0,0.6146288256207726,150,54,-0.003742664982494315,-0.14321140826270007,0.03144942574053189,-0.003742664982494315,0.049150426026469796,-0.07104165017868946,0.598172363216143,0.6976300949853029,9.069191234808935,0.22919618527496088,0.02393498915635631,0.6448862726593745,0.1032594603680453,0.0,-0.003742664982494315
B5,46,E2_xy_trained,0.5410135916344878,150,54,0.04356257875965597,-1.3828308774744889,-1.382830877474433,0.04356257875965597,-0.0058202431155118806,-0.6656996151366583,0.5629779101293392,0.7148323964249966,9.292821153524958,0.33179471808559174,0.036250743390257203,0.7031326803076388,0.13749134169505015,0.05852219202636965,-0.003742664982494315
B5,46,E3_untrained_zz,0.6350273025089685,150,54,0.2989087828772171,0.2989087828772171,0.41262344263234907,-0.01628968537892206,-0.012640496653824718,-0.17197478264695532,0.6010453797946576,0.3397567989643507,4.416838386536559,0.1489469776161406,0.01749217994133349,0.19761444663446587,0.03369533007809787,0.15384380043712734,-0.003742664982494315
B3,42,E1_zz_trained,0.4529149340628407,352,134,0.43956156570924654,0.43956156570924654,0.46132991882398333,-0.053222209841514934,-0.06500945282071968,0.6844647576206264,0.5107409902027464,0.7854607851002855,10.210990206303714,0.338878147952974,0.04275731494479261,0.8717099066628123,0.17012560767218315,0.08359963602789766,0.5264195839242958
B3,42,E0_alpha0,0.6555109420422912,352,134,0.5264195839242958,0.5264195839242958,0.5161780282200625,-0.006529375047813923,-0.0003675680781958235,0.38219646606788316,0.3113742568416789,0.6903109104991128,8.974041836488466,0.1832213099003328,0.024692484046676726,0.6344539641300836,0.1548276777779703,0.0,0.5264195839242958
B3,42,E2_xy_trained,0.38449404981435736,352,134,0.6652993873622932,0.6652993873622932,0.6734779921234623,0.29702104505008964,0.2970210450500884,0.756712560430148,0.5994002456467045,0.8000274283569011,10.400356568639715,0.29847282165678596,0.03423569592709152,0.8912553173475969,0.22903754688931266,0.09283675397836232,0.5264195839242958
B3,42,E3_untrained_zz,0.7257701151443252,352,134,0.4342124474762955,0.4342124474762955,0.4313662969946933,-0.0477393293397228,-0.09192100627643485,0.3014605959086444,0.3039681514587316,0.5020384474891915,6.526499817359489,0.21820622896006894,0.02859875867302239,0.38992594948988674,0.08511007232497264,0.11057460068674618,0.5264195839242958
B3,43,E1_zz_trained,0.4635866583937824,333,153,0.44266043754208684,0.44266043754208684,0.4426604375420813,0.07600983904157366,0.05582095131795639,0.4742056611447698,0.4601162377296856,0.7684729390761447,9.990148207989877,0.3203303448957441,0.03944020759226151,0.8744856765229174,0.18863993353044173,0.0753244878127434,0.14843426789782022
B3,43,E0_alpha0,0.5631909633502268,333,153,0.14843426789782022,0.14843426789782022,0.17653691685005302,-0.11474844494892555,-0.06494418291914283,0.3109593623907899,0.3908776390559812,0.6412024709429011,8.335632122257714,0.19807797745365657,0.025989830836797817,0.6947981629391659,0.1517092245610589,0.0,0.14843426789782022
B3,43,E2_xy_trained,0.41722164377145277,333,153,0.25732927849884657,0.25732927849884657,0.2850226139156654,-0.12372630620797342,-0.16957992065627736,0.5878119290958093,0.5799894837482314,0.8384362996661945,10.899671895660527,0.22067735885126913,0.02764803501115213,0.8260704128191572,0.24248088050157313,0.10274806642151392,0.14843426789782022
B3,43,E3_untrained_zz,0.5734264361333081,333,153,-0.023125139095790503,-0.023125139095790503,-0.05107744954488469,-0.09172157221915511,-0.03536579036163778,0.2910782893046421,0.3116486031271953,0.5020384474891915,6.526499817359489,0.21820622896006894,0.02859875867302239,0.38992594948988674,0.08511007232497264,0.0975835412214489,0.14843426789782022
B3,44,E1_zz_trained,0.43317734547610676,367,119,0.5989085890626034,0.5989085890626034,0.6066072975703574,0.07445679045663856,0.06427278046808205,0.7316115309549465,0.4641722389352516,0.7623784250376759,9.910919525489788,0.26781683907151566,0.03363597233756743,0.8432194672189066,0.20994405761972668,0.08317687187255583,0.44161418506229577
B3,44,E0_alpha0,0.6602476130628345,367,119,0.44161418506229577,0.44161418506229577,0.46294335197831726,-0.05948579860885839,-0.03951752933225783,0.3952053073460685,0.29867003559907634,0.6544739800408692,8.508161740531298,0.19470876127546322,0.024707492517377357,0.6313359573625542,0.1400188363418922,0.0,0.44161418506229577
B3,44,E2_xy_trained,0.38672615017320155,367,119,0.4098950824887937,0.4098950824887937,0.3858215826242525,0.020309525600417877,0.03278853744481225,0.7519633462472735,0.5787238711907726,0.8654870759227705,11.251331986996016,0.1836833604430996,0.021292246318942432,0.8869296190844275,0.24909834943191922,0.11808266403203252,0.44161418506229577
B3,44,E3_untrained_zz,0.6681201847097215,367,119,0.4185056128680483,0.4185056128680483,0.4438768903679903,-0.04087284894879395,-0.017710243595091546,0.4190394233300315,0.2571897316183111,0.5020384474891915,6.526499817359489,0.21820622896006894,0.02859875867302239,0.38992594948988674,0.08511007232497264,0.09183298668197942,0.44161418506229577
B3,45,E1_zz_trained,0.5004641308772869,361,125,0.5187506396396478,0.5187506396396478,0.5370540925815165,0.11102820882767372,0.11220417990835296,0.38896488760055126,0.6537564469475521,0.7832224439903721,10.181891771874836,0.17950838454047668,0.01800891109831676,0.8553723024322234,0.21414322965670282,0.1463480823614668,0.4007289427810744
B3,45,E0_alpha0,0.5792660407187511,361,125,0.4007289427810744,0.4007289427810744,0.47309789962117943,0.09352715675434331,0.08183484250907325,0.3417123543652212,0.42017110237064015,0.558180104480767,7.256341358249971,0.19408840983885187,0.026078998291208494,0.5130322831263727,0.08963235223266677,0.0,0.4007289427810744
B3,45,E2_xy_trained,0.48690934609128766,361,125,0.456615667153628,0.456615667153628,0.48971141678432306,0.004609353717593301,-0.020869451282392815,0.38575117153422156,0.5175372277742917,0.8013719473118939,10.41783531505462,0.1897603112554569,0.022389687096079584,0.7001694550222163,0.1878669087886276,0.13933227702605766,0.4007289427810744
B3,45,E3_untrained_zz,0.6302119126538402,361,125,0.3010504280886286,0.3010504280886286,0.34061621357601124,-0.023893479015951957,-0.03883585846215665,0.2826145468258737,0.2907202216066482,0.5020384474891915,6.526499817359489,0.21820622896006894,0.02859875867302239,0.38992594948988674,0.08511007232497264,0.05378375851648306,0.4007289427810744
B3,46,E1_zz_trained,0.457575272048755,358,128,0.42650665565697,0.42650665565697,0.427809664750346,0.01627138206903045,0.026876367782252886,0.5028102517479327,0.6970777916058971,0.7030738993886332,9.139960692052231,0.31886474262652215,0.03587407188870788,0.6213778215975607,0.11001061997176913,0.053038121340602644,0.22755665083342236
B3,46,E0_alpha0,0.5496481609608388,358,128,0.22755665083342236,0.22755665083342236,0.2879275301224936,-0.10359020394107876,-0.10359020394107876,0.48118201103212377,0.44853779734143545,0.6711218994038384,8.724584692249897,0.06475381142845045,0.007902837116659034,0.4346312971285787,0.0810067062499314,0.0,0.22755665083342236
B3,46,E2_xy_trained,0.39307061172891905,358,128,0.6730350768650504,0.6730350768650504,0.6768599608605688,0.08411475529807455,0.08297303483266727,0.6282204563848862,0.5620802716443014,0.7053340598350214,9.169342777855277,0.2999091111369783,0.03453008029395997,0.7976837560936582,0.15098679850058996,0.08083707903874075,0.22755665083342236
B3,46,E3_untrained_zz,0.563245688128682,358,128,0.38295660116682284,0.38295660116682284,0.3925881205937827,0.03590440170660325,0.0342471955726944,0.44969759817349986,0.28234098743593117,0.506197014520496,6.58056118876645,0.21930511444165376,0.028780805202466377,0.3923845570609558,0.08592267095789194,0.07345425780942201,0.22755665083342236
A1,42,E1_zz_trained,0.3833159345655717,530,160,0.6817222758962809,0.6817222758962809,0.675511933569213,0.39701927060661013,0.39910211494234127,0.7371194132722074,0.6506630765761708,0.8593401285740419,9.452741414314461,0.2567971999977676,0.03676761130808638,0.7185333560154767,0.17468550637470112,0.12527603796517292,0.22090951822059046
A1,42,E0_alpha0,0.8160884335799772,530,160,0.22090951822059046,0.22090951822059046,0.2579582641183078,-0.01883695026580945,-0.020302073642727736,-0.1376127305955357,0.5454662513156042,0.5900508337753136,6.490559171528449,0.10318612720882424,0.013948087790270522,0.571452649210232,0.21714963511857904,0.0,0.22090951822059046
A1,42,E2_xy_trained,0.45387247649735646,530,160,0.3871079850386566,0.3871079850386566,0.40973537220685474,0.23068118352923672,0.23241513429895044,0.6135603352024335,0.709256190719729,0.8232310172585211,9.05554118984373,0.13014046822468311,0.01840632138903583,0.6425670366933991,0.2175694263694304,0.11382369440615324,0.22090951822059046
A1,42,E3_untrained_zz,0.814083149884317,530,160,0.0490572009703657,-3.618731893499244,-0.45136879430101096,0.0490572009703657,0.05772408077061153,0.009813780312784015,0.33702612184551656,0.31134238318601065,3.424766215046117,0.16431993781303067,0.02336662445453397,0.2033235484319053,0.037864779802549424,0.14767473324728952,0.22090951822059046
A1,43,E1_zz_trained,0.3554291915030723,520,170,0.7220734030209349,0.7220734030209349,0.7219743932220808,0.33258141580988854,0.33300515624654314,0.8211365058087071,0.7307787892934287,0.5843909368388781,6.428300305227659,0.1538454700641733,0.021988860367106473,0.45160536141388463,0.13455316252709953,0.12313024787556383,0.24766360897498596
A1,43,E0_alpha0,0.7292940739502504,520,170,0.24766360897498596,0.24766360897498596,0.2556225055138923,0.016156131328274204,0.016156131328271983,0.23706421734482663,0.5516678344566021,0.34291803676737925,3.772098404441171,0.03802734303085775,0.005455298242812378,0.177184954892932,0.049587642836193324,0.0,0.24766360897498596
A1,43,E2_xy_trained,0.5248126242730045,520,170,0.5080897542876657,0.5080897542876657,0.5190650814836473,0.07175872341487355,0.0749792787131005,0.5400635325738617,0.5327810440810118,0.7564726410899453,8.321199051989398,0.15046337678210545,0.021143896794194456,0.5489195303160542,0.16655788399591623,0.17460151340581676,0.24766360897498596
A1,43,E3_untrained_zz,0.8329792393224372,520,170,0.22872285697001282,0.22872285697001282,0.19223238766866835,0.0027260647274133243,0.0027260647274129912,0.033961096153317216,0.3461975034543433,0.31134238318601065,3.424766215046117,0.16431993781303067,0.02336662445453397,0.2033235484319053,0.037864779802549424,0.06255616315726473,0.24766360897498596
A1,44,E1_zz_trained,0.30082118542977615,523,167,0.792205915518899,0.792205915518899,0.7965846220371554,0.2556674192108458,0.2653252940953853,0.8566532222079979,0.6639482464188774,0.7224427450584099,7.946870195642508,0.1438066791603691,0.022703407705417646,0.5283016513726733,0.2000847778340062,0.09857389239723387,0.44119729343423364
A1,44,E0_alpha0,0.8035867211555567,523,167,0.44119729343423364,0.44119729343423364,0.3549505472785548,0.03270187976876637,0.0415822072882972,0.042663119212325906,0.5265799040403607,0.5356886095400044,5.892574704940049,0.21208254259422987,0.030336362419954296,0.5923500106033591,0.15344561420145428,0.0,0.44119729343423364
A1,44,E2_xy_trained,0.3426013319097119,523,167,0.6607849736936076,0.6607849736936076,0.6874673638950197,0.2171981794553549,0.21238620343057135,0.7889191040569342,0.7001805681311257,0.6684197741037007,7.3526175151407065,0.1732557358652995,0.033607422800970774,0.48828087132957326,0.1644412831432234,0.07646099543557301,0.44119729343423364
A1,44,E3_untrained_zz,0.8247910308160951,523,167,0.29686409937104363,0.29686409937104363,0.23326905032470258,0.008723897296685101,0.005816842554910773,-0.007310965474705444,0.3218613096499347,0.3111857369810441,3.4230431067914857,0.16437470096978185,0.023379352954179294,0.20331860689810488,0.03786895252479354,0.1280161857910565,0.44119729343423364
A1,45,E1_zz_trained,0.33045268403744255,516,174,0.7050692469317955,0.7050692469317955,0.7086079898298292,0.003840961278290256,0.018560437104853555,0.7932100773898688,0.575823229436023,0.6272609399163376,6.8998703390797145,0.17919265452771949,0.022918315131203307,0.47090902561684317,0.12685959831645488,0.06887683599823982,0.15481504250659772
A1,45,E0_alpha0,0.7663962734102084,516,174,0.15481504250659772,0.15481504250659772,0.061170180035452604,0.0573711937035275,0.07086387617634027,-0.5432305816926544,0.5539349626800326,0.4601851660848536,5.062036826933389,0.12884252974113575,0.015735472083694007,0.37391175403395094,0.1297213264732787,0.0,0.15481504250659772
A1,45,E2_xy_trained,0.3539777748659727,516,174,0.630526138352655,0.630526138352655,0.6305261383526526,0.1689434074062277,0.17058653965341175,0.7259865171096136,0.6832472629621978,0.6781479342036845,7.459627276240529,0.18153979246817997,0.0279088313210788,0.63846479872507,0.24546186552718038,0.10983680624762945,0.15481504250659772
A1,45,E3_untrained_zz,0.7525356511239933,516,174,0.1254491130064408,0.1254491130064408,0.13031862024167262,0.027657673959249673,0.02765767395924945,0.04105312505099379,0.36412819489851334,0.31134238318601065,3.424766215046117,0.16431993781303067,0.02336662445453397,0.2033235484319053,0.037864779802549424,0.0826107491078801,0.15481504250659772
A1,46,E1_zz_trained,0.317364132350274,503,187,0.677687573782467,0.677687573782467,0.6642028891196521,0.27082867054723647,0.26476392122065007,0.7983682048361441,0.5984679100506051,0.6648666664677347,7.3135333311450825,0.11295860556038283,0.017316680032532734,0.47579751508809187,0.14655189323770856,0.058131270137381535,0.1950587943554345
A1,46,E0_alpha0,0.7014170237363305,503,187,0.1950587943554345,0.1950587943554345,0.18969930552007852,0.023084328577529845,0.034237146751005865,0.17241526493642567,0.5822399128280968,0.5511383304136178,6.062521634549796,0.10920412635906385,0.013665805561642052,0.4098779941102089,0.14916775562609214,0.0,0.1950587943554345
A1,46,E2_xy_trained,0.36510657859114626,503,187,0.6230849173767623,0.6230849173767623,0.6401371520792936,0.5853868574596545,0.5885227452130289,0.7367070514692147,0.6772950798340294,0.8776098193973894,9.653708013371284,0.10533930008802798,0.014996134452020938,0.5763399629211275,0.18879085809231166,0.12558814052729622,0.1950587943554345
A1,46,E3_untrained_zz,0.7669763521449654,503,187,0.10812297938265103,0.10812297938265103,0.1478737823739823,0.011495799722024413,0.00686834543010284,0.012655069420792198,0.38461066276177774,0.31134238318601065,3.424766215046117,0.16431993781303067,0.02336662445453397,0.2033235484319053,0.037864779802549424,0.11149664255753206,0.1950587943554345
