config,target,residual,split,entangler,alpha,alpha_mode,n_rounds,bond_param_mode,encode_source,drop_q0,angle_range,rz_source,canonical,n_reupload,observable,use_cnot,readout,scaler,optimizer,diff_method,epochs,seed,n_qubits,n_params,n_types,n_train,n_test,mae,r2,isomer_mae,isomer_mae_tr,isomer_rho,n_isomer_groups,loss_first,loss_last,loss_drop,param_shift,param_shift_rel,grad_norm_last,alpha_mean,angle_max,comp_r2,time_s,arm,mae_krr,isomer_mae_krr,n_types_train,max_types,train_frac,types_from_train,mae_ridge,r2_ridge,n_isomer_groups_ridge,isomer_mae_ridge,isomer_mae_tr_ridge,isomer_rho_ridge,r2_krr,n_isomer_groups_krr,isomer_mae_tr_krr,isomer_rho_krr,hidden_width,node_feat
A2,HLgap,0,molecule,zz,0.1,bytype,3,bytype,eig,0,"[0.000,3.142]",none,1,1,Z,1,ridge,1,adam,adjoint,100,42,13,117,25,2653,866,0.46883529192202983,0.6308355225446939,0.418571355741444,0.4636967195375632,0.5893898953775952,55,0.7877901657362545,0.28772537326369196,0.6347690212725757,8.907488321877109,3.485782493704477,0.009613404312707128,0.3404319885036412,0.5135505514933857,0.0,1676.89,zz_bytype_r3,0.46027171103695524,0.40775622402213985,24,0,1.0,1,0.46883529192202983,0.6308355225446939,55,0.418571355741444,0.4636967195375632,0.5893898953775952,0.6560940188638136,55,0.4570819441819671,0.5912411896821982,,
A2,HLgap,0,molecule,xy,0.1,bytype,3,bytype,eig,0,"[0.000,3.142]",none,1,1,Z,1,ridge,1,adam,adjoint,100,42,13,117,25,2653,866,0.5354242337391416,0.5371651086321305,0.46278715784456864,0.5201884641639211,0.562628635205345,55,0.8180533562438534,0.37278330652652536,0.5443044103648877,8.270414007945181,3.236475123271155,0.025278969169207813,0.28573233311838464,0.40338955956945205,0.0,1757.67,xy_bytype_r3,0.5206295668723495,0.453155889393129,24,0,1.0,1,0.5354242337391416,0.5371651086321305,55,0.46278715784456864,0.5201884641639211,0.562628635205345,0.5738334228199766,55,0.5102574128428272,0.576456695449771,,
A2,HLgap,0,molecule,none,0.0,fixed,3,fixed,eig,0,"[0.000,3.142]",none,1,1,Z,1,ridge,1,adam,adjoint,100,42,13,92,25,2653,866,0.7740971780361456,-0.18063257212884043,0.6371809992435762,0.750044252382717,0.1964108328854151,55,0.8648702388289107,0.7557993978894996,0.12611237621854113,2.3368700627115557,1.1369544817890191,0.2565483124627301,0.0,0.0,0.0,1260.67,none_r3,0.7491231002052784,0.6282350830996724,24,0,1.0,1,0.7740971780361456,-0.18063257212884043,55,0.6371809992435762,0.750044252382717,0.1964108328854151,0.13558680249064714,55,0.740399818391668,0.2213504505434726,,
A2,HLgap,0,molecule,xy,0.1,bytype_shuffled,3,bytype_shuffled,eig,0,"[0.000,3.142]",none,1,1,Z,1,ridge,1,adam,adjoint,100,42,13,117,25,2653,866,0.6525459168365227,0.35367186249334637,0.5720847526560034,0.6455696043782854,0.45755720340224443,55,0.8180533562438534,0.5419318936716107,0.33753478359904654,9.940240304052905,3.8899310763038373,0.026153340165241873,0.5067570174424396,0.4465312946188498,0.0,1801.72,xy_shuffled_r3,0.6467090030159941,0.5660577712996625,24,0,1.0,1,0.6525459168365227,0.35367186249334637,55,0.5720847526560034,0.6455696043782854,0.45755720340224443,0.3691486697249774,55,0.6411026895284135,0.47046651289301744,,
A2,HLgap,0,,,,,,,,,,,,,,,,,,,,42,,2653,,2653,866,0.6230570408588566,0.3986858650677285,0.531592136351248,0.6178817733690827,0.4821481688956303,55,,,,,,,,,,,krr_res,,,,,,,,,,,,,,,,,,
A2,HLgap,0,,,,,,,,,,,,,,,,,,,,42,,0,,2653,866,0.842726993270941,-0.011727631155161067,0.6586860541895516,0.8400581957021739,nan,55,,,,,,,,,,,composition,,,,,,,,,,,,,,,,,,
A2,HLgap,0,,,,,,,,,,,,,,,,,,,,42,,116,,2653,866,0.4199898328451618,0.7397945656526592,0.3713268339972419,0.4220365599966102,0.660016448539841,55,0.6662636399269104,0.24535997211933136,,,,,,,,,C3_eigfeat,,,,,,,,,,,,,,,,,30,eig
A2,HLgap,0,,,,,,,,,,,,,,,,,,,,42,,117,,2653,866,0.3838747932481709,0.7717967943561088,0.3320260347092931,0.3844593522554853,0.7593251222449339,55,0.7137225866317749,0.18093478679656982,,,,,,,,,C3_msgpass,,,,,,,,,,,,,,,,,13,atom
A2,HLgap,0,molecule,zz,0.1,bytype,3,bytype,eig,0,"[0.000,3.142]",none,1,1,Z,1,ridge,1,adam,adjoint,100,43,13,117,25,2630,889,0.5083188968932599,0.5775845884640469,0.445907447188866,0.5035521888390818,0.5223350419547923,52,0.8275301556676894,0.3079355298170629,0.6278860320581232,7.85208070431521,2.640198847939198,0.012264786109704254,0.057749185984597426,0.6306604622909036,0.0,1667.37,zz_bytype_r3,0.5011069809663959,0.43987601746856003,24,0,1.0,1,0.5083188968932599,0.5775845884640469,52,0.445907447188866,0.5035521888390818,0.5223350419547923,0.5884636638181187,52,0.49727404178879775,0.5244802555657528,,
A2,HLgap,0,molecule,xy,0.1,bytype,3,bytype,eig,0,"[0.000,3.142]",none,1,1,Z,1,ridge,1,adam,adjoint,100,43,13,117,25,2630,889,0.5008891512983599,0.590753770689088,0.4267336007962882,0.48912737858574995,0.6047202431003672,52,0.9027498564265922,0.2972453755929634,0.6707334003136072,6.669403234345985,2.242533081210593,0.014128731203014203,0.2598706833275754,0.42702733000185794,0.0,1745.78,xy_bytype_r3,0.48426733661052457,0.41166040645387014,24,0,1.0,1,0.5008891512983599,0.590753770689088,52,0.4267336007962882,0.48912737858574995,0.6047202431003672,0.6160458499478108,52,0.47283426236980425,0.6174643847113799,,
A2,HLgap,0,molecule,none,0.0,fixed,3,fixed,eig,0,"[0.000,3.142]",none,1,1,Z,1,ridge,1,adam,adjoint,100,43,13,92,25,2630,889,0.7587734477478774,0.11365394003062801,0.6161109934715115,0.746121043300201,0.2146072077076838,52,0.9029634767475178,0.7866007721073658,0.1288675651193462,3.527049902903191,1.4256184594846781,0.0023991539698766224,0.0,0.0,0.0,1252.9,none_r3,0.7209739303416491,0.5952835312139454,24,0,1.0,1,0.7587734477478774,0.11365394003062801,52,0.6161109934715115,0.746121043300201,0.2146072077076838,0.19888057978633,52,0.7120334977918023,0.2769854845748101,,
A2,HLgap,0,molecule,xy,0.1,bytype_shuffled,3,bytype_shuffled,eig,0,"[0.000,3.142]",none,1,1,Z,1,ridge,1,adam,adjoint,100,43,13,117,25,2630,889,0.659243809886002,0.31488065920735386,0.5608095751590176,0.6519173583226915,0.37587427485705227,52,0.9027498564265922,0.5622710310159676,0.3771574406650829,8.671861198418503,2.915843431534101,0.05294650822169858,0.5870931682965841,0.8002844969404935,0.0,1782.12,xy_shuffled_r3,0.640550791311543,0.5479552892937075,24,0,1.0,1,0.659243809886002,0.31488065920735386,52,0.5608095751590176,0.6519173583226915,0.37587427485705227,0.3426295528158424,52,0.6338374205566801,0.4096541433137881,,
A2,HLgap,0,,,,,,,,,,,,,,,,,,,,43,,2630,,2630,889,0.6069341579403906,0.39695133351342493,0.5310477962247263,0.5920597614159764,0.41618621337508,52,,,,,,,,,,,krr_res,,,,,,,,,,,,,,,,,,
A2,HLgap,0,,,,,,,,,,,,,,,,,,,,43,,0,,2630,889,0.842720496182749,-0.024771349291177414,0.6309366895772451,0.8370886342675069,nan,52,,,,,,,,,,,composition,,,,,,,,,,,,,,,,,,
A2,HLgap,0,,,,,,,,,,,,,,,,,,,,43,,116,,2630,889,0.45237763588187185,0.6785802181354,0.41124746619834435,0.44757738420424914,0.6796820908456054,52,0.6933969855308533,0.28964605927467346,,,,,,,,,C3_eigfeat,,,,,,,,,,,,,,,,,30,eig
A2,HLgap,0,,,,,,,,,,,,,,,,,,,,43,,117,,2630,889,0.39496855976885686,0.7578557563509016,0.334034509337171,0.38641461662777654,0.7311072861731247,52,0.7231784462928772,0.1741148680448532,,,,,,,,,C3_msgpass,,,,,,,,,,,,,,,,,13,atom
A2,HLgap,0,molecule,zz,0.1,bytype,3,bytype,eig,0,"[0.000,3.142]",none,1,1,Z,1,ridge,1,adam,adjoint,100,44,13,116,24,2595,924,0.4684548873053717,0.6662931339865541,0.4267711729897819,0.4645952982720254,0.6707699726235742,51,0.8387816455148227,0.29015368634280947,0.6540772108041055,8.54612621648904,2.9372076532247196,0.023647429722760557,0.1493965261432398,0.8436335994078354,0.0,1637.89,zz_bytype_r3,0.4604028541819709,0.4272406813481484,23,0,1.0,1,0.4684548873053717,0.6662931339865541,51,0.4267711729897819,0.4645952982720254,0.6707699726235742,0.6718152559930296,51,0.4565939814438155,0.6573779817919073,,
A2,HLgap,0,molecule,xy,0.1,bytype,3,bytype,eig,0,"[0.000,3.142]",none,1,1,Z,1,ridge,1,adam,adjoint,100,44,13,116,24,2595,924,0.4816620040374231,0.6400978066851819,0.43722085943736727,0.4818281215307393,0.6285450421634828,51,0.8685923991892963,0.31209616175581173,0.6406874363083216,9.030143563877774,3.103558982590853,0.008484184939695603,0.1686945685911243,0.701516539954815,0.0,1714.25,xy_bytype_r3,0.48074078919855334,0.43447787869455556,23,0,1.0,1,0.4816620040374231,0.6400978066851819,51,0.43722085943736727,0.4818281215307393,0.6285450421634828,0.643641528371812,51,0.48114151511691855,0.6362596454617899,,
A2,HLgap,0,molecule,none,0.0,fixed,3,fixed,eig,0,"[0.000,3.142]",none,1,1,Z,1,ridge,1,adam,adjoint,100,44,13,92,24,2595,924,0.7424227728422158,0.20522922617906136,0.650093171554293,0.7354785112525223,0.24470952126603682,51,0.8766499336928435,0.7987139430342055,0.08890206645010121,2.5416128225646255,1.0503785897171947,0.0015666946336776988,0.0,0.0,0.0,1229.37,none_r3,0.6863963331107502,0.6051519555193247,23,0,1.0,1,0.7424227728422158,0.20522922617906136,51,0.650093171554293,0.7354785112525223,0.24470952126603682,0.29402498745221706,51,0.6782330115565208,0.3332936959382063,,
A2,HLgap,0,molecule,xy,0.1,bytype_shuffled,3,bytype_shuffled,eig,0,"[0.000,3.142]",none,1,1,Z,1,ridge,1,adam,adjoint,100,44,13,116,24,2595,924,0.6044183902794099,0.45595525497764877,0.5424823976534549,0.5988367140263078,0.48961712366192706,51,0.8685923991892963,0.5569496025957409,0.35879060982392696,9.72541939255662,3.342517480671243,0.04088938446970268,0.3698721103623542,0.37036462896063754,0.0,1756.74,xy_shuffled_r3,0.6061273527754595,0.5402422290343407,23,0,1.0,1,0.6044183902794099,0.45595525497764877,51,0.5424823976534549,0.5988367140263078,0.48961712366192706,0.46341056528950675,51,0.6011894754254247,0.49227549557708944,,
A2,HLgap,0,,,,,,,,,,,,,,,,,,,,44,,2595,,2595,924,0.6225573162873661,0.41304205491030765,0.5655184918103215,0.6161144810695043,0.4211471060037068,51,,,,,,,,,,,krr_res,,,,,,,,,,,,,,,,,,
A2,HLgap,0,,,,,,,,,,,,,,,,,,,,44,,0,,2595,924,0.8495495762517828,-0.00253975915686544,0.6709096492294515,0.8494945200500197,nan,51,,,,,,,,,,,composition,,,,,,,,,,,,,,,,,,
A2,HLgap,0,,,,,,,,,,,,,,,,,,,,44,,115,,2595,924,0.4301280791535783,0.7229618333425145,0.38117672164519645,0.4261396892291314,0.7431792703466553,51,0.703942596912384,0.24109451472759247,,,,,,,,,C3_eigfeat,,,,,,,,,,,,,,,,,30,eig
A2,HLgap,0,,,,,,,,,,,,,,,,,,,,44,,116,,2595,924,0.37871264232390744,0.7826994622744424,0.3412136825118348,0.37585538020161713,0.782722235651852,51,0.7381961345672607,0.18547818064689636,,,,,,,,,C3_msgpass,,,,,,,,,,,,,,,,,13,atom
A2,HLgap,0,molecule,zz,0.1,bytype,3,bytype,eig,0,"[0.000,3.142]",none,1,1,Z,1,ridge,1,adam,adjoint,100,45,13,116,24,2647,872,0.4866761173914829,0.6668772038542847,0.4471686737899541,0.484868828368251,0.5717840576242973,54,0.7987416900757964,0.30996555369509565,0.6119326716680062,8.300312881832975,2.921791729651197,0.01313579324804296,0.19307258457169882,0.7494087686398664,0.0,1675.98,zz_bytype_r3,0.47085402895926204,0.4330248059529063,23,0,1.0,1,0.4866761173914829,0.6668772038542847,54,0.4471686737899541,0.484868828368251,0.5717840576242973,0.6837411680091487,54,0.46927800778555623,0.5854401995447505,,
A2,HLgap,0,molecule,xy,0.1,bytype,3,bytype,eig,0,"[0.000,3.142]",none,1,1,Z,1,ridge,1,adam,adjoint,100,45,13,116,24,2647,872,0.5508796828249448,0.6007814234519766,0.48523809199079687,0.5420809779156355,0.5975429556592972,54,0.841330722595532,0.3857905466684613,0.5414519685216235,10.392378174730371,3.658219278551989,0.021860950813371992,0.4220554301540235,1.2573414793509576,0.0,1755.77,xy_bytype_r3,0.5177195921416077,0.45808419379894144,23,0,1.0,1,0.5508796828249448,0.6007814234519766,54,0.48523809199079687,0.5420809779156355,0.5975429556592972,0.6378334298922038,54,0.5119908328695261,0.611361990835345,,
A2,HLgap,0,molecule,none,0.0,fixed,3,fixed,eig,0,"[0.000,3.142]",none,1,1,Z,1,ridge,1,adam,adjoint,100,45,13,92,24,2647,872,0.740091465293368,0.22197203384951458,0.6555316127270835,0.7412192656131213,0.3311608923307339,54,0.8468672242507181,0.757179255640239,0.10590558477432191,2.4316998530238507,1.0343557592574175,0.08847566338583952,0.0,0.0,0.0,1252.43,none_r3,0.7248485355579797,0.64145875162389,23,0,1.0,1,0.740091465293368,0.22197203384951458,54,0.6555316127270835,0.7412192656131213,0.3311608923307339,0.269895752542166,54,0.7215530543965621,0.35276041760492943,,
A2,HLgap,0,molecule,xy,0.1,bytype_shuffled,3,bytype_shuffled,eig,0,"[0.000,3.142]",none,1,1,Z,1,ridge,1,adam,adjoint,100,45,13,116,24,2647,872,0.7207371963260669,0.27420929813683503,0.63177464364695,0.7067430423408466,0.42294116583489944,54,0.841330722595532,0.5504179204080446,0.34577698683106706,9.075515755895383,3.194670761861511,0.12154031153773288,0.2714592953347192,0.39116193759248863,0.0,1794.34,xy_shuffled_r3,0.7092649154062695,0.6223752002741926,23,0,1.0,1,0.7207371963260669,0.27420929813683503,54,0.63177464364695,0.7067430423408466,0.42294116583489944,0.29787691478798284,54,0.6992368339892272,0.4048414701955481,,
A2,HLgap,0,,,,,,,,,,,,,,,,,,,,45,,2647,,2647,872,0.6146880268481839,0.45653656161361444,0.5512688635571408,0.599875800112943,0.45116654648431437,54,,,,,,,,,,,krr_res,,,,,,,,,,,,,,,,,,
A2,HLgap,0,,,,,,,,,,,,,,,,,,,,45,,0,,2647,872,0.8799182505146903,-0.0016584028397961248,0.6868435408489125,0.8731737996989363,nan,54,,,,,,,,,,,composition,,,,,,,,,,,,,,,,,,
A2,HLgap,0,,,,,,,,,,,,,,,,,,,,45,,115,,2647,872,0.45950754402820493,0.7206894384803859,0.40751040297412827,0.45802386467931155,0.6922118003457406,54,0.6694430112838745,0.23989197611808777,,,,,,,,,C3_eigfeat,,,,,,,,,,,,,,,,,30,eig
A2,HLgap,0,,,,,,,,,,,,,,,,,,,,45,,116,,2647,872,0.39830100269697777,0.7677597925799668,0.3576425735480464,0.39353291803998736,0.7506643326100532,54,0.7634032964706421,0.1741381138563156,,,,,,,,,C3_msgpass,,,,,,,,,,,,,,,,,13,atom
A2,HLgap,0,molecule,zz,0.1,bytype,3,bytype,eig,0,"[0.000,3.142]",none,1,1,Z,1,ridge,1,adam,adjoint,100,46,13,116,24,2665,854,0.4851656171322439,0.6446329836854888,0.4025780662842232,0.47324855832155144,0.6431380093618961,56,0.7965548572883429,0.30905949468418054,0.6120047579192592,8.880231376610539,2.8367960146808677,0.009592078175365379,0.20312209947154514,0.9563544578934383,0.0,1686.98,zz_bytype_r3,0.453971946819576,0.39437105656385746,23,0,1.0,1,0.4851656171322439,0.6446329836854888,56,0.4025780662842232,0.47324855832155144,0.6431380093618961,0.6933189162771096,56,0.4459790787113726,0.6557108619019405,,
A2,HLgap,0,molecule,xy,0.1,bytype,3,bytype,eig,0,"[0.000,3.142]",none,1,1,Z,1,ridge,1,adam,adjoint,100,46,13,116,24,2665,854,0.5792601934498289,0.5157961223198557,0.4923867085566824,0.5640185337582323,0.5925864988726263,56,0.867106314122181,0.38483673565641285,0.5561827547686536,8.553870854559147,2.732539921676011,0.1408358411732523,0.009076924499588043,0.6761706762524993,0.0,1767.59,xy_bytype_r3,0.5703945501992479,0.4857918003053341,23,0,1.0,1,0.5792601934498289,0.5157961223198557,56,0.4923867085566824,0.5640185337582323,0.5925864988726263,0.5293131965620858,56,0.5555897642215019,0.5935487011785269,,
A2,HLgap,0,molecule,none,0.0,fixed,3,fixed,eig,0,"[0.000,3.142]",none,1,1,Z,1,ridge,1,adam,adjoint,100,46,13,92,24,2665,854,0.7830762048076046,0.13790793120191913,0.6738661316947147,0.7699729696776981,0.14457411136892145,56,0.8701702080422846,0.7860561812654233,0.09666387793958342,3.004062148128126,1.1376973451710586,0.0018827785746057977,0.0,0.0,0.0,1262.53,none_r3,0.7477132003341391,0.6610928778354708,23,0,1.0,1,0.7830762048076046,0.13790793120191913,56,0.6738661316947147,0.7699729696776981,0.14457411136892145,0.21533532590890503,56,0.7443111639302199,0.17158256954950624,,
A2,HLgap,0,molecule,xy,0.1,bytype_shuffled,3,bytype_shuffled,eig,0,"[0.000,3.142]",none,1,1,Z,1,ridge,1,adam,adjoint,100,46,13,116,24,2665,854,0.6448100976071217,0.35663281958720683,0.5597494866628475,0.6255651821631807,0.48875210707977484,56,0.867106314122181,0.5355588766231553,0.3823607694918809,7.871914235400188,2.5146884111274455,0.3753092964276645,0.22344053769838204,0.1483571145519089,0.0,1805.61,xy_shuffled_r3,0.5999896009843851,0.5430865569238359,23,0,1.0,1,0.6448100976071217,0.35663281958720683,56,0.5597494866628475,0.6255651821631807,0.48875210707977484,0.46601965546491253,56,0.592216319070552,0.5025085285694444,,
A2,HLgap,0,,,,,,,,,,,,,,,,,,,,46,,2665,,2665,854,0.5980326777716117,0.4811936747749195,0.5228972379795173,0.5896821725060867,0.44373061969902006,56,,,,,,,,,,,krr_res,,,,,,,,,,,,,,,,,,
A2,HLgap,0,,,,,,,,,,,,,,,,,,,,46,,0,,2665,854,0.8800352320249923,-0.0007403616142309666,0.6882302468925959,0.8748617319276425,nan,56,,,,,,,,,,,composition,,,,,,,,,,,,,,,,,,
A2,HLgap,0,,,,,,,,,,,,,,,,,,,,46,,115,,2665,854,0.4299277322321925,0.7374844639366296,0.37907726151434973,0.4222874629631667,0.6567687562938876,56,0.6867571473121643,0.24100594222545624,,,,,,,,,C3_eigfeat,,,,,,,,,,,,,,,,,30,eig
A2,HLgap,0,,,,,,,,,,,,,,,,,,,,46,,116,,2665,854,0.3990611298559975,0.7768680068720589,0.35227493483534467,0.3991186523999583,0.7278142857335027,56,0.7445263862609863,0.17680908739566803,,,,,,,,,C3_msgpass,,,,,,,,,,,,,,,,,13,atom
A2,HLgap,0,molecule,zz,0.1,bytype,3,bytype,eig,0,"[0.000,3.142]",none,1,1,Z,1,ridge,1,adam,adjoint,100,47,13,117,25,2642,877,0.4653366306688453,0.6736701643766294,0.4219537955302031,0.46261905017887844,0.6382920795622566,55,0.8284012583396144,0.3009684702394533,0.6366875747597343,9.241197751061172,3.108072651715047,0.00954413711991732,0.12028149924261976,0.5511877244917481,0.0,1667.25,zz_bytype_r3,0.4595649273511775,0.4186499102285556,24,0,1.0,1,0.4653366306688453,0.6736701643766294,55,0.4219537955302031,0.46261905017887844,0.6382920795622566,0.6772957708897631,55,0.4568135748941763,0.6397887575657439,,
A2,HLgap,0,molecule,xy,0.1,bytype,3,bytype,eig,0,"[0.000,3.142]",none,1,1,Z,1,ridge,1,adam,adjoint,100,47,13,117,25,2642,877,0.5039595159278898,0.6209285054425857,0.4433095389505363,0.4947738200732975,0.6237798628635635,55,0.8757165818364948,0.32963718915982304,0.6235800531850959,8.98113529525619,3.020606391561432,0.020872432210871292,0.12854315008268072,0.7083321812058615,0.0,1746.6,xy_bytype_r3,0.4981950554180423,0.4414571499945291,24,0,1.0,1,0.5039595159278898,0.6209285054425857,55,0.4433095389505363,0.4947738200732975,0.6237798628635635,0.6291168137033764,55,0.4899088624598094,0.613619750579073,,
A2,HLgap,0,molecule,none,0.0,fixed,3,fixed,eig,0,"[0.000,3.142]",none,1,1,Z,1,ridge,1,adam,adjoint,100,47,13,92,25,2642,877,0.7422677680877006,-0.3823392347692449,0.6043657783010268,0.7103627694931682,0.2886169460992958,55,0.8803452570654534,0.7857345308973755,0.10747002429870942,3.2028178118704904,1.2949631078206196,0.010985958763181466,0.0,0.0,0.0,1248.32,none_r3,0.6897181839334976,0.5826747898241187,24,0,1.0,1,0.7422677680877006,-0.3823392347692449,55,0.6043657783010268,0.7103627694931682,0.2886169460992958,0.34642108540575045,55,0.6846637368049597,0.4071589873097183,,
A2,HLgap,0,molecule,xy,0.1,bytype_shuffled,3,bytype_shuffled,eig,0,"[0.000,3.142]",none,1,1,Z,1,ridge,1,adam,adjoint,100,47,13,117,25,2642,877,0.614947335066703,0.43621382230684347,0.5222792605390996,0.6014276998491543,0.5191775869795743,55,0.8757165818364948,0.5418843217618132,0.38121039043772664,9.022795196860542,3.0346177788661524,0.057080498169926934,0.5759650124964836,1.127418727420456,0.0,1787.42,xy_shuffled_r3,0.6053726515975705,0.5187387041400436,24,0,1.0,1,0.614947335066703,0.43621382230684347,55,0.5222792605390996,0.6014276998491543,0.5191775869795743,0.459460459589802,55,0.5932468381036311,0.5214388027005018,,
A2,HLgap,0,,,,,,,,,,,,,,,,,,,,47,,2642,,2642,877,0.6204682558648119,0.41913125452050937,0.5318114318830361,0.6005784436950095,0.502091970798198,55,,,,,,,,,,,krr_res,,,,,,,,,,,,,,,,,,
A2,HLgap,0,,,,,,,,,,,,,,,,,,,,47,,0,,2642,877,0.8780258201019062,-0.00827190368401487,0.6492043369962401,0.8673001990632317,nan,55,,,,,,,,,,,composition,,,,,,,,,,,,,,,,,,
A2,HLgap,0,,,,,,,,,,,,,,,,,,,,47,,116,,2642,877,0.4095430501128471,0.7651825360396243,0.35485020749215496,0.40962521999451396,0.7391954499301631,55,0.7297855019569397,0.24280445277690887,,,,,,,,,C3_eigfeat,,,,,,,,,,,,,,,,,30,eig
A2,HLgap,0,,,,,,,,,,,,,,,,,,,,47,,117,,2642,877,0.38639170171922055,0.782859189081244,0.34441692611077696,0.38369230755608524,0.7463483631082464,55,0.7525277137756348,0.1748698651790619,,,,,,,,,C3_msgpass,,,,,,,,,,,,,,,,,13,atom
A2,HLgap,0,molecule,zz,0.1,bytype,3,bytype,eig,0,"[0.000,3.142]",none,1,1,Z,1,ridge,1,adam,adjoint,100,48,13,117,25,2609,910,0.4924458387004856,0.6565160571618199,0.45076941147962085,0.48768088230376644,0.6493487864398892,47,0.7918720400057875,0.2949887360429054,0.6274792881426279,8.653733949370928,2.846773866076108,0.014408701031201857,0.06607551919099594,0.6883343412301134,0.0,1648.71,zz_bytype_r3,0.48289054381029445,0.44063845450799694,24,0,1.0,1,0.4924458387004856,0.6565160571618199,47,0.45076941147962085,0.48768088230376644,0.6493487864398892,0.6753216902240397,47,0.4767426331643022,0.6704149368430133,,
A2,HLgap,0,molecule,xy,0.1,bytype,3,bytype,eig,0,"[0.000,3.142]",none,1,1,Z,1,ridge,1,adam,adjoint,100,48,13,117,25,2609,910,0.541193024060504,0.5494738776679288,0.4535746427655646,0.5238213545323357,0.659618359176283,47,0.8307331747621894,0.3644712891666276,0.5612655179312379,9.569364023860128,3.1479839312686786,0.024988956424927558,0.3701974729097602,0.7069961006944884,0.0,1731.11,xy_bytype_r3,0.5234221407915164,0.4516078272570925,24,0,1.0,1,0.541193024060504,0.5494738776679288,47,0.4535746427655646,0.5238213545323357,0.659618359176283,0.5821707026030805,47,0.5154920854847671,0.6459615493220722,,
A2,HLgap,0,molecule,none,0.0,fixed,3,fixed,eig,0,"[0.000,3.142]",none,1,1,Z,1,ridge,1,adam,adjoint,100,48,13,92,25,2609,910,0.7693296461043279,-0.3381618194462106,0.6540971771767211,0.72938466852915,0.2816550981420292,47,0.8340150274082396,0.7493182855951885,0.10155301646812309,2.287941287962945,0.9008214199092272,0.005235766434692053,0.0,0.0,0.0,1235.71,none_r3,0.708147907560599,0.632055577810671,24,0,1.0,1,0.7693296461043279,-0.3381618194462106,47,0.6540971771767211,0.72938466852915,0.2816550981420292,0.27054864563041703,47,0.7107580979194501,0.31341826864721395,,
A2,HLgap,0,molecule,xy,0.1,bytype_shuffled,3,bytype_shuffled,eig,0,"[0.000,3.142]",none,1,1,Z,1,ridge,1,adam,adjoint,100,48,13,117,25,2609,910,0.6297847026281834,0.1618358210375228,0.5316342656732683,0.591435926641589,0.5576789707419717,47,0.8307331747621894,0.5338440610919383,0.35738203636232585,10.71265747399617,3.5240872335131237,0.15379049181161533,0.47120259317113955,2.227623802601536,0.0,1772.4,xy_shuffled_r3,0.6107682670368632,0.5270829310932175,24,0,1.0,1,0.6297847026281834,0.1618358210375228,47,0.5316342656732683,0.591435926641589,0.5576789707419717,0.37765625559747806,47,0.5881506961105709,0.5532328179325482,,
A2,HLgap,0,,,,,,,,,,,,,,,,,,,,48,,2609,,2609,910,0.6324443139757542,0.2658104803544433,0.5515683405728238,0.6002304008454016,0.47013178808099776,47,,,,,,,,,,,krr_res,,,,,,,,,,,,,,,,,,
A2,HLgap,0,,,,,,,,,,,,,,,,,,,,48,,0,,2609,910,0.8696089577763363,-0.007576293056322125,0.6959128051374925,0.8732470054291245,nan,47,,,,,,,,,,,composition,,,,,,,,,,,,,,,,,,
A2,HLgap,0,,,,,,,,,,,,,,,,,,,,48,,116,,2609,910,0.4257680721813069,0.7447929856886049,0.37348850402083505,0.41830244749556134,0.7543169032959351,47,0.7112779021263123,0.2436123937368393,,,,,,,,,C3_eigfeat,,,,,,,,,,,,,,,,,30,eig
A2,HLgap,0,,,,,,,,,,,,,,,,,,,,48,,117,,2609,910,0.3867034408069591,0.7901545005503028,0.34159823299430386,0.3788758091883337,0.7913158098220547,47,0.7299542427062988,0.18716993927955627,,,,,,,,,C3_msgpass,,,,,,,,,,,,,,,,,13,atom
A2,HLgap,0,molecule,zz,0.1,bytype,3,bytype,eig,0,"[0.000,3.142]",none,1,1,Z,1,ridge,1,adam,adjoint,100,49,13,117,25,2650,869,0.5273468160570031,0.5755337243861713,0.4432491599143896,0.5182393676580399,0.5775898324304778,56,0.8309872428325099,0.3467505009872909,0.5827246399049951,9.068097322852333,2.9927428515832797,0.05541922074768548,0.2882858494502074,1.05353696501972,0.0,1673.7,zz_bytype_r3,0.5027427559706067,0.4356267769705828,24,0,1.0,1,0.5273468160570031,0.5755337243861713,56,0.4432491599143896,0.5182393676580399,0.5775898324304778,0.6212361340065506,56,0.49790903286024946,0.5701387049817681,,
A2,HLgap,0,molecule,xy,0.1,bytype,3,bytype,eig,0,"[0.000,3.142]",none,1,1,Z,1,ridge,1,adam,adjoint,100,49,13,117,25,2650,869,0.5069720591199277,0.6149107713424546,0.42759942632701226,0.5021848651333567,0.6049516371539008,56,0.8871422918790735,0.3341567086695977,0.6233335827538852,10.0793446128685,3.3264846488566797,0.011627011804821076,0.22539054935761713,1.0790599982337914,0.0,1752.63,xy_bytype_r3,0.49633496467157995,0.42462013082829153,24,0,1.0,1,0.5069720591199277,0.6149107713424546,56,0.42759942632701226,0.5021848651333567,0.6049516371539008,0.6411742525736612,56,0.49482822332701937,0.6091763274662111,,
A2,HLgap,0,molecule,none,0.0,fixed,3,fixed,eig,0,"[0.000,3.142]",none,1,1,Z,1,ridge,1,adam,adjoint,100,49,13,92,25,2650,869,0.7246656277099902,0.1849549100691983,0.6247914937935173,0.7041533422560902,0.20599811390083902,56,0.8879993020365321,0.8183236055312965,0.07846368386263573,2.9227480377491064,1.1552231837061415,0.0035850902282666625,0.0,0.0,0.0,1257.52,none_r3,0.7340553619577186,0.6213633998735633,24,0,1.0,1,0.7246656277099902,0.1849549100691983,56,0.6247914937935173,0.7041533422560902,0.20599811390083902,0.2016770419556273,56,0.721986211497862,0.18898296092278952,,
A2,HLgap,0,molecule,xy,0.1,bytype_shuffled,3,bytype_shuffled,eig,0,"[0.000,3.142]",none,1,1,Z,1,ridge,1,adam,adjoint,100,49,13,117,25,2650,869,0.6017447360357853,0.43634180630468855,0.5064926083640228,0.5818175353949753,0.5200560875167126,56,0.8871422918790735,0.5112025618821792,0.42376486099046073,9.096271611081292,3.002041207863949,0.11926661095693175,0.6497064022226456,0.9288969147095455,0.0,1801.22,xy_shuffled_r3,0.5911639287180043,0.505708989925437,24,0,1.0,1,0.6017447360357853,0.43634180630468855,56,0.5064926083640228,0.5818175353949753,0.5200560875167126,0.4799026985426007,56,0.5790983261897795,0.5324196559609117,,
A2,HLgap,0,,,,,,,,,,,,,,,,,,,,49,,2650,,2650,869,0.5752179460901745,0.5018700188192982,0.5033265362027903,0.5671078026003649,0.5419555588308619,56,,,,,,,,,,,krr_res,,,,,,,,,,,,,,,,,,
A2,HLgap,0,,,,,,,,,,,,,,,,,,,,49,,0,,2650,869,0.8499844046325206,-0.004306501999485013,0.6453893794307345,0.8512066238467234,nan,56,,,,,,,,,,,composition,,,,,,,,,,,,,,,,,,
A2,HLgap,0,,,,,,,,,,,,,,,,,,,,49,,116,,2650,869,0.43001327178268756,0.7305286739461078,0.36340786390139207,0.4229920095239053,0.7097340239427934,56,0.7236628532409668,0.23637358844280243,,,,,,,,,C3_eigfeat,,,,,,,,,,,,,,,,,30,eig
A2,HLgap,0,,,,,,,,,,,,,,,,,,,,49,,117,,2650,869,0.3903440052951195,0.7727801763463295,0.3496463556184217,0.3920020805438624,0.7339256462135458,56,0.7843683958053589,0.21334350109100342,,,,,,,,,C3_msgpass,,,,,,,,,,,,,,,,,13,atom
A2,HLgap,0,molecule,zz,0.1,bytype,3,bytype,eig,0,"[0.000,3.142]",none,1,1,Z,1,ridge,1,adam,adjoint,100,50,13,116,24,2691,828,0.48813636462242455,0.6399429419693315,0.43072253300641516,0.4838353462387375,0.6787149691746782,54,0.8070737111951277,0.30791616774780056,0.6184782585820652,8.93535968607701,2.82206947279922,0.013141184175995328,0.2597489544284926,0.7351238425418081,0.0,1700.78,zz_bytype_r3,0.48483348975859814,0.425253308875723,23,0,1.0,1,0.48813636462242455,0.6399429419693315,54,0.43072253300641516,0.4838353462387375,0.6787149691746782,0.6498481446194296,54,0.4794185732874853,0.6912257700653279,,
A2,HLgap,0,molecule,xy,0.1,bytype,3,bytype,eig,0,"[0.000,3.142]",none,1,1,Z,1,ridge,1,adam,adjoint,100,50,13,116,24,2691,828,0.48234295692944873,0.6463414502359051,0.42390798612031505,0.4783932356990019,0.6616185793359672,54,0.8349080241988489,0.32257435105723437,0.6136408541925724,10.195665372612131,3.220113908537828,0.008178974782136039,0.16715347899523403,1.0707387418672185,0.0,1781.5,xy_bytype_r3,0.46505848259801397,0.4092629711367584,23,0,1.0,1,0.48234295692944873,0.6463414502359051,54,0.42390798612031505,0.4783932356990019,0.6616185793359672,0.6698580581641889,54,0.4635205490356031,0.6728763050365194,,
A2,HLgap,0,molecule,none,0.0,fixed,3,fixed,eig,0,"[0.000,3.142]",none,1,1,Z,1,ridge,1,adam,adjoint,100,50,13,92,24,2691,828,0.7263296261018516,0.23193193613448038,0.637205867342426,0.7171992641547532,0.292558662254077,54,0.8412468582998339,0.7791158412424596,0.07385586816091246,2.91555168379969,1.089377814296909,0.0015654493447307693,0.0,0.0,0.0,1271.7,none_r3,0.6922738010865096,0.6150361192349877,23,0,1.0,1,0.7263296261018516,0.23193193613448038,54,0.637205867342426,0.7171992641547532,0.292558662254077,0.2853337872786257,54,0.6893556688699898,0.2535590487424143,,
A2,HLgap,0,molecule,xy,0.1,bytype_shuffled,3,bytype_shuffled,eig,0,"[0.000,3.142]",none,1,1,Z,1,ridge,1,adam,adjoint,100,50,13,116,24,2691,828,0.687145284258048,0.2842786233697353,0.5725729534564119,0.6782094232661968,0.4809967405977454,54,0.8349080241988489,0.5876147997214437,0.29619217603603687,10.669985567116173,3.369919242432532,0.031846440211499544,0.6780490671673981,0.6982244340549077,0.0,1828.39,xy_shuffled_r3,0.6691453774827987,0.561686555552593,23,0,1.0,1,0.687145284258048,0.2842786233697353,54,0.5725729534564119,0.6782094232661968,0.4809967405977454,0.33988826416271356,54,0.663119234811709,0.48161183751058895,,
A2,HLgap,0,,,,,,,,,,,,,,,,,,,,50,,2691,,2691,828,0.5898556835535553,0.4490067127412616,0.5370306386079955,0.5825996724828294,0.49483246650595847,54,,,,,,,,,,,krr_res,,,,,,,,,,,,,,,,,,
A2,HLgap,0,,,,,,,,,,,,,,,,,,,,50,,0,,2691,828,0.8621978240821525,-0.0012761246409265237,0.6575224873776103,0.8617608206851879,nan,54,,,,,,,,,,,composition,,,,,,,,,,,,,,,,,,
A2,HLgap,0,,,,,,,,,,,,,,,,,,,,50,,115,,2691,828,0.4198815816429722,0.7351781799374005,0.37731229120674575,0.4190939296577445,0.7036013388898406,54,0.7121354937553406,0.23324304819107056,,,,,,,,,C3_eigfeat,,,,,,,,,,,,,,,,,30,eig
A2,HLgap,0,,,,,,,,,,,,,,,,,,,,50,,116,,2691,828,0.3738087969342224,0.7852864447154266,0.33098480227712024,0.3717243960975225,0.7556523393458988,54,0.7759663462638855,0.18938086926937103,,,,,,,,,C3_msgpass,,,,,,,,,,,,,,,,,13,atom
A2,HLgap,0,molecule,zz,0.1,bytype,3,bytype,eig,0,"[0.000,3.142]",none,1,1,Z,1,ridge,1,adam,adjoint,100,51,13,116,24,2631,888,0.44226976007533075,0.6901277778070349,0.40456148702720246,0.43170267886694197,0.6563015707520524,46,0.836770503347246,0.3054782984018197,0.63493180366678,7.875730781491077,2.275509199496803,0.014774110237185147,0.05610130540441068,0.713480749889658,0.0,1663.32,zz_bytype_r3,0.4325841834546528,0.3969850161498625,23,0,1.0,1,0.44226976007533075,0.6901277778070349,46,0.40456148702720246,0.43170267886694197,0.6563015707520524,0.7017709235036653,46,0.4230230951660189,0.6659306541798172,,
A2,HLgap,0,molecule,xy,0.1,bytype,3,bytype,eig,0,"[0.000,3.142]",none,1,1,Z,1,ridge,1,adam,adjoint,100,51,13,116,24,2631,888,0.4781062020466108,0.6591722221540187,0.4323126865921016,0.4699477233325467,0.6351812221576765,46,0.8745278419766642,0.34217521953969754,0.6087314741560531,9.666539948054943,2.7929218493344576,0.006086327892307265,0.13755322774564763,0.6755943876769958,0.0,1742.81,xy_bytype_r3,0.4370066746733249,0.4028620464316028,23,0,1.0,1,0.4781062020466108,0.6591722221540187,46,0.4323126865921016,0.4699477233325467,0.6351812221576765,0.7125850436594757,46,0.43322598754900515,0.6618732089780854,,
A2,HLgap,0,molecule,none,0.0,fixed,3,fixed,eig,0,"[0.000,3.142]",none,1,1,Z,1,ridge,1,adam,adjoint,100,51,13,92,24,2631,888,0.7438594347011095,0.21174654558686656,0.6604303658438049,0.7362339456380218,0.29245442031828167,46,0.8726900406763879,0.772254135777698,0.11508771753696878,2.714158191658783,0.9134928683825796,0.0009669870689780481,0.0,0.0,0.0,1252.36,none_r3,0.7065105074281197,0.6389560333223611,23,0,1.0,1,0.7438594347011095,0.21174654558686656,46,0.6604303658438049,0.7362339456380218,0.29245442031828167,0.30508642529681806,46,0.7074563595396786,0.30933155903119414,,
A2,HLgap,0,molecule,xy,0.1,bytype_shuffled,3,bytype_shuffled,eig,0,"[0.000,3.142]",none,1,1,Z,1,ridge,1,adam,adjoint,100,51,13,116,24,2631,888,0.6427103993817301,0.38584902835807533,0.5754347901603427,0.6371690654582607,0.4656263869375217,46,0.8745278419766642,0.5780959700399555,0.3389621893188607,8.034552775395033,2.321397120026059,0.22843017752411376,0.2653461922610124,0.7791591258226545,0.0,1784.42,xy_shuffled_r3,0.6366406907933877,0.5785635395534364,23,0,1.0,1,0.6427103993817301,0.38584902835807533,46,0.5754347901603427,0.6371690654582607,0.4656263869375217,0.40540285439018964,46,0.6356632176505075,0.465882831193501,,
A2,HLgap,0,,,,,,,,,,,,,,,,,,,,51,,2631,,2631,888,0.5943945279962002,0.4933906507836573,0.5534870723256773,0.58132226991697,0.5046317922373408,46,,,,,,,,,,,krr_res,,,,,,,,,,,,,,,,,,
A2,HLgap,0,,,,,,,,,,,,,,,,,,,,51,,0,,2631,888,0.8663424832686164,-0.0002916048652921166,0.6928158624526267,0.8593938876786459,nan,46,,,,,,,,,,,composition,,,,,,,,,,,,,,,,,,
A2,HLgap,0,,,,,,,,,,,,,,,,,,,,51,,115,,2631,888,0.40226122512736306,0.7697730194456265,0.37382931743749775,0.4016258588526708,0.7411992022232747,46,0.7032432556152344,0.2439834028482437,,,,,,,,,C3_eigfeat,,,,,,,,,,,,,,,,,30,eig
A2,HLgap,0,,,,,,,,,,,,,,,,,,,,51,,116,,2631,888,0.3571231256600647,0.8094533506712926,0.33472096385303973,0.3553594896970304,0.7559449956605296,46,0.7419944405555725,0.1795607954263687,,,,,,,,,C3_msgpass,,,,,,,,,,,,,,,,,13,atom
A2,DIP,0,molecule,zz,0.1,bytype,3,bytype,eig,0,"[0.000,3.142]",none,1,1,Z,1,ridge,1,adam,adjoint,100,42,13,117,25,2653,866,0.1882488039868224,0.35938596127946854,0.17201450751547193,0.18823588073621045,0.3506899180510179,55,0.915113977134457,0.5749174502226206,0.3717531754646684,7.678080370547245,3.0046761975736684,0.1012392433942454,0.20111789792663465,0.8161668089582726,0.0,1786.53,zz_bytype_r3,0.18423368289183706,0.1699908231546906,24,0,1.0,1,0.1882488039868224,0.35938596127946854,55,0.17201450751547193,0.18823588073621045,0.3506899180510179,0.3852535109483082,55,0.18537988268094827,0.3372892664935002,,
A2,DIP,0,molecule,xy,0.1,bytype,3,bytype,eig,0,"[0.000,3.142]",none,1,1,Z,1,ridge,1,adam,adjoint,100,42,13,117,25,2653,866,0.19205424452147327,0.3412307963202834,0.17420133853453762,0.1907268808904062,0.373849831165723,55,0.8902095437271969,0.58697425929464,0.34063360314353447,9.080531313802409,3.5534997008581475,0.019790744429449936,-0.01776040820504353,0.9060024998588504,0.0,1843.74,xy_bytype_r3,0.18875125993620104,0.17103164815329372,24,0,1.0,1,0.19205424452147327,0.3412307963202834,55,0.17420133853453762,0.1907268808904062,0.373849831165723,0.3685148184132604,55,0.18741030745685894,0.3767057199896187,,
A2,DIP,0,molecule,none,0.0,fixed,3,fixed,eig,0,"[0.000,3.142]",none,1,1,Z,1,ridge,1,adam,adjoint,100,42,13,92,25,2653,866,0.22871346771151493,-0.571501268234996,0.18636917086842988,0.21512440333285862,0.20675888489465585,55,0.9034644783557152,0.8294647101097865,0.08190667150589759,3.3547440385714373,1.6321794398286074,0.00463865263059957,0.0,0.0,0.0,1312.44,none_r3,0.21169384059791566,0.183781903537035,24,0,1.0,1,0.22871346771151493,-0.571501268234996,55,0.18636917086842988,0.21512440333285862,0.20675888489465585,0.2199810875435273,55,0.21044242560929624,0.24498983401020555,,
A2,DIP,0,molecule,xy,0.1,bytype_shuffled,3,bytype_shuffled,eig,0,"[0.000,3.142]",none,1,1,Z,1,ridge,1,adam,adjoint,100,42,13,117,25,2653,866,0.2104528888194672,0.24379961121524918,0.17513768525683782,0.20893119501735494,0.3418963590323841,55,0.8902095437271969,0.7101913608059812,0.2022200100972877,7.667489718965204,3.0005317399501954,0.8341713052243089,0.3809694767233028,0.7468091672893213,0.0,1862.85,xy_shuffled_r3,0.20267224660916985,0.1749331819609249,24,0,1.0,1,0.2104528888194672,0.24379961121524918,55,0.17513768525683782,0.20893119501735494,0.3418963590323841,0.28887836413865897,55,0.20251093363000225,0.3571801840491415,,
A2,DIP,0,,,,,,,,,,,,,,,,,,,,42,,2653,,2653,866,0.211855829952615,0.21186812701172397,0.18433125291993024,0.21079180549025955,0.30785332056572007,55,,,,,,,,,,,krr_res,,,,,,,,,,,,,,,,,,
A2,DIP,0,,,,,,,,,,,,,,,,,,,,42,,0,,2653,866,0.24854635188931612,-0.0001007013809852797,0.1932357455018816,0.24710940466618314,nan,55,,,,,,,,,,,composition,,,,,,,,,,,,,,,,,,
A2,DIP,0,,,,,,,,,,,,,,,,,,,,42,,116,,2653,866,0.17955526256674784,0.4081123788415376,0.1668160141494747,0.18042733877137415,0.3557996459096906,55,0.8635245561599731,0.5963781476020813,,,,,,,,,C3_eigfeat,,,,,,,,,,,,,,,,,30,eig
A2,DIP,0,,,,,,,,,,,,,,,,,,,,42,,117,,2653,866,0.1827207679429954,0.43147636892061214,0.16228063258079636,0.18297314099042747,0.40962319348471854,55,0.7962498068809509,0.5203859806060791,,,,,,,,,C3_msgpass,,,,,,,,,,,,,,,,,13,atom
A2,DIP,0,molecule,zz,0.1,bytype,3,bytype,eig,0,"[0.000,3.142]",none,1,1,Z,1,ridge,1,adam,adjoint,100,43,13,117,25,2630,889,0.1979558137490937,0.37494919631431334,0.18427501170240423,0.19658874994405245,0.3406773855614221,52,0.8563155319369566,0.5579390600503894,0.3484422047228897,8.925837938773615,3.0012410633898727,0.06713508180163344,0.2979358777861379,0.4781668836353958,0.0,1777.38,zz_bytype_r3,0.19738593725382172,0.1843603342085687,24,0,1.0,1,0.1979558137490937,0.37494919631431334,52,0.18427501170240423,0.19658874994405245,0.3406773855614221,0.37872367793109485,52,0.19613892812307981,0.33925129792672765,,
A2,DIP,0,molecule,xy,0.1,bytype,3,bytype,eig,0,"[0.000,3.142]",none,1,1,Z,1,ridge,1,adam,adjoint,100,43,13,117,25,2630,889,0.20202195068638032,0.3502739030410239,0.18895520968564644,0.20197242270636434,0.36727162783747097,52,0.8820663851120253,0.5761275309724856,0.34684334343008033,11.218591118337677,3.7721608401017055,0.05973492417829741,0.06518443897621408,0.813384820251914,0.0,1821.77,xy_bytype_r3,0.20164027577036256,0.18852211902585198,24,0,1.0,1,0.20202195068638032,0.3502739030410239,52,0.18895520968564644,0.20197242270636434,0.36727162783747097,0.3511905929790019,52,0.20150740040993764,0.3703016382141561,,
A2,DIP,0,molecule,none,0.0,fixed,3,fixed,eig,0,"[0.000,3.142]",none,1,1,Z,1,ridge,1,adam,adjoint,100,43,13,92,25,2630,889,0.23750239627316025,0.15473214915378952,0.2094404625336044,0.23565541416910904,0.21475936558440756,52,0.8568313779010162,0.782235739460236,0.08705988175119998,3.269811372703358,1.3216437476889276,0.0021182101836650768,0.0,0.0,0.0,1292.81,none_r3,0.2366021705129374,0.20927639586628963,24,0,1.0,1,0.23750239627316025,0.15473214915378952,52,0.2094404625336044,0.23565541416910904,0.21475936558440756,0.16649577360018464,52,0.23573746700114198,0.2079156641543655,,
A2,DIP,0,molecule,xy,0.1,bytype_shuffled,3,bytype_shuffled,eig,0,"[0.000,3.142]",none,1,1,Z,1,ridge,1,adam,adjoint,100,43,13,117,25,2630,889,0.21997967550135678,0.23296114847246563,0.1979003201378414,0.21642141444672836,0.290560267405491,52,0.8820663851120253,0.6752756174089636,0.23443900730532727,7.339956811389012,2.4680013167341484,0.014125324263235338,0.24201926183516467,0.5707112904823927,0.0,1830.11,xy_shuffled_r3,0.21969210232982445,0.19750189627851739,24,0,1.0,1,0.21997967550135678,0.23296114847246563,52,0.1979003201378414,0.21642141444672836,0.290560267405491,0.23555506783518987,52,0.21678917954788493,0.2883042279427912,,
A2,DIP,0,,,,,,,,,,,,,,,,,,,,43,,2630,,2630,889,0.22203219036606361,0.21120741343824068,0.1946871141419472,0.2182547247458966,0.3691066372708861,52,,,,,,,,,,,krr_res,,,,,,,,,,,,,,,,,,
A2,DIP,0,,,,,,,,,,,,,,,,,,,,43,,0,,2630,889,0.266557578457018,-0.0029348523288812434,0.21206101051564882,0.26372577146870874,nan,52,,,,,,,,,,,composition,,,,,,,,,,,,,,,,,,
A2,DIP,0,,,,,,,,,,,,,,,,,,,,43,,116,,2630,889,0.1956177558730714,0.3758013442593675,0.1821261819219457,0.19318093240611175,0.36669092208472304,52,0.8448439240455627,0.559177815914154,,,,,,,,,C3_eigfeat,,,,,,,,,,,,,,,,,30,eig
A2,DIP,0,,,,,,,,,,,,,,,,,,,,43,,117,,2630,889,0.1888501546433479,0.4216448212192434,0.1741049407699921,0.18764356475949237,0.44620026927492135,52,0.8274692296981812,0.501006007194519,,,,,,,,,C3_msgpass,,,,,,,,,,,,,,,,,13,atom
A2,DIP,0,molecule,zz,0.1,bytype,3,bytype,eig,0,"[0.000,3.142]",none,1,1,Z,1,ridge,1,adam,adjoint,100,44,13,116,24,2595,924,0.18110443492920883,0.4064015573362042,0.16696502057924834,0.1809389196669074,0.3729262698415367,51,0.8992288932411295,0.5449208264070868,0.394013214540955,8.821638099227586,3.0318979947940563,0.030738435364296574,0.19693984759701988,0.7946541030240756,0.0,1744.66,zz_bytype_r3,0.1796480734851218,0.16630580728784058,23,0,1.0,1,0.18110443492920883,0.4064015573362042,51,0.16696502057924834,0.1809389196669074,0.3729262698415367,0.41327113120877934,51,0.1798288325940816,0.3731203563223446,,
A2,DIP,0,molecule,xy,0.1,bytype,3,bytype,eig,0,"[0.000,3.142]",none,1,1,Z,1,ridge,1,adam,adjoint,100,44,13,116,24,2595,924,0.18780069184868683,0.35642493035590495,0.1716543159605628,0.18661264293379323,0.3661420086185184,51,0.9011912365117538,0.5953103804830516,0.3394183649773127,10.260140131662734,3.52629499664218,0.04056627037143517,0.36283972605120723,1.4881865065465492,0.0,1801.75,xy_bytype_r3,0.1860648004797933,0.17104122042156425,23,0,1.0,1,0.18780069184868683,0.35642493035590495,51,0.1716543159605628,0.18661264293379323,0.3661420086185184,0.37016506599027155,51,0.18525865952582532,0.3856362981068433,,
A2,DIP,0,molecule,none,0.0,fixed,3,fixed,eig,0,"[0.000,3.142]",none,1,1,Z,1,ridge,1,adam,adjoint,100,44,13,92,24,2595,924,0.21583030282665702,0.20124590257432973,0.19323333963619282,0.21611636669651432,0.16374696080026044,51,0.8992060550864663,0.8086704905362634,0.10068389112604138,2.8104144783153155,1.1614669118937238,0.04026946966643327,0.0,0.0,0.0,1276.79,none_r3,0.2112957327634081,0.19069043587114073,23,0,1.0,1,0.21583030282665702,0.20124590257432973,51,0.19323333963619282,0.21611636669651432,0.16374696080026044,0.2405966909049554,51,0.21146551630887786,0.23579469330372282,,
A2,DIP,0,molecule,xy,0.1,bytype_shuffled,3,bytype_shuffled,eig,0,"[0.000,3.142]",none,1,1,Z,1,ridge,1,adam,adjoint,100,44,13,116,24,2595,924,0.19865905621458577,0.3121787301376514,0.18023189114499705,0.19870535284391064,0.35518792663073845,51,0.9011912365117538,0.6612992063154753,0.26619436638646193,10.824113077787075,3.7201261678191297,0.014258156234498514,0.9221681180692164,1.2340665723705109,0.0,1811.6,xy_shuffled_r3,0.19118968954526933,0.1760112182044436,23,0,1.0,1,0.19865905621458577,0.3121787301376514,51,0.18023189114499705,0.19870535284391064,0.35518792663073845,0.3534497697532154,51,0.19164119657603235,0.3856946472877177,,
A2,DIP,0,,,,,,,,,,,,,,,,,,,,44,,2595,,2595,924,0.20822253508750577,0.23548180319729173,0.18102001724099998,0.20747417428500872,0.4152301523546231,51,,,,,,,,,,,krr_res,,,,,,,,,,,,,,,,,,
A2,DIP,0,,,,,,,,,,,,,,,,,,,,44,,0,,2595,924,0.24905290581245987,-0.00044094059920962714,0.198416084302369,0.24772883990736133,nan,51,,,,,,,,,,,composition,,,,,,,,,,,,,,,,,,
A2,DIP,0,,,,,,,,,,,,,,,,,,,,44,,115,,2595,924,0.17769135853022694,0.4175324611932407,0.1654216546592106,0.17727850218779925,0.41812970834911445,51,0.8586539626121521,0.5914823412895203,,,,,,,,,C3_eigfeat,,,,,,,,,,,,,,,,,30,eig
A2,DIP,0,,,,,,,,,,,,,,,,,,,,44,,116,,2595,924,0.1769990180629521,0.4249222583035219,0.1653892416730586,0.17685967539084613,0.494049064420889,51,0.7999585866928101,0.5328853726387024,,,,,,,,,C3_msgpass,,,,,,,,,,,,,,,,,13,atom
A2,DIP,0,molecule,zz,0.1,bytype,3,bytype,eig,0,"[0.000,3.142]",none,1,1,Z,1,ridge,1,adam,adjoint,100,45,13,116,24,2647,872,0.19668269025034976,0.3014063634831775,0.18258461864416736,0.19643967462747086,0.36132928429677924,54,0.8679370200725435,0.6034694235646959,0.3047082799691422,8.577199772162624,3.0192586369511245,0.11062787661931693,0.28418393890526733,0.8337198851234205,0.0,1788.95,zz_bytype_r3,0.1969925622456051,0.17998803810323324,23,0,1.0,1,0.19668269025034976,0.3014063634831775,54,0.18258461864416736,0.19643967462747086,0.36132928429677924,0.3206697076228304,54,0.19502742818179747,0.35339124341806905,,
A2,DIP,0,molecule,xy,0.1,bytype,3,bytype,eig,0,"[0.000,3.142]",none,1,1,Z,1,ridge,1,adam,adjoint,100,45,13,116,24,2647,872,0.19581296278278146,0.29783695436348123,0.18110161056728344,0.19558514675504116,0.38859389970262537,54,0.9115197543639432,0.5818623692189976,0.3616568742111134,7.743487050791442,2.7257835633139753,0.13471731409606214,-0.019142185077852227,0.731094897996787,0.0,1842.25,xy_bytype_r3,0.19004710202868386,0.17765773445076705,23,0,1.0,1,0.19581296278278146,0.29783695436348123,54,0.18110161056728344,0.19558514675504116,0.38859389970262537,0.36040092444184335,54,0.19066112972128943,0.3845060259957702,,
A2,DIP,0,molecule,none,0.0,fixed,3,fixed,eig,0,"[0.000,3.142]",none,1,1,Z,1,ridge,1,adam,adjoint,100,45,13,92,24,2647,872,0.22239043507056708,0.17871924771655956,0.1931136430365611,0.21897870412816367,0.2946389241947965,54,0.8942215645087815,0.7955024201193962,0.11039673869150567,3.1718674475500643,1.3491958548645577,0.019034404108109505,0.0,0.0,0.0,1314.17,none_r3,0.2188662147399515,0.191891010869393,23,0,1.0,1,0.22239043507056708,0.17871924771655956,54,0.1931136430365611,0.21897870412816367,0.2946389241947965,0.1939965578540127,54,0.216145698291754,0.2925856372438514,,
A2,DIP,0,molecule,xy,0.1,bytype_shuffled,3,bytype_shuffled,eig,0,"[0.000,3.142]",none,1,1,Z,1,ridge,1,adam,adjoint,100,45,13,116,24,2647,872,0.20939551913689253,0.25703747614229655,0.18407116232709167,0.20715043506654332,0.3741231466923513,54,0.9115197543639432,0.6893560110867115,0.24372893973346427,5.703475579764423,2.007679471420508,0.377043859509862,0.13700072542532934,0.1741090576108402,0.0,1856.92,xy_shuffled_r3,0.2037965413607963,0.18192004798454697,23,0,1.0,1,0.20939551913689253,0.25703747614229655,54,0.18407116232709167,0.20715043506654332,0.3741231466923513,0.3025960401281641,54,0.20237595703119263,0.368483762324176,,
A2,DIP,0,,,,,,,,,,,,,,,,,,,,45,,2647,,2647,872,0.22849506165086483,0.07334053435543308,0.19530564276882234,0.2229127442478166,0.32545933806656085,54,,,,,,,,,,,krr_res,,,,,,,,,,,,,,,,,,
A2,DIP,0,,,,,,,,,,,,,,,,,,,,45,,0,,2647,872,0.2522090192480322,-0.00014260056434634016,0.20946117272093343,0.25110888382201296,nan,54,,,,,,,,,,,composition,,,,,,,,,,,,,,,,,,
A2,DIP,0,,,,,,,,,,,,,,,,,,,,45,,115,,2647,872,0.18752206176273578,0.3493078918806043,0.17621934313478285,0.18862299555601386,0.3533403173084736,54,0.8488925695419312,0.5755868554115295,,,,,,,,,C3_eigfeat,,,,,,,,,,,,,,,,,30,eig
A2,DIP,0,,,,,,,,,,,,,,,,,,,,45,,116,,2647,872,0.1855771231644182,0.3792647574957335,0.16870629580822236,0.18555692091469522,0.4997218769557619,54,0.7677821516990662,0.5000837445259094,,,,,,,,,C3_msgpass,,,,,,,,,,,,,,,,,13,atom
A2,DIP,0,molecule,zz,0.1,bytype,3,bytype,eig,0,"[0.000,3.142]",none,1,1,Z,1,ridge,1,adam,adjoint,100,46,13,116,24,2665,854,0.18021554081874805,0.42331515881571247,0.16102788047236596,0.1797066082828728,0.4319939972262001,56,0.8521102776589347,0.5536396584141412,0.3502722911226981,10.657427646626372,3.4045225842120894,0.009900918125233315,0.4584568244872124,1.129756903964535,0.0,1791.35,zz_bytype_r3,0.17895754722279936,0.1613752786189318,23,0,1.0,1,0.18021554081874805,0.42331515881571247,56,0.16102788047236596,0.1797066082828728,0.4319939972262001,0.4286238724052208,56,0.17838495213987354,0.42279489340205306,,
A2,DIP,0,molecule,xy,0.1,bytype,3,bytype,eig,0,"[0.000,3.142]",none,1,1,Z,1,ridge,1,adam,adjoint,100,46,13,116,24,2665,854,0.2029324713690319,0.25957573996384986,0.18173068733516495,0.19976731364843472,0.4012166282303503,56,0.8397932497614119,0.6221881703123047,0.25911744290744126,8.216078084329776,2.6246317891358384,0.25682187414845775,0.06304918528571994,0.388470720837417,0.0,1848.21,xy_bytype_r3,0.1983163609835658,0.17909460319704415,23,0,1.0,1,0.2029324713690319,0.25957573996384986,56,0.18173068733516495,0.19976731364843472,0.4012166282303503,0.33392413529482334,56,0.19770462687323523,0.40930059287726933,,
A2,DIP,0,molecule,none,0.0,fixed,3,fixed,eig,0,"[0.000,3.142]",none,1,1,Z,1,ridge,1,adam,adjoint,100,46,13,92,24,2665,854,0.2272155778895261,-0.1254639576915686,0.19045368177354266,0.2209745019588093,0.28417126385507074,56,0.8564793935891186,0.7915341322167301,0.07582816569612055,3.609767515900967,1.3670898659950417,0.002891620852406598,0.0,0.0,0.0,1317.13,none_r3,0.22081447023447,0.18922047817374743,23,0,1.0,1,0.2272155778895261,-0.1254639576915686,56,0.19045368177354266,0.2209745019588093,0.28417126385507074,0.18220092904052498,56,0.2202988979388762,0.2531892039036317,,
A2,DIP,0,molecule,xy,0.1,bytype_shuffled,3,bytype_shuffled,eig,0,"[0.000,3.142]",none,1,1,Z,1,ridge,1,adam,adjoint,100,46,13,116,24,2665,854,0.20427161482529957,0.2029504793357071,0.18046129696440202,0.2014517605623601,0.36491758091223514,56,0.8397932497614119,0.685840093426117,0.18332268850581207,6.417195446084159,2.049977494373359,0.3834795240343091,0.20551064681881837,0.28754659700049406,0.0,1858.29,xy_shuffled_r3,0.2042029354562882,0.1774311859676225,23,0,1.0,1,0.20427161482529957,0.2029504793357071,56,0.18046129696440202,0.2014517605623601,0.36491758091223514,0.29028767545673295,56,0.20274593173173977,0.3610382463255656,,
A2,DIP,0,,,,,,,,,,,,,,,,,,,,46,,2665,,2665,854,0.21856370679341167,0.16619658520247238,0.1845437501001376,0.21824982331203643,0.36378347810344946,56,,,,,,,,,,,krr_res,,,,,,,,,,,,,,,,,,
A2,DIP,0,,,,,,,,,,,,,,,,,,,,46,,0,,2665,854,0.2555268130563159,-0.04263153681728449,0.19941769894575131,0.2529475546420508,nan,56,,,,,,,,,,,composition,,,,,,,,,,,,,,,,,,
A2,DIP,0,,,,,,,,,,,,,,,,,,,,46,,115,,2665,854,0.18978708331568983,0.3357180459709288,0.16463423927745163,0.18729330465116809,0.4566167741285564,56,0.855797529220581,0.5814114809036255,,,,,,,,,C3_eigfeat,,,,,,,,,,,,,,,,,30,eig
A2,DIP,0,,,,,,,,,,,,,,,,,,,,46,,116,,2665,854,0.17807990650536712,0.4338757222069827,0.15122351634646541,0.17470517722553996,0.5461491661254437,56,0.8185727596282959,0.5116652250289917,,,,,,,,,C3_msgpass,,,,,,,,,,,,,,,,,13,atom
A2,DIP,0,molecule,zz,0.1,bytype,3,bytype,eig,0,"[0.000,3.142]",none,1,1,Z,1,ridge,1,adam,adjoint,100,47,13,117,25,2642,877,0.19171652252038862,0.3914853408300447,0.17824449775833,0.19140111694389314,0.4383513693907555,55,0.8730359190653202,0.5735327634572426,0.34305937369533235,9.587427597846037,3.224519409698985,0.02207980671104954,0.1003624496381447,0.635708037754518,0.0,1782.18,zz_bytype_r3,0.18997259365934066,0.1772818173797849,24,0,1.0,1,0.19171652252038862,0.3914853408300447,55,0.17824449775833,0.19140111694389314,0.4383513693907555,0.3988916442927266,55,0.1898241427629751,0.43637567040591446,,
A2,DIP,0,molecule,xy,0.1,bytype,3,bytype,eig,0,"[0.000,3.142]",none,1,1,Z,1,ridge,1,adam,adjoint,100,47,13,117,25,2642,877,0.20413045176800287,0.34200319693087844,0.18244291594322498,0.2021672469921718,0.38048771162034567,55,0.8752680492985309,0.6153183333023982,0.29699440783250924,9.650426851317027,3.2457078164473594,0.1531496273213413,0.1766875099999246,1.2574662032817119,0.0,1843.51,xy_bytype_r3,0.2009894388424685,0.17984927711497584,24,0,1.0,1,0.20413045176800287,0.34200319693087844,55,0.18244291594322498,0.2021672469921718,0.38048771162034567,0.352654081695012,55,0.19924363613794782,0.4024296754032734,,
A2,DIP,0,molecule,none,0.0,fixed,3,fixed,eig,0,"[0.000,3.142]",none,1,1,Z,1,ridge,1,adam,adjoint,100,47,13,92,25,2642,877,0.23466386216426144,0.17477958348339107,0.2032886947976581,0.23201518815333338,0.25270289144165803,55,0.8711659925666598,0.8021247365117186,0.0792515509604886,2.7147405540133023,1.097623739858822,0.011445645771026082,0.0,0.0,0.0,1316.04,none_r3,0.2227421816105664,0.19819586093488606,24,0,1.0,1,0.23466386216426144,0.17477958348339107,55,0.2032886947976581,0.23201518815333338,0.25270289144165803,0.2505478635640812,55,0.22033757229969272,0.29734619559498127,,
A2,DIP,0,molecule,xy,0.1,bytype_shuffled,3,bytype_shuffled,eig,0,"[0.000,3.142]",none,1,1,Z,1,ridge,1,adam,adjoint,100,47,13,117,25,2642,877,0.22283191120099508,0.23530492559871463,0.19488101184218154,0.22027739380245506,0.3214957601385727,55,0.8752680492985309,0.700522277642998,0.19964829265226802,7.876549865987498,2.6491034915397638,0.01015697233144526,0.22856337411406244,1.0443999390746406,0.0,1857.05,xy_shuffled_r3,0.2186172888471055,0.1940539630309773,24,0,1.0,1,0.22283191120099508,0.23530492559871463,55,0.19488101184218154,0.22027739380245506,0.3214957601385727,0.2540738614473882,55,0.21678069902842184,0.30817946929182216,,
A2,DIP,0,,,,,,,,,,,,,,,,,,,,47,,2642,,2642,877,0.22286902373333867,0.19254109794571872,0.19465610059337118,0.21684215082712624,0.4043084313174273,55,,,,,,,,,,,krr_res,,,,,,,,,,,,,,,,,,
A2,DIP,0,,,,,,,,,,,,,,,,,,,,47,,0,,2642,877,0.2681306870852996,-0.005731477219447223,0.21244127448839062,0.266251545345677,nan,55,,,,,,,,,,,composition,,,,,,,,,,,,,,,,,,
A2,DIP,0,,,,,,,,,,,,,,,,,,,,47,,116,,2642,877,0.18459070159505736,0.4224057660694116,0.17336024777712505,0.1858794110266822,0.4200841683722483,55,0.8589231967926025,0.5884106159210205,,,,,,,,,C3_eigfeat,,,,,,,,,,,,,,,,,30,eig
A2,DIP,0,,,,,,,,,,,,,,,,,,,,47,,117,,2642,877,0.18321089881820146,0.4215050931680009,0.1639567161086044,0.18089643161442975,0.5156524723438449,55,0.7923582196235657,0.543365478515625,,,,,,,,,C3_msgpass,,,,,,,,,,,,,,,,,13,atom
A2,DIP,0,molecule,zz,0.1,bytype,3,bytype,eig,0,"[0.000,3.142]",none,1,1,Z,1,ridge,1,adam,adjoint,100,48,13,117,25,2609,910,0.18553169931309874,0.3613193097300198,0.17459893352909692,0.1823484717946725,0.3627674652932251,47,0.8679142965360414,0.5200398210383695,0.40081662081853475,10.220522798915539,3.3621922480876427,0.03518750855614669,0.15391441248254695,0.6621839574201457,0.0,1765.12,zz_bytype_r3,0.1850091363876215,0.17407911612484034,24,0,1.0,1,0.18553169931309874,0.3613193097300198,47,0.17459893352909692,0.1823484717946725,0.3627674652932251,0.365287760043877,47,0.1821176066112008,0.3806079594042953,,
A2,DIP,0,molecule,xy,0.1,bytype,3,bytype,eig,0,"[0.000,3.142]",none,1,1,Z,1,ridge,1,adam,adjoint,100,48,13,117,25,2609,910,0.20886843517525555,0.08373500041909998,0.18853697618469256,0.20180458795229642,0.27896366983640775,47,0.875542577935036,0.5629581439969817,0.35701797013148523,9.02986542734573,2.970507882856816,0.01644613370200602,0.11038176406776486,0.5746053233703771,0.0,1809.81,xy_bytype_r3,0.2037726863192509,0.18652582820487976,24,0,1.0,1,0.20886843517525555,0.08373500041909998,47,0.18853697618469256,0.20180458795229642,0.27896366983640775,0.19222983973457053,47,0.19967352395671134,0.28627579935869935,,
A2,DIP,0,molecule,none,0.0,fixed,3,fixed,eig,0,"[0.000,3.142]",none,1,1,Z,1,ridge,1,adam,adjoint,100,48,13,92,25,2609,910,0.22772133516282442,-0.28875333313948737,0.20054816333369815,0.22076350512510665,0.2594071329119584,47,0.8780192731623869,0.7827358713428514,0.10852085453244165,2.568280163237735,1.0111980563244192,0.0026963283541790116,0.0,0.0,0.0,1295.74,none_r3,0.2194460870589232,0.20053229286950108,24,0,1.0,1,0.22772133516282442,-0.28875333313948737,47,0.20054816333369815,0.22076350512510665,0.2594071329119584,0.16994806840608012,47,0.2182193114077512,0.2594711408309984,,
A2,DIP,0,molecule,xy,0.1,bytype_shuffled,3,bytype_shuffled,eig,0,"[0.000,3.142]",none,1,1,Z,1,ridge,1,adam,adjoint,100,48,13,117,25,2609,910,0.22456155245855944,-0.07788779592195394,0.19321660126936863,0.21490193966816176,0.2922648085179909,47,0.875542577935036,0.6787469833511197,0.22476987361146727,7.446743437719854,2.44971647266966,0.10786945802021827,0.1856262820693187,0.3682099769797414,0.0,1834.35,xy_shuffled_r3,0.2114124269432098,0.18948548049110706,24,0,1.0,1,0.22456155245855944,-0.07788779592195394,47,0.19321660126936863,0.21490193966816176,0.2922648085179909,0.21355494953316256,47,0.20881737146391105,0.28889429335141503,,
A2,DIP,0,,,,,,,,,,,,,,,,,,,,48,,2609,,2609,910,0.21167163960334448,0.2236187454312727,0.19435307400892776,0.2102447694088491,0.2937750702897549,47,,,,,,,,,,,krr_res,,,,,,,,,,,,,,,,,,
A2,DIP,0,,,,,,,,,,,,,,,,,,,,48,,0,,2609,910,0.2505622096091719,-0.0056740692130961,0.20989502865957216,0.24888735471729964,nan,47,,,,,,,,,,,composition,,,,,,,,,,,,,,,,,,
A2,DIP,0,,,,,,,,,,,,,,,,,,,,48,,116,,2609,910,0.19938807325232327,0.2567579055479505,0.1815417415570276,0.19479964558149745,0.35740742658183916,47,0.8401589393615723,0.5557669997215271,,,,,,,,,C3_eigfeat,,,,,,,,,,,,,,,,,30,eig
A2,DIP,0,,,,,,,,,,,,,,,,,,,,48,,117,,2609,910,0.19725294656135056,0.24351155790498724,0.17538796770589582,0.1893114254907622,0.42875557567566075,47,0.7423737049102783,0.49962306022644043,,,,,,,,,C3_msgpass,,,,,,,,,,,,,,,,,13,atom
A2,DIP,0,molecule,zz,0.1,bytype,3,bytype,eig,0,"[0.000,3.142]",none,1,1,Z,1,ridge,1,adam,adjoint,100,49,13,117,25,2650,869,0.19714369654664504,0.37643024998526964,0.18279986609341287,0.19771315132062706,0.3255695305807999,56,0.8930943859165438,0.5324622826411061,0.40380066089580974,11.494367965673892,3.79348460189641,0.006535896359295654,0.1383998685442336,1.025583309745569,0.0,1791.46,zz_bytype_r3,0.19775131001045235,0.18278275612157996,24,0,1.0,1,0.19714369654664504,0.37643024998526964,56,0.18279986609341287,0.19771315132062706,0.3255695305807999,0.37378488139690313,56,0.19816637038865217,0.3333021737999605,,
A2,DIP,0,molecule,xy,0.1,bytype,3,bytype,eig,0,"[0.000,3.142]",none,1,1,Z,1,ridge,1,adam,adjoint,100,49,13,117,25,2650,869,0.20203426955797463,0.32810155082940196,0.1892703106026985,0.20299150529245455,0.3238936678492666,56,0.8933965654832265,0.520310647447742,0.4176039313892898,10.463523354419312,3.4532751035211877,0.0178700041937474,0.14713111308411844,0.9973224065045475,0.0,1844.87,xy_bytype_r3,0.19953285429419038,0.18782082246728712,24,0,1.0,1,0.20203426955797463,0.32810155082940196,56,0.1892703106026985,0.20299150529245455,0.3238936678492666,0.340145341578186,56,0.20051795868364258,0.3221420070401746,,
A2,DIP,0,molecule,none,0.0,fixed,3,fixed,eig,0,"[0.000,3.142]",none,1,1,Z,1,ridge,1,adam,adjoint,100,49,13,92,25,2650,869,0.23527963526894752,0.04543240689449424,0.20632144748081363,0.23038329268762733,0.25583454106153014,56,0.8879233062490076,0.8053573525323214,0.09298770866313034,2.8837415382027674,1.1398057710488887,0.11636450574174048,0.0,0.0,0.0,1308.42,none_r3,0.22971044362286733,0.20850192672858092,24,0,1.0,1,0.23527963526894752,0.04543240689449424,56,0.20632144748081363,0.23038329268762733,0.25583454106153014,0.1503789933859646,56,0.22841198147967143,0.1958966417321897,,
A2,DIP,0,molecule,xy,0.1,bytype_shuffled,3,bytype_shuffled,eig,0,"[0.000,3.142]",none,1,1,Z,1,ridge,1,adam,adjoint,100,49,13,117,25,2650,869,0.2122603557181009,0.2773016840914091,0.1824079992167263,0.21225182323159425,0.3904540774496688,56,0.8933965654832265,0.6172709603593101,0.30907394967940555,11.285507850535486,3.7245545282208536,0.16848554176577965,0.6698083327522368,1.650859995088596,0.0,1856.09,xy_shuffled_r3,0.20812279547379633,0.17880940015667313,24,0,1.0,1,0.2122603557181009,0.2773016840914091,56,0.1824079992167263,0.21225182323159425,0.3904540774496688,0.30169276918084953,56,0.20754019442001348,0.4070718752887952,,
A2,DIP,0,,,,,,,,,,,,,,,,,,,,49,,2650,,2650,869,0.21751614943066988,0.21205732921293252,0.19052113104072468,0.215384108193046,0.3467201686137299,56,,,,,,,,,,,krr_res,,,,,,,,,,,,,,,,,,
A2,DIP,0,,,,,,,,,,,,,,,,,,,,49,,0,,2650,869,0.25879213369911197,-0.010294319367782245,0.21559199804584242,0.25728544316559354,nan,56,,,,,,,,,,,composition,,,,,,,,,,,,,,,,,,
A2,DIP,0,,,,,,,,,,,,,,,,,,,,49,,116,,2650,869,0.20132708783464348,0.35296541516597935,0.18480033714490168,0.1997094429493493,0.32944488125579463,56,0.8404147624969482,0.5669370293617249,,,,,,,,,C3_eigfeat,,,,,,,,,,,,,,,,,30,eig
A2,DIP,0,,,,,,,,,,,,,,,,,,,,49,,117,,2650,869,0.18946404420399218,0.4008876901872711,0.17216705225884193,0.1886905935300421,0.4365457850200144,56,0.7963588237762451,0.5133277773857117,,,,,,,,,C3_msgpass,,,,,,,,,,,,,,,,,13,atom
A2,DIP,0,molecule,zz,0.1,bytype,3,bytype,eig,0,"[0.000,3.142]",none,1,1,Z,1,ridge,1,adam,adjoint,100,50,13,116,24,2691,828,0.20586695101307284,0.36338968599187427,0.18842435942343794,0.20435471635083582,0.335393081543173,54,0.8932920146071175,0.518113545296537,0.4199953242340237,10.497481812238634,3.315437095357726,0.027325704432917448,0.3919579856942308,1.0281603490398683,0.0,1822.55,zz_bytype_r3,0.2058785282374481,0.18893445235958095,23,0,1.0,1,0.20586695101307284,0.36338968599187427,54,0.18842435942343794,0.20435471635083582,0.335393081543173,0.36063655485027,54,0.20435925093720778,0.3556218610858092,,
A2,DIP,0,molecule,xy,0.1,bytype,3,bytype,eig,0,"[0.000,3.142]",none,1,1,Z,1,ridge,1,adam,adjoint,100,50,13,116,24,2691,828,0.21473357314106226,0.2996563468590845,0.20226284106062134,0.21340063250723443,0.27819860752520975,54,0.8586411710743962,0.5648842564599953,0.34211836621674013,9.957240709511474,3.1448118516606733,0.021638905309479442,0.4151529162922622,0.8393160112248158,0.0,1877.52,xy_bytype_r3,0.21460959491202442,0.2013516317499613,23,0,1.0,1,0.21473357314106226,0.2996563468590845,54,0.20226284106062134,0.21340063250723443,0.27819860752520975,0.306499227051359,54,0.21350049097124785,0.28008833123394106,,
A2,DIP,0,molecule,none,0.0,fixed,3,fixed,eig,0,"[0.000,3.142]",none,1,1,Z,1,ridge,1,adam,adjoint,100,50,13,92,24,2691,828,0.24764281703483149,0.145562641765008,0.21639229897538073,0.2453544424066292,0.1535856426905446,54,0.900831193223805,0.8023878329975573,0.10928058549343564,2.534837177593582,0.9471261989520474,0.0014690821238198567,0.0,0.0,0.0,1315.09,none_r3,0.2407450567347024,0.21332318616117713,23,0,1.0,1,0.24764281703483149,0.145562641765008,54,0.21639229897538073,0.2453544424066292,0.1535856426905446,0.1845183319650957,54,0.23880476395889216,0.19457456141981283,,
A2,DIP,0,molecule,xy,0.1,bytype_shuffled,3,bytype_shuffled,eig,0,"[0.000,3.142]",none,1,1,Z,1,ridge,1,adam,adjoint,100,50,13,116,24,2691,828,0.23810148153203134,0.16614853604812796,0.21122574803321365,0.23458795875989394,0.21384975702774328,54,0.8586411710743962,0.6451020665834206,0.2486942295391909,7.646403389001028,2.414976267204105,0.17094582926794297,0.3760716525975929,0.6038756232401851,0.0,1877.9,xy_shuffled_r3,0.2315714575594758,0.20685503003031935,23,0,1.0,1,0.23810148153203134,0.16614853604812796,54,0.21122574803321365,0.23458795875989394,0.21384975702774328,0.2137350801898602,54,0.22814608950805904,0.22472171679638842,,
A2,DIP,0,,,,,,,,,,,,,,,,,,,,50,,2691,,2691,828,0.22967013409718595,0.2280823094867267,0.20233914608999978,0.22521084291538426,0.3281971568635795,54,,,,,,,,,,,krr_res,,,,,,,,,,,,,,,,,,
A2,DIP,0,,,,,,,,,,,,,,,,,,,,50,,0,,2691,828,0.2749881998933643,-9.543710353931978e-05,0.21869960165398808,0.2723859264547661,nan,54,,,,,,,,,,,composition,,,,,,,,,,,,,,,,,,
A2,DIP,0,,,,,,,,,,,,,,,,,,,,50,,115,,2691,828,0.20735243928355696,0.34456747257977816,0.19134723112032262,0.20804333419035687,0.2861830010859193,54,0.8490502238273621,0.569429337978363,,,,,,,,,C3_eigfeat,,,,,,,,,,,,,,,,,30,eig
A2,DIP,0,,,,,,,,,,,,,,,,,,,,50,,116,,2691,828,0.1979977930074265,0.38924101041470893,0.18199762015769022,0.19873494194335567,0.4430909748666327,54,0.7862341403961182,0.5368319153785706,,,,,,,,,C3_msgpass,,,,,,,,,,,,,,,,,13,atom
A2,DIP,0,molecule,zz,0.1,bytype,3,bytype,eig,0,"[0.000,3.142]",none,1,1,Z,1,ridge,1,adam,adjoint,100,51,13,116,24,2631,888,0.19149154109496033,0.28865885302383476,0.18088518811181645,0.19072221046767351,0.4242288439602444,46,0.8761657887869582,0.5146805619128728,0.4125762857901102,11.938123520179316,3.449243079605891,0.014111839185024705,0.4203827018007565,1.519556214345635,0.0,1781.84,zz_bytype_r3,0.19050944847874446,0.18009523116089562,23,0,1.0,1,0.19149154109496033,0.28865885302383476,46,0.18088518811181645,0.19072221046767351,0.4242288439602444,0.3178010700302494,46,0.1897640263965648,0.40352553335480834,,
A2,DIP,0,molecule,xy,0.1,bytype,3,bytype,eig,0,"[0.000,3.142]",none,1,1,Z,1,ridge,1,adam,adjoint,100,51,13,116,24,2631,888,0.19050278784603597,0.34490743169611593,0.181830890455142,0.18944028811998687,0.39569412916617086,46,0.8969731757380225,0.5496437271722895,0.38722389694647563,9.870171729317072,2.8517565155296074,0.026396455964304146,-0.007100238890054067,0.7703651549260943,0.0,1841.44,xy_bytype_r3,0.18878089812861532,0.18062613393362667,23,0,1.0,1,0.19050278784603597,0.34490743169611593,46,0.181830890455142,0.18944028811998687,0.39569412916617086,0.34928110062265716,46,0.18813756750801094,0.3922450865317969,,
A2,DIP,0,molecule,none,0.0,fixed,3,fixed,eig,0,"[0.000,3.142]",none,1,1,Z,1,ridge,1,adam,adjoint,100,51,13,92,24,2631,888,0.22623162167234,0.099417454981093,0.20646337751720498,0.22424034075424487,0.2492300348329315,46,0.8917927105332215,0.8488573057727633,0.048145050137028175,2.1760928648117708,0.7323984722234924,0.0027115752398764355,0.0,0.0,0.0,1304.94,none_r3,0.21447949684382228,0.20001198548414775,23,0,1.0,1,0.22623162167234,0.099417454981093,46,0.20646337751720498,0.22424034075424487,0.2492300348329315,0.16983329570638395,46,0.21267952114291808,0.2879768862355087,,
A2,DIP,0,molecule,xy,0.1,bytype_shuffled,3,bytype_shuffled,eig,0,"[0.000,3.142]",none,1,1,Z,1,ridge,1,adam,adjoint,100,51,13,116,24,2631,888,0.19993468858671723,0.28582583021085195,0.1815047481034136,0.19876871611575814,0.43091354287316636,46,0.8969731757380225,0.6199529870277216,0.30883887746405664,12.398668487839494,3.582306834547281,0.048189566840316236,0.8498011917478608,0.9425789357426525,0.0,1842.08,xy_shuffled_r3,0.1975693206157456,0.1803996595612333,23,0,1.0,1,0.19993468858671723,0.28582583021085195,46,0.1815047481034136,0.19876871611575814,0.43091354287316636,0.29427206471314826,46,0.19633221323085231,0.42050108163542194,,
A2,DIP,0,,,,,,,,,,,,,,,,,,,,51,,2631,,2631,888,0.21702178812120973,0.15656020742832533,0.19589278159332746,0.21548560873660233,0.35237749443921507,46,,,,,,,,,,,krr_res,,,,,,,,,,,,,,,,,,
A2,DIP,0,,,,,,,,,,,,,,,,,,,,51,,0,,2631,888,0.24703531521173394,-0.00015620083376277627,0.2137503388602462,0.2448347441456934,nan,46,,,,,,,,,,,composition,,,,,,,,,,,,,,,,,,
A2,DIP,0,,,,,,,,,,,,,,,,,,,,51,,115,,2631,888,0.19810468130909112,0.3094336733433881,0.18687252288148598,0.19775578121053947,0.358748954912958,46,0.8434473276138306,0.5818204283714294,,,,,,,,,C3_eigfeat,,,,,,,,,,,,,,,,,30,eig
A2,DIP,0,,,,,,,,,,,,,,,,,,,,51,,116,,2631,888,0.18051107673549147,0.40486200545963,0.17096151691643227,0.17976215119370262,0.503659015213883,46,0.7887520790100098,0.5027710199356079,,,,,,,,,C3_msgpass,,,,,,,,,,,,,,,,,13,atom
