config,seed,chosen,cut_lo,cut_hi,inner_mae,mae_cv_selected,mae_published_cut,inner_m06,inner_m03,inner_base,inner_p03,inner_p06
B5,42,p03,0.87,0.98,0.2529791765087223,0.2965231394296076,0.5313330725104142,0.30649646551534787,0.37345876865082445,0.3963337812483679,0.2529791765087223,0.29270756241594975
B5,43,p03,0.87,0.98,0.3235017475890511,0.246721305249679,0.21900305961056304,0.496877338978191,0.6041061287440669,0.3939886382141699,0.3235017475890511,0.8982308503881865
B5,44,p03,0.87,0.98,0.44487317838053475,0.36184456046075103,0.650098117101181,0.5554713740269096,0.6311457823408272,0.7085094113282343,0.44487317838053475,0.4747155056599334
B5,45,base,0.84,0.95,0.3523206421422602,0.38228674590137723,0.38228674590137723,0.4527007143846058,0.43194391532133275,0.3523206421422602,0.4506366639303874,0.43135664498519805
B5,46,m06,0.78,0.89,0.5698528782992974,0.46494976716232095,0.570060306053255,0.5698528782992974,0.591079100526212,0.6535008753314979,0.7462553681741597,0.6556188567241575
B5,47,p03,0.87,0.98,0.2758618451815761,0.38002639621452516,0.45081167981074904,0.4552521233751285,0.32245520497820873,0.7441850135405763,0.2758618451815761,0.32865849352740084
B5,48,p03,0.87,0.98,0.3362382085394713,0.4079307793767475,0.4897858504213482,0.5104316420850588,0.4657250803558659,0.5118536250691368,0.3362382085394713,0.4385093593611584
B5,49,base,0.84,0.95,0.22818236975345696,0.489437631207383,0.489437631207383,0.3670401059550477,0.3984407551122455,0.22818236975345696,0.6401966296372855,0.47202828618920395
B5,50,m03,0.81,0.92,0.34021988657872027,0.46678526399933234,0.3669510153528689,0.3682187988357813,0.34021988657872027,0.4958519458963702,0.35010957489946826,0.36360509074235475
B5,51,base,0.84,0.95,0.3825917231478648,0.2787203043084176,0.2787203043084176,0.40366637582321263,0.48492876962016496,0.3825917231478648,0.42054003276879404,0.4551968063314229
B3,42,p03,0.87,0.98,0.3995489387498236,0.3010808110974839,0.4529149340628407,0.6056549590705232,0.5815216162251551,0.45607845437158967,0.3995489387498236,0.8423566517142982
B3,43,p03,0.87,0.98,0.4604080535726926,0.3497223876552609,0.4635866583937824,0.6711621585768045,0.4628439147131976,0.5333443101251981,0.4604080535726926,0.619095461549947
B3,44,m06,0.78,0.89,0.42295201476339317,0.4657201710740258,0.43317734547610676,0.42295201476339317,0.4815898737176025,0.5056889515337166,0.42814207568986634,0.4327929617000055
B3,45,m03,0.81,0.92,0.48112331681884074,0.4668477048831465,0.5004641308772869,0.5366094011296637,0.48112331681884074,0.4856729829344527,0.5067259088603375,0.5919694177689082
B3,46,base,0.84,0.95,0.46831689499381246,0.457575272048755,0.457575272048755,0.49624605675969874,0.5237392477836749,0.46831689499381246,0.4807677413645771,0.5386209516035684
B3,47,base,0.84,0.95,0.43207047393975023,0.503799361862767,0.503799361862767,0.4376661826361616,0.5273285971215433,0.43207047393975023,0.4348351528489333,0.6830594707597701
B3,48,base,0.84,0.95,0.35499755585255316,0.5351721832937063,0.5351721832937063,0.5713876906909059,0.4228923949919609,0.35499755585255316,0.3735050897877816,0.4860809196577762
B3,49,p03,0.87,0.98,0.4289864465512217,0.36220928858569984,0.48287719098141607,0.4457852979566629,0.45450520112524656,0.5194139414999325,0.4289864465512217,0.4321590809844448
B3,50,p03,0.87,0.98,0.4164457146161269,0.3713904305938077,0.4044199043671403,0.5481799612851856,0.5530374236248552,0.43407671807009635,0.4164457146161269,0.6749965837876455
B3,51,p03,0.87,0.98,0.35942735778498625,0.4973652290927745,0.47838826826641245,0.44998391152069017,0.5088758971357156,0.4062289422394449,0.35942735778498625,0.5105174791584447
A1,42,p03,0.87,0.98,0.30355687222965294,0.3267847836750426,0.3833159345655717,0.4800590798081319,0.3935955769453932,0.3471538514954223,0.30355687222965294,0.47098937900242677
A1,43,base,0.84,0.95,0.29109986446495295,0.3554291915030723,0.3554291915030723,0.5070623045624598,0.3630281823339866,0.29109986446495295,0.3445714365802093,0.5181313081621022
A1,44,base,0.84,0.95,0.3873268534429589,0.30082118542977615,0.30082118542977615,0.6626235792983376,0.5299908758377146,0.3873268534429589,0.44921379925016713,0.6693435091822384
A1,45,m03,0.81,0.92,0.34275741021233413,0.42059973684457325,0.33045268403744255,0.5425299907365867,0.34275741021233413,0.39356068765680713,0.37906293174416145,0.6554109182014919
A1,46,p03,0.87,0.98,0.2922580833698339,0.3288394818856573,0.317364132350274,0.4931545931506034,0.3826188196039662,0.33341248108448346,0.2922580833698339,0.48488937495948453
A1,47,p03,0.87,0.98,0.27499656708085085,0.32754806510391554,0.3801686729980645,0.4973649330795553,0.4286475248566925,0.28510824490221276,0.27499656708085085,0.5459674844387478
A1,48,base,0.84,0.95,0.34614046682338356,0.3151459508257895,0.3151459508257895,0.5766260387117434,0.38456663630695986,0.34614046682338356,0.3601261050453154,0.5811260848746268
A1,49,base,0.84,0.95,0.3233027779313032,0.36955392722437047,0.36955392722437047,0.5157567425103154,0.33804107279981055,0.3233027779313032,0.3269973090400255,0.5327986188763418
A1,50,p03,0.87,0.98,0.28773004248694206,0.3737938250291859,0.3626887203212979,0.4659543605438633,0.3680303335833251,0.3247860779683888,0.28773004248694206,0.48827059608305445
A1,51,m03,0.81,0.92,0.388668173225418,0.35954495899776356,0.3365253920966773,0.4567163410977758,0.388668173225418,0.3931376773357078,0.4286055226517776,0.5270302589184708
