config,seed,model,selected,inner_mae,mae_tuned,mae_default,n_params,time_s
B5,42,circuit,"{'n_rounds': 5, 'lr': 0.02, 'epochs': 100}",0.3021135580800717,0.39031898517245794,0.5313330724605543,166,204.7
B5,43,circuit,"{'n_rounds': 3, 'lr': 0.05, 'epochs': 100}",0.39398863813796053,0.21900305962005243,0.21900305962005243,115,207.4
B5,44,circuit,"{'n_rounds': 5, 'lr': 0.02, 'epochs': 100}",0.45101532728940086,0.39585985043566546,0.6500981170725564,166,204.9
B5,45,circuit,"{'n_rounds': 4, 'lr': 0.05, 'epochs': 100}",0.2629903549303917,0.4484677232790042,0.3822867458997261,140,207.1
B5,46,circuit,"{'n_rounds': 4, 'lr': 0.02, 'epochs': 100}",0.32695162490320706,0.4503682271821257,0.5700603061024295,141,201.0
B3,42,circuit,"{'n_rounds': 4, 'lr': 0.02, 'epochs': 300}",0.3657907087252521,0.4132855777732819,0.45291493498703517,133,540.5
B3,43,circuit,"{'n_rounds': 3, 'lr': 0.1, 'epochs': 300}",0.4265209637103435,0.4738188035127019,0.4635866583999213,108,452.3
B3,44,circuit,"{'n_rounds': 4, 'lr': 0.1, 'epochs': 300}",0.36095317695031975,0.3454539721164895,0.4331773454774521,133,570.7
B3,45,circuit,"{'n_rounds': 3, 'lr': 0.1, 'epochs': 100}",0.40873871528282235,0.4379006806229927,0.5004641308900462,107,491.5
B3,46,circuit,"{'n_rounds': 3, 'lr': 0.1, 'epochs': 300}",0.40199578577971146,0.4210057575891923,0.4575752720660335,108,525.4
A1,42,circuit,"{'n_rounds': 4, 'lr': 0.1, 'epochs': 300}",0.29871148920498336,0.37007773821648077,0.3833159345656603,125,185.2
A1,43,circuit,"{'n_rounds': 5, 'lr': 0.1, 'epochs': 100}",0.2799297623348382,0.3606029739397377,0.3554291915033556,147,176.5
A1,44,circuit,"{'n_rounds': 3, 'lr': 0.1, 'epochs': 100}",0.30754270448721555,0.29558736681781966,0.3008211928122918,103,177.1
A1,45,circuit,"{'n_rounds': 5, 'lr': 0.02, 'epochs': 100}",0.32529968509149315,0.3543925338847457,0.3304526840374201,147,178.3
A1,46,circuit,"{'n_rounds': 5, 'lr': 0.05, 'epochs': 100}",0.29610429022213225,0.2889524756587514,0.3173641323480591,147,177.8
