config,target,residual,split,entangler,alpha,alpha_mode,theta_scale,alpha_norm,n_rounds,bond_param_mode,encode_source,drop_q0,angle_range,rz_source,canonical,n_reupload,observable,readout,use_cnot,scaler,optimizer,diff_method,epochs,seed,n_qubits,n_params,n_types,n_types_train,max_types,train_frac,types_from_train,n_train,n_test,loss_first,loss_last,loss_drop,param_shift,param_shift_rel,grad_norm_last,alpha_mean,angle_max,comp_r2,time_s,mae,r2,n_isomer_groups,isomer_mae,isomer_mae_tr,isomer_rho,mae_ridge,r2_ridge,n_isomer_groups_ridge,isomer_mae_ridge,isomer_mae_tr_ridge,isomer_rho_ridge,mae_krr,r2_krr,n_isomer_groups_krr,isomer_mae_krr,isomer_mae_tr_krr,isomer_rho_krr,arm,kind,group_mode,n_groups,group_size_dist,lenq_bins,group_seed_offset,n_len_cuts
B5,eAT,1,molecule,zz,0.1,bytype,1.0,free,3,bytype,eig,0,"[0.000,3.142]",none,1,1,Z,ridge,1,1,adam,adjoint,100,42,13,114,22,21,0,1.0,1,150,54,0.5191733065159051,0.061048608516113656,0.8824118887663894,6.3991859641891224,2.534914807783947,0.20452180183228527,0.195067708139859,0.5008996272962715,0.9625054122237194,99.39,0.5313330725104142,0.9705755112930551,10,0.45259466563046674,0.551387509767793,0.326,0.5313330725104142,0.9705755112930551,10,0.45259466563046674,0.551387509767793,0.326,0.4731880457325201,0.9753992414173742,10,0.42188368067250936,0.4925770981222611,0.32466666666666666,chem,quantum,chem,21,,0,70000,0
B5,eAT,1,molecule,zz,0.1,bytype,1.0,free,3,bytype,eig,0,"[0.000,3.142]",none,1,1,Z,ridge,1,1,adam,adjoint,100,42,13,114,22,21,0,1.0,1,150,54,0.5191733065159051,0.061048608516113656,0.8824118887663894,6.3991859641891224,2.534914807783947,0.20452180183228527,0.195067708139859,0.5008996272962715,0.9625054122237194,101.29,0.5313330725104142,0.9705755112930551,10,0.45259466563046674,0.551387509767793,0.326,0.5313330725104142,0.9705755112930551,10,0.45259466563046674,0.551387509767793,0.326,0.4731880457325201,0.9753992414173742,10,0.42188368067250936,0.4925770981222611,0.32466666666666666,bijection,quantum,bijection,21,"[1, 1, 1, 1, 1, 1, 1, 1, 1, 1, 1, 1, 1, 1, 1, 1, 1, 1, 1, 1, 1]",0,70000,0
B5,eAT,1,molecule,zz,0.1,bytype,1.0,free,3,bytype,eig,0,"[0.000,3.142]",none,1,1,Z,ridge,1,1,adam,adjoint,100,43,13,115,23,22,0,1.0,1,159,45,0.3756514265972381,0.03349277914116103,0.9108408040811968,8.712384894522081,2.9497190201699626,0.04830634401336562,0.16176027405635504,0.5395274267729538,0.957994129331869,104.04,0.2190030596105621,0.9962770092388524,9,0.14507852391202397,0.21258948516681517,0.6033333333333333,0.2190030596105621,0.9962770092388524,9,0.14507852391202397,0.21258948516681517,0.6033333333333333,0.21896165722769245,0.9962075523472459,9,0.14761113360113232,0.2151937041925903,0.5830952380952381,chem,quantum,chem,22,,0,70000,0
B5,eAT,1,molecule,zz,0.1,bytype,1.0,free,3,bytype,eig,0,"[0.000,3.142]",none,1,1,Z,ridge,1,1,adam,adjoint,100,43,13,115,23,22,0,1.0,1,159,45,0.3756514265972381,0.03349277914116103,0.9108408040811968,8.71238489452208,2.949719020169962,0.04830634401336562,0.16176027405635504,0.5395274267729538,0.957994129331869,105.22,0.2190030596105621,0.9962770092388524,9,0.14507852391202397,0.21258948516681517,0.6033333333333333,0.2190030596105621,0.9962770092388524,9,0.14507852391202397,0.21258948516681517,0.6033333333333333,0.21896165722769245,0.9962075523472459,9,0.14761113360113232,0.2151937041925903,0.5830952380952381,bijection,quantum,bijection,22,"[1, 1, 1, 1, 1, 1, 1, 1, 1, 1, 1, 1, 1, 1, 1, 1, 1, 1, 1, 1, 1, 1]",0,70000,0
B5,eAT,1,molecule,zz,0.1,bytype,1.0,free,3,bytype,eig,0,"[0.000,3.142]",none,1,1,Z,ridge,1,1,adam,adjoint,100,44,13,114,22,21,0,1.0,1,153,51,0.4493649896771724,0.03551210421014857,0.9209726947449539,8.110102051854739,2.8074753090499027,0.18161680294980143,0.38470990711045816,0.9318255472672902,0.9671451656168382,101.61,0.6500981171011806,0.9383527975644345,7,0.5261204810231059,0.5675407233688811,0.12519426326802827,0.6500981171011806,0.9383527975644345,7,0.5261204810231059,0.5675407233688811,0.12519426326802827,0.6078601374295163,0.9473448641828481,7,0.472265421856598,0.5257604821237254,0.1841524002985842,chem,quantum,chem,21,,0,70000,0
B5,eAT,1,molecule,zz,0.1,bytype,1.0,free,3,bytype,eig,0,"[0.000,3.142]",none,1,1,Z,ridge,1,1,adam,adjoint,100,44,13,114,22,21,0,1.0,1,153,51,0.4493649896771724,0.03551210421014857,0.9209726947449539,8.110102051854739,2.8074753090499027,0.18161680294980143,0.38470990711045816,0.9318255472672902,0.9671451656168382,102.28,0.6500981171011806,0.9383527975644345,7,0.5261204810231059,0.5675407233688811,0.12519426326802827,0.6500981171011806,0.9383527975644345,7,0.5261204810231059,0.5675407233688811,0.12519426326802827,0.6078601374295163,0.9473448641828481,7,0.472265421856598,0.5257604821237254,0.1841524002985842,bijection,quantum,bijection,21,"[1, 1, 1, 1, 1, 1, 1, 1, 1, 1, 1, 1, 1, 1, 1, 1, 1, 1, 1, 1, 1]",0,70000,0
B5,eAT,1,molecule,zz,0.1,bytype,1.0,free,3,bytype,eig,0,"[0.000,3.142]",none,1,1,Z,ridge,1,1,adam,adjoint,100,45,13,114,22,21,0,1.0,1,153,51,0.5486743281599544,0.04524056166500456,0.9175456926940172,6.806009066288585,2.4135011734813414,0.014602045999556517,0.35335220262253364,0.5915156464658218,0.9625370453145851,101.68,0.38228674590137723,0.9784773520575697,12,0.2169782839858915,0.2936317297080702,0.3521739130434782,0.38228674590137723,0.9784773520575697,12,0.2169782839858915,0.2936317297080702,0.3521739130434782,0.3666139284369952,0.9803727502422908,12,0.21148463373801982,0.2897224176115321,0.3521739130434782,chem,quantum,chem,21,,0,70000,0
B5,eAT,1,molecule,zz,0.1,bytype,1.0,free,3,bytype,eig,0,"[0.000,3.142]",none,1,1,Z,ridge,1,1,adam,adjoint,100,45,13,114,22,21,0,1.0,1,153,51,0.5486743281599544,0.04524056166500456,0.9175456926940172,6.806009066288585,2.4135011734813414,0.014602045999556517,0.3533522026225336,0.5915156464658218,0.9625370453145851,102.47,0.38228674590137723,0.9784773520575697,12,0.2169782839858915,0.2936317297080702,0.3521739130434782,0.38228674590137723,0.9784773520575697,12,0.2169782839858915,0.2936317297080702,0.3521739130434782,0.3666139284369952,0.9803727502422908,12,0.21148463373801982,0.2897224176115321,0.3521739130434782,bijection,quantum,bijection,21,"[1, 1, 1, 1, 1, 1, 1, 1, 1, 1, 1, 1, 1, 1, 1, 1, 1, 1, 1, 1, 1]",0,70000,0
B5,eAT,1,molecule,zz,0.1,bytype,1.0,free,3,bytype,eig,0,"[0.000,3.142]",none,1,1,Z,ridge,1,1,adam,adjoint,100,46,13,115,23,22,0,1.0,1,150,54,0.4028317063887779,0.04303868300444557,0.8931596437870548,7.530170283575066,2.4134706225179796,0.011671319595461364,0.20900365465974446,0.759912994413689,0.9557740146845558,99.28,0.5700603060532544,0.9727739096238794,11,0.29689417730579476,0.5030640877193439,0.3916666666666666,0.5700603060532544,0.9727739096238794,11,0.29689417730579476,0.5030640877193439,0.3916666666666666,0.5595289309179177,0.9743262096389391,11,0.2970628935007533,0.4984904702727902,0.4229166666666666,chem,quantum,chem,22,,0,70000,0
B5,eAT,1,molecule,zz,0.1,bytype,1.0,free,3,bytype,eig,0,"[0.000,3.142]",none,1,1,Z,ridge,1,1,adam,adjoint,100,46,13,115,23,22,0,1.0,1,150,54,0.4028317063887779,0.04303868300444557,0.8931596437870548,7.530170283575066,2.4134706225179796,0.011671319595461364,0.20900365465974452,0.759912994413689,0.9557740146845558,100.32,0.5700603060532544,0.9727739096238794,11,0.29689417730579476,0.5030640877193439,0.3916666666666666,0.5700603060532544,0.9727739096238794,11,0.29689417730579476,0.5030640877193439,0.3916666666666666,0.5595289309179177,0.9743262096389391,11,0.2970628935007533,0.4984904702727902,0.4229166666666666,bijection,quantum,bijection,22,"[1, 1, 1, 1, 1, 1, 1, 1, 1, 1, 1, 1, 1, 1, 1, 1, 1, 1, 1, 1, 1, 1]",0,70000,0
