property,vocabulary,min_bonds,config,n_types,partial_rho,p,mean_partial_rho,fisher_p,n_negative,n_configs,primary
en,per-config,10,A1,17,-0.3516265003241214,0.18169962226149436,-0.3405819400498024,0.06590461621282961,7,7,1
en,per-config,10,A2,20,-0.34609024248696996,0.14665158715952625,-0.3405819400498024,0.06590461621282961,7,7,1
en,per-config,10,B1,13,-0.2813392813043612,0.3756981688238319,-0.3405819400498024,0.06590461621282961,7,7,1
en,per-config,10,B2,9,-0.2459425251546515,0.5571159531183523,-0.3405819400498024,0.06590461621282961,7,7,1
en,per-config,10,B3,12,-0.3167789680409433,0.3425494707821437,-0.3405819400498024,0.06590461621282961,7,7,1
en,per-config,10,B4,15,-0.25341728670177804,0.3820122422884167,-0.3405819400498024,0.06590461621282961,7,7,1
en,per-config,10,B5,17,-0.5888787763357918,0.016392603713271028,-0.3405819400498024,0.06590461621282961,7,7,1
en,per-config,0,A1,24,-0.4235604811551707,0.044010301265714404,-0.33424660562471803,0.0067867714609231656,7,7,0
en,per-config,0,A2,24,-0.3992132141724107,0.05914443511551102,-0.33424660562471803,0.0067867714609231656,7,7,0
en,per-config,0,B1,14,-0.35470504171367623,0.23435798649807169,-0.33424660562471803,0.0067867714609231656,7,7,0
en,per-config,0,B2,10,-0.08699795603535784,0.8238832461513911,-0.33424660562471803,0.0067867714609231656,7,7,0
en,per-config,0,B3,15,-0.27842225145410293,0.33510710253518394,-0.33424660562471803,0.0067867714609231656,7,7,0
en,per-config,0,B4,22,-0.19317585889360564,0.4014795384984088,-0.33424660562471803,0.0067867714609231656,7,7,0
en,per-config,0,B5,22,-0.6036514359487022,0.0037617774712083198,-0.33424660562471803,0.0067867714609231656,7,7,0
en,per-config,20,A1,15,-0.34735258928813767,0.2236636282061429,-0.3256677509369764,0.22576272763578265,7,7,0
en,per-config,20,A2,17,-0.3269019541669663,0.2165167799897162,-0.3256677509369764,0.22576272763578265,7,7,0
en,per-config,20,B1,13,-0.2813392813043612,0.3756981688238319,-0.3256677509369764,0.22576272763578265,7,7,0
en,per-config,20,B2,9,-0.2459425251546515,0.5571159531183523,-0.3256677509369764,0.22576272763578265,7,7,0
en,per-config,20,B3,12,-0.3167789680409433,0.3425494707821437,-0.3256677509369764,0.22576272763578265,7,7,0
en,per-config,20,B4,14,-0.24386012851009642,0.422039024785147,-0.3256677509369764,0.22576272763578265,7,7,0
en,per-config,20,B5,12,-0.5174988100936785,0.10302476096760499,-0.3256677509369764,0.22576272763578265,7,7,0
en,common-9,0,A1,9,-0.04482740699710349,0.9160611446414957,-0.29394561278073494,0.4727286312432647,6,7,0
en,common-9,0,A2,9,-0.4121077090721641,0.31032735013892365,-0.29394561278073494,0.4727286312432647,6,7,0
en,common-9,0,B1,9,-0.6797876421025658,0.0636326299401736,-0.29394561278073494,0.4727286312432647,6,7,0
en,common-9,0,B2,9,-0.2459425251546515,0.5571159531183523,-0.29394561278073494,0.4727286312432647,6,7,0
en,common-9,0,B3,9,0.08050773392677889,0.8496989937111867,-0.29394561278073494,0.4727286312432647,6,7,0
en,common-9,0,B4,9,-0.4302405414204112,0.2873213603768873,-0.29394561278073494,0.4727286312432647,6,7,0
en,common-9,0,B5,9,-0.3252211986450276,0.4318437347694828,-0.29394561278073494,0.4727286312432647,6,7,0
bde,per-config,10,A1,16,-0.4550800497126576,0.08829212527707575,-0.3938552719804331,0.011353522378796775,6,7,1
bde,per-config,10,A2,18,-0.45350348398121754,0.06749910113373214,-0.3938552719804331,0.011353522378796775,6,7,1
bde,per-config,10,B1,13,-0.5477677969429385,0.06523551927752626,-0.3938552719804331,0.011353522378796775,6,7,1
bde,per-config,10,B2,9,-0.34427144993467446,0.4036824867736866,-0.3938552719804331,0.011353522378796775,6,7,1
bde,per-config,10,B3,12,-0.5575984365973116,0.0747049729097374,-0.3938552719804331,0.011353522378796775,6,7,1
bde,per-config,10,B4,14,-0.5157776662512971,0.0712020256172371,-0.3938552719804331,0.011353522378796775,6,7,1
bde,per-config,10,B5,15,0.11701197955706555,0.6903555559600929,-0.3938552719804331,0.011353522378796775,6,7,1
bde,per-config,0,A1,21,-0.12084689878624341,0.6117959446621406,-0.29145258072353053,0.19736078738633922,7,7,0
bde,per-config,0,A2,21,-0.26250966863630676,0.26350770493884323,-0.29145258072353053,0.19736078738633922,7,7,0
bde,per-config,0,B1,14,-0.44012301450612284,0.13230718095530536,-0.29145258072353053,0.19736078738633922,7,7,0
bde,per-config,0,B2,10,-0.33156964007344464,0.3833941306923258,-0.29145258072353053,0.19736078738633922,7,7,0
bde,per-config,0,B3,15,-0.4899919744353788,0.07530092126346537,-0.29145258072353053,0.19736078738633922,7,7,0
bde,per-config,0,B4,20,-0.19690461260810796,0.41910472656032394,-0.29145258072353053,0.19736078738633922,7,7,0
bde,per-config,0,B5,19,-0.19822225601910895,0.4304146899497753,-0.29145258072353053,0.19736078738633922,7,7,0
bde,per-config,20,A1,15,-0.4048967827699027,0.15097036520786136,-0.3436385393652828,0.01119212506492804,6,7,0
bde,per-config,20,A2,16,-0.43469875979931105,0.10539634464131915,-0.3436385393652828,0.01119212506492804,6,7,0
bde,per-config,20,B1,13,-0.5477677969429385,0.06523551927752626,-0.3436385393652828,0.01119212506492804,6,7,0
bde,per-config,20,B2,9,-0.34427144993467446,0.4036824867736866,-0.3436385393652828,0.01119212506492804,6,7,0
bde,per-config,20,B3,12,-0.5575984365973116,0.0747049729097374,-0.3436385393652828,0.01119212506492804,6,7,0
bde,per-config,20,B4,14,-0.5157776662512971,0.0712020256172371,-0.3436385393652828,0.01119212506492804,6,7,0
bde,per-config,20,B5,11,0.39954111673845577,0.2526673504932068,-0.3436385393652828,0.01119212506492804,6,7,0
bde,common-9,0,A1,9,-0.2795646403808173,0.5024881155236917,-0.33469597943417934,0.3603202804171873,6,7,0
bde,common-9,0,A2,9,-0.4595863115255013,0.25192875529792147,-0.33469597943417934,0.3603202804171873,6,7,0
bde,common-9,0,B1,9,-0.5703116641538052,0.13991160542266706,-0.33469597943417934,0.3603202804171873,6,7,0
bde,common-9,0,B2,9,-0.34427144993467446,0.4036824867736866,-0.33469597943417934,0.3603202804171873,6,7,0
bde,common-9,0,B3,9,-0.3997278562536122,0.3265201394817615,-0.33469597943417934,0.3603202804171873,6,7,0
bde,common-9,0,B4,9,-0.43366122991771283,0.28307768402427413,-0.33469597943417934,0.3603202804171873,6,7,0
bde,common-9,0,B5,9,0.14425129612686785,0.7332574523508337,-0.33469597943417934,0.3603202804171873,6,7,0
prefactor,per-config,10,A1,17,0.5779509686861112,0.01510060586058229,0.33881913175772643,0.00873688742013877,0,7,1
prefactor,per-config,10,A2,20,0.616320527962996,0.0038056547236199516,0.33881913175772643,0.00873688742013877,0,7,1
prefactor,per-config,10,B1,13,0.4812616268140847,0.09590580092885347,0.33881913175772643,0.00873688742013877,0,7,1
prefactor,per-config,10,B2,9,0.06900655593423542,0.8599776570800635,0.33881913175772643,0.00873688742013877,0,7,1
prefactor,per-config,10,B3,12,0.22262735021316915,0.48675627431563406,0.33881913175772643,0.00873688742013877,0,7,1
prefactor,per-config,10,B4,15,0.3564473393502073,0.1922029306832596,0.33881913175772643,0.00873688742013877,0,7,1
prefactor,per-config,10,B5,17,0.048119553343281225,0.8544881302932381,0.33881913175772643,0.00873688742013877,0,7,1
