config,seed,n_bonds,n_types,n_fallback_bonds,theta_total_median,theta_total_q25,theta_total_q75,theta_total_q95,theta_total_max,theta_gate_median,theta_gate_q95,theta_gate_max,frac_gate_gt_pi,frac_gate_gt_2pi,frac_total_gt_pi,frac_total_gt_2pi,frac_gate_linear_1pct,frac_gate_linear_5pct,frac_total_linear_1pct,frac_total_linear_5pct
A1,42,6751,25,0,0.028592385850965164,0.009553589216824475,0.20097063360296785,0.43018522783110213,1.7044852993701787,0.009530795283655054,0.1433950759437007,0.5681617664567262,0.0,0.0,0.0,0.0,0.9994074951858983,1.0,0.9628203229151236,0.9991112427788476
A1,43,6751,25,0,0.15723806897178982,0.06672856281706194,0.2575341030589559,0.8304220166680086,1.201438140696295,0.05241268965726328,0.27680733888933623,0.40047938023209834,0.0,0.0,0.0,0.0,1.0,1.0,0.8660939120130351,0.9994074951858983
A1,44,6751,25,0,0.10794380248461855,0.07277763712424355,0.1200217792874399,0.49981764462556094,1.2408405310418702,0.03598126749487285,0.16660588154185366,0.41361351034729005,0.0,0.0,0.0,0.0,1.0,1.0,0.9497852170048882,0.998518737964746
A1,45,6751,25,0,0.0258626419594754,0.023393639854604145,0.1318500937588588,0.5022349179034037,1.1447920746514226,0.008620880653158467,0.16741163930113456,0.38159735821714086,0.0,0.0,0.0,0.0,1.0,1.0,0.9493408383943119,0.9997037475929492
A1,46,6751,25,0,0.24609664823242575,0.15294318292774517,0.2941417546286976,0.7573106305042566,1.432283817825519,0.08203221607747525,0.2524368768347522,0.477427939275173,0.0,0.0,0.0,0.0,1.0,1.0,0.857946970819138,0.9948155828766109
A1,47,6751,25,0,0.18104873839255597,0.15527129224306097,0.20653566328990017,0.490842170318999,1.0367967669098725,0.06034957946418532,0.16361405677299967,0.34559892230329087,0.0,0.0,0.0,0.0,1.0,1.0,0.9337875870241445,1.0
A1,48,6751,25,0,0.15082429160596197,0.08156765993201776,0.24090913877989287,0.6737983400489507,1.4253078868567295,0.05027476386865399,0.22459944668298357,0.47510262895224314,0.0,0.0,0.0,0.0,1.0,1.0,0.8663901644200859,0.9928899422307806
A1,49,6751,25,0,0.13633070839740238,0.08912235268228502,0.23557284486562352,0.603424178497584,1.1311695672453332,0.0454435694658008,0.201141392832528,0.37705652241511106,0.0,0.0,0.0,0.0,1.0,1.0,0.8662420382165605,0.9997037475929492
A1,50,6751,25,0,0.09220944070398958,0.07202287709254926,0.11169406083508747,0.4190688468364167,1.288471744882938,0.03073648023466319,0.1396896156121389,0.429490581627646,0.0,0.0,0.0,0.0,1.0,1.0,0.9700785068878685,0.9995556213894238
A1,51,6751,24,1,0.16944799470636487,0.09305988402774001,0.20252909106739017,0.41363088797611264,1.2942156072170543,0.05648266490212162,0.13787696265870422,0.43140520240568475,0.0,0.0,0.0,0.0,1.0,1.0,0.9703747592949192,0.9973337283365428
A1,52,6751,25,0,0.013378049068547601,0.004427419363563324,0.14224519993822984,0.4500820666600347,1.2020309448129485,0.004459349689515867,0.1500273555533449,0.40067698160431614,0.0,0.0,0.0,0.0,1.0,1.0,0.9674122352244112,0.998518737964746
A1,53,6751,24,1,0.1226916848093727,0.04913966779792151,0.13564076113641219,0.2640157524593375,1.2802954726227658,0.0408972282697909,0.08800525081977917,0.4267651575409219,0.0,0.0,0.0,0.0,1.0,1.0,0.9725966523478004,0.9994074951858983
A1,54,6751,25,0,0.17552810642619676,0.10102896699938475,0.28058040647121973,0.6286685456683826,1.1768884679644127,0.058509368808732254,0.20955618188946087,0.39229615598813755,0.0,0.0,0.0,0.0,1.0,1.0,0.8656495334024589,0.9982224855576951
A1,55,6751,25,0,0.0477232590579666,0.043565175839518425,0.13404928699282104,0.579098279633588,1.1712353644593487,0.0159077530193222,0.19303275987786264,0.3904117881531162,0.0,0.0,0.0,0.0,1.0,1.0,0.9083098800177751,0.999259368982373
A1,56,6751,25,0,0.055524896946550883,0.04735179121830438,0.18647974174410856,0.6494537434426115,1.1857348844656375,0.01850829898218363,0.2164845811475372,0.3952449614885458,0.0,0.0,0.0,0.0,1.0,1.0,0.8766108724633388,0.9998518737964746
A1,57,6751,24,3,0.14793377075758965,0.10225536554417784,0.23006307576210128,0.594973883722122,1.0520541579578908,0.04931125691919655,0.198324627907374,0.35068471931929696,0.0,0.0,0.0,0.0,1.0,1.0,0.8668345430306621,1.0
A1,58,6751,25,0,0.1458316854752747,0.13904505642730422,0.3092419829184827,0.5743973994558158,1.3278355322833637,0.04861056182509157,0.19146579981860526,0.4426118440944546,0.0,0.0,0.0,0.0,1.0,1.0,0.8964597837357429,0.9991112427788476
A1,59,6751,25,0,0.06361854419321789,0.057545138399331,0.16635842504561027,0.5886271288514686,1.5112437084845287,0.021206181397739294,0.19620904295048955,0.5037479028281763,0.0,0.0,0.0,0.0,0.9997037475929492,1.0,0.8724633387646274,0.9994074951858983
A1,60,6751,25,0,0.028799025604803536,0.025608259507511534,0.09696929209916262,0.4114731010243291,1.1252511862155965,0.009599675201601179,0.13715770034144303,0.3750837287385322,0.0,0.0,0.0,0.0,1.0,1.0,0.9712635165160717,0.9997037475929492
A1,61,6751,25,0,0.1289447076397032,0.07500928105293254,0.14255373798098966,0.5310857520672264,1.533990312232465,0.0429815692132344,0.1770285840224088,0.5113301040774884,0.0,0.0,0.0,0.0,0.9997037475929492,1.0,0.9253443934231965,0.9866686416827136
A2,42,41068,25,0,0.3203274941410555,0.10770360652552953,0.36862884539997426,0.6668449475317443,3.095026998648388,0.10677583138035183,0.2222816491772481,1.0316756662161293,0.0,0.0,0.0,0.0,0.9923297944871919,1.0,0.94143858965618,0.9669815915067692
A2,43,41068,25,0,0.13898615080646826,0.12784866392490465,0.21064736785310922,0.6433046282497803,1.6840474324528059,0.04632871693548942,0.2144348760832601,0.5613491441509353,0.0,0.0,0.0,0.0,0.9996104022596669,1.0,0.9433135287815331,0.9993182039544171
A2,44,41068,24,1,0.19947664341251947,0.1854317704626929,0.22416978002950472,0.7560777026471903,1.5492943710012266,0.06649221447083982,0.2520259008823968,0.5164314570004088,0.0,0.0,0.0,0.0,0.9999756501412291,1.0,0.8673663192753482,0.9994643031070419
A2,45,41068,24,1,0.18519701223988788,0.1619803276864141,0.20287316237269387,0.5463228422268677,1.0593130418421493,0.06173233741329596,0.18210761407562256,0.35310434728071644,0.0,0.0,0.0,0.0,1.0,1.0,0.9273156715691049,1.0
A2,46,41068,24,1,0.1602507228735555,0.07579062108133583,0.20839270763759993,0.5313390303174683,1.0931309212144813,0.0534169076245185,0.17711301010582278,0.3643769737381604,0.0,0.0,0.0,0.0,1.0,1.0,0.946284211551573,1.0
A2,47,41068,25,0,0.12811189114634938,0.05879339989390207,0.13943168288792637,0.3653409365411049,1.1849085289774972,0.042703963715449794,0.12178031218036829,0.3949695096591657,0.0,0.0,0.0,0.0,1.0,1.0,0.9762345378396805,0.9998782507061459
A2,48,41068,25,0,0.08957654335775742,0.08606235907271421,0.17707644254321836,0.6126163747424831,1.2929719262368493,0.02985884778591914,0.20420545824749436,0.43099064207894977,0.0,0.0,0.0,0.0,1.0,1.0,0.9450180188954904,0.9999513002824584
A2,49,41068,25,0,0.25467622850565447,0.08667368325690102,0.27686224959457173,0.6838003656021756,2.382557351852215,0.08489207616855149,0.2279334552007252,0.7941857839507384,0.0,0.0,0.0,0.0,0.9992938540956462,1.0,0.9382244082984319,0.9669085419304568
A2,50,41068,24,1,0.13885405814930257,0.06636985497553763,0.1521069996990141,0.6169486360303802,1.2338972720607604,0.04628468604976752,0.20564954534346006,0.4112990906869201,0.0,0.0,0.0,0.0,1.0,1.0,0.9414142397974091,0.9996834518359794
A2,51,41068,24,3,0.09212515129270017,0.08474281385813644,0.129545102340533,0.5874952194085193,1.5374814904432668,0.03070838376423339,0.19583173980283977,0.5124938301477556,0.0,0.0,0.0,0.0,0.9999513002824584,1.0,0.9390766533554106,0.9994156033895003
B1,42,8092,15,0,0.01077735731224616,0.007914282792727868,0.08537829988613796,0.35017691323207245,1.4354223242638289,0.003592452437415387,0.11672563774402415,0.47847410808794294,0.0,0.0,0.0,0.0,1.0,1.0,0.9597132970835393,0.9954275827978251
B1,43,8092,15,0,0.04617994375586779,0.04340986675380848,0.06293265523993141,0.3477440824053192,1.4635480185986403,0.015393314585289265,0.1159146941351064,0.48784933953288007,0.0,0.0,0.0,0.0,1.0,1.0,0.9878892733564014,0.9954275827978251
B1,44,8092,15,0,0.0821871097472405,0.07560114523687635,0.1025819553724595,0.49384463086944996,1.4160476555027164,0.027395703249080167,0.16461487695648333,0.47201588516757215,0.0,0.0,0.0,0.0,1.0,1.0,0.9461196243203164,0.9966633712308453
B1,45,8092,15,0,0.03761571998401998,0.03460142981603084,0.04428691485292457,0.2682877285584339,1.0964565754370295,0.01253857332800666,0.0894292428528113,0.3654855251456765,0.0,0.0,0.0,0.0,1.0,1.0,0.986406327236777,0.9997528423133959
B1,46,8092,14,4,0.0052331777164537205,0.0038429502848119556,0.10624125025504204,0.2615575951630965,1.3618080470563974,0.00174439257215124,0.0871858650543655,0.45393601568546577,0.0,0.0,0.0,0.0,1.0,1.0,0.977014335145823,0.9986406327236778
B1,47,8092,15,0,0.030115232112630997,0.027701984457066297,0.07284766379881961,0.31804911870232944,1.5018854236272312,0.010038410704210332,0.10601637290077648,0.5006284745424104,0.0,0.0,0.0,0.0,0.9997528423133959,1.0,0.9903608502224419,0.9948096885813149
B1,48,8092,15,0,0.0008490123786184818,0.0006234667613068868,0.05488444247651189,0.3455113019063828,2.1611447870913807,0.00028300412620616065,0.11517043396879427,0.7203815956971269,0.0,0.0,0.0,0.0,0.9976520019772614,1.0,0.9595897182402373,0.9707118141374197
B1,49,8092,15,0,0.009749185015303004,0.008443041889446983,0.10352839457784332,0.4017953653336242,1.5515749125042717,0.0032497283384343347,0.1339317884445414,0.5171916375014239,0.0,0.0,0.0,0.0,0.9995056846267919,1.0,0.9838111715274345,0.9981463173504695
B1,50,8092,15,0,0.017755737458596023,0.016332902939687987,0.035335458614385404,0.27400279103048825,1.2964577166308189,0.005918579152865341,0.09133426367682941,0.432152572210273,0.0,0.0,0.0,0.0,1.0,1.0,0.99085516559565,0.9982698961937716
B1,51,8092,14,4,0.04848932003439493,0.0410849248414572,0.05599064394935965,0.32244090589691965,1.3234824389317843,0.01616310667813164,0.10748030196563989,0.44116081297726145,0.0,0.0,0.0,0.0,1.0,1.0,0.9913494809688581,0.9986406327236778
B1,52,8092,15,0,0.09254484949064326,0.08512888004924515,0.1948093029748496,0.4589040024165702,1.5363327541636704,0.030848283163547752,0.1529680008055234,0.5121109180545568,0.0,0.0,0.0,0.0,0.9997528423133959,1.0,0.9650271873455264,0.9948096885813149
B1,53,8092,15,0,0.05603257035063549,0.051150504560063696,0.12983564461453243,0.41999880328702893,1.5384033454822017,0.01867752345021183,0.1399996010956763,0.5128011151607339,0.0,0.0,0.0,0.0,0.9997528423133959,1.0,0.9714532871972318,0.9948096885813149
B1,54,8092,14,4,0.024101666661617786,0.02181720931703526,0.0457799282772528,0.4204784848038422,2.1379735880474326,0.008033888887205928,0.14015949493461408,0.7126578626824775,0.0,0.0,0.0,0.0,0.9988877904102818,1.0,0.9584775086505191,0.9745427582797825
B1,55,8092,15,0,0.05602833544747066,0.05114663864007665,0.07061781940696162,0.19367260633293304,0.6675354979511214,0.018676111815823553,0.06455753544431102,0.2225118326503738,0.0,0.0,0.0,0.0,1.0,1.0,0.995180425111221,1.0
B1,56,8092,15,0,0.04214755737371699,0.03877011390459491,0.049422391835936094,0.2549801240693413,1.0284884726503336,0.014049185791238997,0.08499337468978042,0.34282949088344455,0.0,0.0,0.0,0.0,1.0,1.0,0.9903608502224419,1.0
B1,57,8092,15,0,0.02459443871522661,0.022623593152839048,0.061594634110577716,0.33124879406938434,1.3993423867111183,0.00819814623840887,0.11041626468979478,0.4664474622370394,0.0,0.0,0.0,0.0,1.0,1.0,0.9885071675729116,0.9974048442906575
B1,58,8092,15,0,0.007243043908053717,0.006272660025100639,0.07829479035292777,0.30194972636171363,1.1400807111783977,0.002414347969351239,0.10064990878723788,0.38002690372613257,0.0,0.0,0.0,0.0,1.0,1.0,0.9882600098863075,0.9997528423133959
B1,59,8092,15,0,0.10256370651957936,0.09434488810308146,0.1309041605413805,0.3544397229476983,1.6058801388859079,0.03418790217319312,0.11814657431589944,0.535293379628636,0.0,0.0,0.0,0.0,0.9992585269401878,1.0,0.9592189817103312,0.9946861097380129
B1,60,8092,14,4,0.0038376182922434145,0.00281813022760677,0.030967604340075987,0.2782397245979425,2.0986228643873277,0.0012792060974144716,0.09274657486598083,0.6995409547957759,0.0,0.0,0.0,0.0,0.9988877904102818,1.0,0.9602076124567474,0.9756549678695008
B1,61,8092,15,0,0.015937008345769943,0.01525852380677914,0.05912788459772915,0.23337537699888697,1.4259991117911088,0.005312336115256648,0.07779179233296232,0.47533303726370296,0.0,0.0,0.0,0.0,1.0,1.0,0.9893722194760257,0.9995056846267919
B2,42,2705,11,0,0.3334304740271103,0.23207221843668627,0.3482567720570192,0.6834403588432288,3.0630234125852844,0.1111434913423701,0.22781345294774294,1.0210078041950947,0.0,0.0,0.0,0.0,0.9600739371534196,1.0,0.9397412199630314,0.9600739371534196
B2,43,2705,11,0,0.2791906629859615,0.1765195391238509,0.40096480915077237,0.798192945634351,3.6790509310954844,0.09306355432865383,0.26606431521145035,1.2263503103651614,0.0,0.0,0.005175600739371534,0.0,0.9600739371534196,0.9948243992606285,0.7696857670979668,0.9600739371534196
B2,44,2705,11,0,0.8201000366518705,0.20370007639807997,0.8591219296407111,0.935057907913365,1.0951698709483684,0.2733666788839568,0.31168596930445497,0.3650566236494561,0.0,0.0,0.0,0.0,1.0,1.0,0.47615526802218117,1.0
B2,45,2705,11,0,0.2627013046125846,0.252395249458806,0.2750238598509028,0.8525491097504966,0.9997024450992908,0.08756710153752821,0.28418303658349886,0.3332341483664303,0.0,0.0,0.0,0.0,1.0,1.0,0.8754158964879852,1.0
B2,46,2705,11,0,0.08156986981719216,0.07145230351325267,0.32456882649436025,0.6356522043412137,0.7453682792521329,0.02718995660573072,0.21188406811373792,0.2484560930840443,0.0,0.0,0.0,0.0,1.0,1.0,0.8354898336414048,1.0
B2,47,2705,11,0,0.273389936099131,0.2587916738956558,0.2972061945830216,0.7358662825527392,0.8628797022020122,0.09112997869971033,0.24528876085091308,0.2876265674006707,0.0,0.0,0.0,0.0,1.0,1.0,0.8750462107208873,1.0
B2,48,2705,10,1,0.2110286579503436,0.1941181320028436,0.33536112507242605,0.5279540878222777,2.5692691957391744,0.07034288598344786,0.17598469594075924,0.8564230652463914,0.0,0.0,0.0,0.0,0.9600739371534196,1.0,0.9349353049907578,0.9600739371534196
B2,49,2705,11,0,0.353633805088483,0.28470912521689473,0.3790619474774978,0.7147580627708587,0.8381281205203249,0.11787793502949434,0.23825268759028626,0.27937604017344164,0.0,0.0,0.0,0.0,1.0,1.0,0.8754158964879852,1.0
B2,50,2705,10,1,0.28816132225350805,0.2527341985365563,0.3045243068343538,1.1268376710561,1.3213342927710652,0.09605377408450268,0.37561255701870006,0.4404447642570217,0.0,0.0,0.0,0.0,1.0,1.0,0.8754158964879852,0.9419593345656192
B2,51,2705,11,0,0.33986889804041837,0.27927557041121254,0.582295240677306,0.6378724768937205,2.480907797627288,0.11328963268013946,0.2126241589645735,0.8269692658757627,0.0,0.0,0.0,0.0,0.9600739371534196,1.0,0.5452865064695009,0.9600739371534196
B2,52,2705,10,1,0.1988023592772753,0.18148089443568352,0.3552862488751898,0.7758331698987357,2.9570986357833786,0.0662674530924251,0.25861105663291195,0.9856995452611262,0.0,0.0,0.0,0.0,0.9600739371534196,1.0,0.7696857670979668,0.9600739371534196
B2,53,2705,11,0,0.0633204582563588,0.03346039857735281,0.21201729206407705,0.6845266952308068,1.0405823494823667,0.02110681941878627,0.2281755650769356,0.3468607831607889,0.0,0.0,0.0,0.0,1.0,1.0,0.8558225508317929,1.0
B2,54,2705,11,0,0.07165836910693599,0.0659161124773956,0.17965471330827756,0.8402149443759799,1.792780496653858,0.02388612303564533,0.28007164812532664,0.5975934988846193,0.0,0.0,0.0,0.0,0.978558225508318,1.0,0.9397412199630314,0.9600739371534196
B2,55,2705,11,0,0.4030051183352918,0.27253402387625386,0.599605071728109,0.6606174351062347,3.239976682851922,0.13433503944509725,0.22020581170207823,1.0799922276173073,0.0,0.0,0.0007393715341959334,0.0,0.9600739371534196,1.0,0.5408502772643253,0.9600739371534196
B2,56,2705,11,0,0.3192890468264164,0.17249224039488378,0.3471037885787817,0.42530382663761,0.6122381304452063,0.10642968227547213,0.14176794221253666,0.20407937681506874,0.0,0.0,0.0,0.0,1.0,1.0,0.9796672828096118,1.0
B2,57,2705,11,0,0.2930399955640852,0.15719826380165094,0.32100923164332656,0.3883559833988986,0.45538775623898003,0.09767999852136174,0.12945199446629954,0.15179591874632667,0.0,0.0,0.0,0.0,1.0,1.0,1.0,1.0
B2,58,2705,11,0,0.3062313908766565,0.29319423487123797,0.3442912578425046,0.992326891756806,2.031512611688485,0.10207713029221883,0.330775630585602,0.6771708705628283,0.0,0.0,0.0,0.0,0.9600739371534196,1.0,0.9367837338262477,0.9600739371534196
B2,59,2705,11,0,0.24407409575221978,0.22451551366474937,0.398020936783502,1.0403095849438753,1.4222427259953838,0.08135803191740659,0.3467698616479584,0.4740809086651279,0.0,0.0,0.0,0.0,1.0,1.0,0.8469500924214418,0.9582255083179297
B2,60,2705,11,0,0.27998088981916935,0.04018154512945495,0.3043713166857428,0.7207390798653817,0.8451414847303058,0.09332696327305645,0.24024635995512722,0.28171382824343527,0.0,0.0,0.0,0.0,1.0,1.0,0.8754158964879852,1.0
B2,61,2705,11,0,0.2645382517426582,0.24856412864168467,0.28566637066687717,1.3571583016127573,1.591409171614919,0.08817941724755274,0.45238610053758577,0.5304697238716397,0.0,0.0,0.0,0.0,0.9981515711645101,1.0,0.8754158964879852,0.8957486136783733
B3,42,5925,15,2,0.14444375558371472,0.13136698741375183,0.2761507999881157,0.7339110337516292,1.7027632898903289,0.048147918527904905,0.24463701125054307,0.5675877632967763,0.0,0.0,0.0,0.0,0.9908860759493671,1.0,0.9289451476793249,0.9611814345991562
B3,43,5925,16,0,0.1124052893430053,0.10799550876253244,0.23990813155627455,0.49363461737323355,0.9295576273637293,0.03746842978100177,0.16454487245774452,0.30985254245457644,0.0,0.0,0.0,0.0,1.0,1.0,0.9454852320675106,1.0
B3,44,5925,15,2,0.06326225416542663,0.040703955851959205,0.09104318567992793,0.7123538835908845,1.9850856575231162,0.02108741805514221,0.23745129453029482,0.661695219174372,0.0,0.0,0.0,0.0,0.9611814345991562,1.0,0.9456540084388185,0.9611814345991562
B3,45,5925,15,2,0.1291635629689373,0.09343575341561301,0.2330814159614535,0.8784216320063984,1.1197722606906615,0.04305452098964577,0.2928072106687995,0.3732574202302205,0.0,0.0,0.0,0.0,1.0,1.0,0.9156118143459916,0.999831223628692
B3,46,5925,16,0,0.4370409834586815,0.23418541464878484,0.5914432457695397,0.6750444220986916,1.3428946528191337,0.1456803278195605,0.22501480736623056,0.44763155093971124,0.0,0.0,0.0,0.0,1.0,1.0,0.5113924050632911,0.9920675105485232
B3,47,5925,16,0,0.11680536548543333,0.10814075512769322,0.30978240910287036,0.8101405847269457,2.1174336605320003,0.038935121828477776,0.27004686157564856,0.7058112201773334,0.0,0.0,0.0,0.0,0.9611814345991562,1.0,0.9422784810126582,0.9611814345991562
B3,48,5925,16,0,0.1609422068491477,0.14804529800555907,0.263739959306262,0.4786226839413474,1.978316313011043,0.053647402283049234,0.1595408946471158,0.659438771003681,0.0,0.0,0.0,0.0,0.9981434599156118,1.0,0.9659071729957805,0.9859915611814346
B3,49,5925,16,0,0.02433141797591661,0.022526515818070764,0.28794864963800587,0.8209948776880076,1.0332499648841766,0.00811047265863887,0.27366495922933587,0.34441665496139223,0.0,0.0,0.0,0.0,1.0,1.0,0.8538396624472574,1.0
B3,50,5925,16,0,0.0635670268209895,0.05885163111365295,0.37948810485564316,0.9689272119055707,1.5570836407838706,0.021189008940329834,0.3229757373018569,0.5190278802612902,0.0,0.0,0.0,0.0,0.999662447257384,1.0,0.9275949367088607,0.9593248945147679
B3,51,5925,15,2,0.14994950398107076,0.03752969925152895,0.15748573039327818,0.6975458427546926,1.1318212029273578,0.04998316799369026,0.23251528091823084,0.37727373430911926,0.0,0.0,0.0,0.0,1.0,1.0,0.9439662447257384,0.9989873417721519
B3,52,5925,16,0,0.06053565272928759,0.05816077386556024,0.16692078910176128,1.5723023618015428,2.004300106023522,0.02017855090976253,0.5241007872671809,0.668100035341174,0.0,0.0,0.0,0.0,0.9390717299578059,1.0,0.9248945147679325,0.9385654008438818
B3,53,5925,15,2,0.07907346576721867,0.015014675358146202,0.0834247006600342,0.8061276354603685,1.8463679433979543,0.026357821922406224,0.2687092118201228,0.6154559811326514,0.0,0.0,0.0,0.0,0.9672573839662447,1.0,0.8762869198312236,0.9556118143459915
B3,54,5925,16,0,0.1241608454300227,0.11495060630386796,0.21363400870601434,0.6888846385076566,1.2231374427118873,0.041386948476674235,0.22962821283588553,0.40771248090396245,0.0,0.0,0.0,0.0,1.0,1.0,0.9265822784810127,0.9969620253164557
B3,55,5925,15,2,0.12677626957692975,0.08632539698814458,0.1640773021476712,0.5962467731645034,1.120725079993919,0.04225875652564325,0.1987489243881678,0.37357502666463965,0.0,0.0,0.0,0.0,1.0,1.0,0.9476793248945148,0.9989873417721519
B3,56,5925,15,2,0.19550574324558606,0.06283568405464199,0.222910843914359,0.6391666689744839,2.4717159147362673,0.06516858108186202,0.21305555632482798,0.8239053049120891,0.0,0.0,0.0,0.0,0.9611814345991562,1.0,0.9409282700421941,0.9611814345991562
B3,57,5925,16,0,0.25111650174440014,0.08251777224669928,0.35942734294198186,0.8239912314719858,1.1938451575221343,0.08370550058146671,0.2746637438239953,0.3979483858407114,0.0,0.0,0.0,0.0,1.0,1.0,0.8852320675105485,0.9888607594936709
B3,58,5925,16,0,0.3085390847621994,0.13131776209738627,0.3517886821284396,0.8978620653088862,1.585345752864133,0.10284636158739979,0.29928735510296206,0.5284485842880443,0.0,0.0,0.0,0.0,0.9981434599156118,1.0,0.8408438818565401,0.9858227848101265
B3,59,5925,15,2,0.326087754880671,0.14353211176290037,0.33940289608866964,0.7397970802483851,1.0564455610698351,0.108695918293557,0.24659902674946169,0.3521485203566117,0.0,0.0,0.0,0.0,1.0,1.0,0.9184810126582279,1.0
B3,60,5925,16,0,0.037672862931252264,0.02927403594200297,0.10837340858231095,0.8645944666800716,1.9812118627175728,0.012557620977084087,0.28819815556002387,0.660403954239191,0.0,0.0,0.0,0.0,0.9611814345991562,1.0,0.9451476793248945,0.9611814345991562
B3,61,5925,16,0,0.287590671738274,0.11951838800293657,0.3190721294885056,0.9359233494474851,1.3945578183429932,0.09586355724609134,0.3119744498158284,0.46485260611433105,0.0,0.0,0.0,0.0,1.0,1.0,0.9422784810126582,0.9662447257383966
B4,42,9825,23,0,0.3092653100712087,0.10227561917511066,0.36637677470157415,0.7248948192971015,1.275386205901677,0.10308843669040291,0.24163160643236717,0.425128735300559,0.0,0.0,0.0,0.0,1.0,1.0,0.9303816793893129,0.9943002544529262
B4,43,9825,22,1,0.19523930838320228,0.09632342001956963,0.30595626375736934,0.6105591488924198,1.996386280420995,0.06507976946106743,0.20351971629747326,0.665462093473665,0.0,0.0,0.0,0.0,0.9698727735368957,1.0,0.932824427480916,0.9698727735368957
B4,44,9825,23,0,0.09379707584173035,0.04939543648792549,0.2722091100232092,0.8132901955360508,3.139906205223275,0.03126569194724345,0.27109673184535027,1.0466354017410917,0.0,0.0,0.0,0.0,0.9698727735368957,1.0,0.926208651399491,0.9698727735368957
B4,45,9825,23,0,0.12441470439898333,0.11507080318692704,0.15797421186254387,0.5802116250954299,1.4577623434530385,0.04147156813299444,0.19340387503180997,0.48592078115101284,0.0,0.0,0.0,0.0,1.0,1.0,0.9388295165394402,0.9698727735368957
B4,46,9825,21,2,0.14583085591928233,0.10470322279314057,0.24549187035302547,0.566131335916415,1.1897192687655576,0.04861028530642744,0.18871044530547165,0.39657308958851917,0.0,0.0,0.0,0.0,1.0,1.0,0.9402544529262087,0.9960305343511451
B4,47,9825,23,0,0.1983070500992401,0.1331822613708223,0.22610482514705713,0.7231855216682959,1.2361410096087253,0.06610235003308003,0.2410618405560986,0.41204700320290844,0.0,0.0,0.0,0.0,1.0,1.0,0.9394402035623409,0.9943002544529262
B4,48,9825,20,6,0.23134164118783507,0.06136643952967641,0.25149487873283066,0.40749982827815856,0.6076616686435313,0.07711388039594502,0.13583327609271953,0.20255388954784379,0.0,0.0,0.0,0.0,1.0,1.0,0.9742493638676845,1.0
B4,49,9825,22,1,0.3762649377059584,0.08387808940166389,0.470161707883751,0.6310718694641241,1.3702700212809635,0.12542164590198615,0.2103572898213747,0.4567566737603212,0.0,0.0,0.0,0.0,1.0,1.0,0.7927735368956743,0.9903307888040712
B4,50,9825,22,1,0.18563823615922115,0.07311837641604174,0.2018100392619455,0.716444355331054,2.028947642279031,0.061879412053073714,0.23881478511035134,0.676315880759677,0.0,0.0,0.0,0.0,0.9698727735368957,1.0,0.8740966921119593,0.9698727735368957
B4,51,9825,21,5,0.2620378000850794,0.023151463839316194,0.3894719606823122,0.5960846694634535,0.9475126551484616,0.08734593336169312,0.19869488982115116,0.31583755171615385,0.0,0.0,0.0,0.0,1.0,1.0,0.8772519083969466,1.0
B4,52,9825,23,0,0.14250879088367974,0.13193750299439405,0.33801715248711994,0.42125268181147396,0.7391579145305939,0.04750293029455991,0.14041756060382465,0.24638597151019795,0.0,0.0,0.0,0.0,1.0,1.0,0.9629516539440204,1.0
B4,53,9825,23,0,0.18685729942004203,0.046206935116903505,0.46214829580987776,0.8674043817313167,1.0171217955531164,0.06228576647334735,0.2891347939104389,0.33904059851770546,0.0,0.0,0.0,0.0,1.0,1.0,0.7965394402035624,1.0
B4,54,9825,22,1,0.20159631259921149,0.10702739737066032,0.2478432574723488,0.7531351517633128,1.5648439438881383,0.06719877086640383,0.25104505058777093,0.5216146479627127,0.0,0.0,0.0,0.0,0.9960305343511451,1.0,0.9284478371501272,0.9698727735368957
B4,55,9825,23,0,0.2866991400132313,0.09171960746904381,0.3116748246455595,0.7249568375099321,1.3376853930513037,0.09556638000441044,0.24165227916997736,0.44589513101710126,0.0,0.0,0.0,0.0,1.0,1.0,0.8806106870229008,0.9827989821882952
B4,56,9825,23,0,0.1882452052697423,0.08641475952497228,0.21463255694130293,0.6090038828304069,1.7608870506280971,0.06274840175658077,0.20300129427680227,0.5869623502093657,0.0,0.0,0.0,0.0,0.9827989821882952,1.0,0.9389312977099237,0.9697709923664122
B4,57,9825,21,2,0.22164376520484222,0.06381813289582343,0.23916330464703997,0.8180254046778803,1.5105035456809581,0.07388125506828074,0.2726751348926268,0.5035011818936527,0.0,0.0,0.0,0.0,0.9994910941475827,1.0,0.8733842239185751,0.9698727735368957
B4,58,9825,22,1,0.21587773791905077,0.078662737966289,0.26686804461260255,0.6512011634252358,1.9341502904453167,0.07195924597301692,0.2170670544750786,0.6447167634817722,0.0,0.0,0.0,0.0,0.9698727735368957,1.0,0.9312977099236641,0.9698727735368957
B4,59,9825,21,2,0.05916254685828372,0.051888986164685624,0.2114171802665971,0.5943254003196516,1.1934001804863001,0.01972084895276124,0.19810846677321722,0.39780006016210007,0.0,0.0,0.0,0.0,1.0,1.0,0.9402544529262087,0.9960305343511451
B4,60,9825,22,1,0.04332164929415476,0.038400537824752196,0.20917283423245245,0.7339422803569936,1.7234959039006965,0.014440549764718253,0.24464742678566453,0.5744986346335655,0.0,0.0,0.0,0.0,0.9827989821882952,1.0,0.8851908396946565,0.9698727735368957
B4,61,9825,21,2,0.21669601741179298,0.0804448004295625,0.3910055645731257,0.6122248076255313,2.169961843441223,0.072232005803931,0.2040749358751771,0.7233206144804076,0.0,0.0,0.0,0.0,0.9698727735368957,1.0,0.9234605597964377,0.9693638676844784
B5,42,2359,22,1,0.29056690444844063,0.07264244500647722,0.3889190227310966,0.7818733695059262,1.5026988818888143,0.09685563481614688,0.2606244565019754,0.5008996272962715,0.0,0.0,0.0,0.0,0.9983043662568886,1.0,0.8427299703264095,0.9665112335735481
B5,43,2359,23,0,0.34112021462263337,0.22036422618038856,0.4462736176454639,0.6363968237666522,1.6185822803188614,0.11370673820754446,0.21213227458888406,0.5395274267729538,0.0,0.0,0.0,0.0,0.9991521831284442,1.0,0.8151759220008478,0.9758372191606614
B5,44,2359,22,3,0.3261655851448307,0.16212336350128673,0.3522930486964011,0.7417818540775457,2.7954766418018706,0.10872186171494357,0.24726061802584856,0.9318255472672902,0.0,0.0,0.0,0.0,0.9826197541331072,1.0,0.930479016532429,0.9762611275964391
B5,45,2359,22,3,0.49599876084356764,0.2620395651552087,0.5357398926264626,0.6624301107924181,1.7745469393974653,0.1653329202811892,0.22081003693080603,0.5915156464658218,0.0,0.0,0.0,0.0,0.989826197541331,1.0,0.49809241203899957,0.9813480288257737
B5,46,2359,23,0,0.29249576999152915,0.1343678270445915,0.33538301754896394,0.5332715309348051,2.279738983241067,0.09749858999717638,0.17775717697826834,0.759912994413689,0.0,0.0,0.0,0.0,0.9821958456973294,1.0,0.9309029249682068,0.9758372191606614
B5,47,2359,22,1,0.3157248226596412,0.17146576450698978,0.5299555543200214,1.1042868157369836,1.8175292757334178,0.10524160755321373,0.3680956052456612,0.6058430919111393,0.0,0.0,0.0,0.0,0.9915218312844426,1.0,0.7295464179737177,0.9478592623993217
B5,48,2359,22,1,0.1773632285178362,0.14356530804544998,0.33825407912150146,0.6881793914626185,1.7429194669787174,0.059121076172612065,0.2293931304875395,0.5809731556595724,0.0,0.0,0.0,0.0,0.9957609156422212,1.0,0.8444256040695209,0.9826197541331072
B5,49,2359,21,6,0.2066654622514312,0.0010238674677551572,0.544609269233434,0.8361800011290919,2.1779213715748487,0.06888848741714373,0.2787266670430306,0.7259737905249496,0.0,0.0,0.0,0.0,0.9910979228486647,1.0,0.6867316659601526,0.986858838490886
B5,50,2359,23,0,0.48943075778228695,0.1750474776512777,0.5792993102948343,0.6345905995913309,1.4932602447037364,0.16314358592742897,0.21153019986377697,0.4977534149012455,0.0,0.0,0.0,0.0,0.9991521831284442,1.0,0.5010597710894447,0.9894022891055532
B5,51,2359,23,0,0.29254863992903296,0.25661598565928884,0.3653409293869752,0.6346654405198378,2.480885309785522,0.09751621330967765,0.21155514683994592,0.8269617699285073,0.0,0.0,0.0,0.0,0.9821958456973294,1.0,0.8512081390419669,0.9809241203899958
B5,52,2359,23,0,0.3917811514498527,0.3000567286069191,0.4384713169062502,0.6794540038314055,1.4009899890225916,0.1305937171499509,0.22648466794380184,0.46699666300753057,0.0,0.0,0.0,0.0,1.0,1.0,0.8562950402713014,0.9881305637982196
B5,53,2359,21,4,0.4442516614549259,0.23173434589807712,0.5065248269503684,0.6344817013511324,1.8659121863378945,0.14808388715164197,0.21149390045037744,0.6219707287792982,0.0,0.0,0.0,0.0,0.9872827469266638,1.0,0.7359050445103857,0.9817719372615515
B5,54,2359,23,0,0.15843622186021297,0.0758175466696671,0.3480494321184377,0.7926071177235386,1.6562245271803435,0.05281207395340432,0.2642023725745129,0.5520748423934478,0.0,0.0,0.0,0.0,0.9991521831284442,1.0,0.8647732089868588,0.9978804578211107
B5,55,2359,23,0,0.32747802730306025,0.28721722999299526,0.48805338334092957,0.6683123866075272,2.0269426035566,0.10915934243435342,0.22277079553584242,0.6756475345188666,0.0,0.0,0.0,0.0,0.993217465027554,1.0,0.7766002543450614,0.9855871131835523
B5,56,2359,22,1,0.3515281742693419,0.21489280437340788,0.38481395219634523,0.9039453193593302,1.6018488557151114,0.11717605808978064,0.30131510645311005,0.5339496185717038,0.0,0.0,0.0,0.0,0.9983043662568886,1.0,0.9143704959728699,0.9783806697753286
B5,57,2359,23,0,0.5840231217063989,0.34236517790137183,0.6185337128451658,0.7019084371229891,1.9255367360934805,0.19467437390213296,0.23396947904099638,0.6418455786978269,0.0,0.0,0.0,0.0,0.9826197541331072,1.0,0.3522679101314116,0.9817719372615515
B5,58,2359,23,0,0.34213770010132494,0.2000911694561034,0.3900969976554695,0.9722216596909172,3.1588524461043237,0.11404590003377497,0.32407388656363906,1.052950815368108,0.0,0.0,0.000423908435777872,0.0,0.9809241203899958,1.0,0.7994913098770665,0.9652395082662145
B5,59,2359,23,0,0.08938649925390614,0.0037247144264382775,0.32778521940428235,0.627900434868742,2.5465671332124744,0.029795499751302048,0.20930014495624735,0.8488557110708248,0.0,0.0,0.0,0.0,0.9817719372615515,1.0,0.9393810936837643,0.9809241203899958
B5,60,2359,22,1,0.17506646998310946,0.16448355360101774,0.29329728685752116,0.6274591497599156,1.4843090825914569,0.05835548999436982,0.20915304991997186,0.4947696941971523,0.0,0.0,0.0,0.0,0.9991521831284442,1.0,0.9393810936837643,0.9529461636286563
B5,61,2359,23,0,0.05085799016440573,0.04404431146779448,0.21455763631895486,0.4641406264491994,1.1714574228248293,0.016952663388135242,0.15471354214973312,0.39048580760827645,0.0,0.0,0.0,0.0,1.0,1.0,0.9588808817295464,0.9995760915642221
