config,target,residual,split,entangler,alpha,alpha_mode,theta_scale,alpha_norm,n_rounds,bond_param_mode,encode_source,drop_q0,angle_range,rz_source,canonical,n_reupload,observable,readout,use_cnot,scaler,optimizer,diff_method,epochs,seed,n_qubits,n_params,n_types,n_types_train,max_types,train_frac,types_from_train,n_train,n_test,loss_first,loss_last,loss_drop,param_shift,param_shift_rel,grad_norm_last,alpha_mean,angle_max,comp_r2,time_s,mae,r2,n_isomer_groups,isomer_mae,isomer_mae_tr,isomer_rho,mae_ridge,r2_ridge,n_isomer_groups_ridge,isomer_mae_ridge,isomer_mae_tr_ridge,isomer_rho_ridge,mae_krr,r2_krr,n_isomer_groups_krr,isomer_mae_krr,isomer_mae_tr_krr,isomer_rho_krr,arm,kind,theta_gate_median,theta_gate_q95,theta_gate_max,frac_gate_gt_pi,frac_gate_gt_2pi,frac_gate_linear_1pct,response_exponent,exponent_asymptotic,perturbative_strength,perturbative_strength_lo,exponent_ratio,alpha_rms_init,alpha_rms_final,alpha_cos_init,scan_time_s
B5,eAT,1,molecule,zz,0.1,bytype,1.0,free,3,bytype,eig,0,"[0.000,3.142]",none,1,1,Z,ridge,1,1,adam,adjoint,100,42,13,114,22,21,0,1.0,1,150,54,0.5191733065159051,0.061048608516113656,0.8824118887663894,6.3991859641891224,2.534914807783947,0.20452180183228527,0.195067708139859,0.5008996272962715,0.9625054122237194,105.8,0.5313330725104142,0.9705755112930551,10,0.45259466563046674,0.551387509767793,0.326,0.5313330725104142,0.9705755112930551,10,0.45259466563046674,0.551387509767793,0.326,0.4731880457325201,0.9753992414173742,10,0.42188368067250936,0.4925770981222611,0.32466666666666666,zz_bytype_r3,quantum,0.09685563481614688,0.2606244565019754,0.5008996272962715,0.0,0.0,0.9983043662568886,1.1055721083375665,1.000139203448242,0.1188887576662907,0.055249763319445463,2.0,0.10000000000000002,0.626215428069895,0.3115025586976514,106.9
B5,eAT,1,molecule,zz,0.1,bytype,1.0,free,3,bytype,eig,0,"[0.000,3.142]",none,1,1,Z,ridge,1,1,adam,adjoint,100,43,13,115,23,22,0,1.0,1,159,45,0.3756514265972381,0.03349277914116103,0.9108408040811968,8.712384894522081,2.9497190201699626,0.04830634401336562,0.16176027405635504,0.5395274267729538,0.957994129331869,111.16,0.2190030596105621,0.9962770092388524,9,0.14507852391202397,0.21258948516681517,0.6033333333333333,0.2190030596105621,0.9962770092388524,9,0.14507852391202397,0.21258948516681517,0.6033333333333333,0.21896165722769245,0.9962075523472459,9,0.14761113360113232,0.2151937041925903,0.5830952380952381,zz_bytype_r3,quantum,0.11370673820754446,0.21213227458888406,0.5395274267729538,0.0,0.0,0.9991521831284442,0.8125678971755362,0.998071927349209,0.12059055280674469,0.06866034407800198,2.0,0.10000000000000002,0.697522112318109,0.23190701943293007,112.2
B5,eAT,1,molecule,zz,0.1,bytype,1.0,free,3,bytype,eig,0,"[0.000,3.142]",none,1,1,Z,ridge,1,1,adam,adjoint,100,44,13,114,22,21,0,1.0,1,153,51,0.4493649896771724,0.03551210421014857,0.9209726947449539,8.110102051854739,2.8074753090499027,0.18161680294980143,0.38470990711045816,0.9318255472672902,0.9671451656168382,106.75,0.6500981171011806,0.9383527975644345,7,0.5261204810231059,0.5675407233688811,0.12519426326802827,0.6500981171011806,0.9383527975644345,7,0.5261204810231059,0.5675407233688811,0.12519426326802827,0.6078601374295163,0.9473448641828481,7,0.472265421856598,0.5257604821237254,0.1841524002985842,zz_bytype_r3,quantum,0.10872186171494357,0.24726061802584856,0.9318255472672902,0.0,0.0,0.9826197541331072,1.1728783241047112,0.9968701971286388,0.12634675837588966,0.056039280038243114,2.0,0.10000000000000002,0.7456777266458773,0.5159198047133335,107.8
B5,eAT,1,molecule,zz,0.1,bytype,1.0,free,3,bytype,eig,0,"[0.000,3.142]",none,1,1,Z,ridge,1,1,adam,adjoint,100,45,13,114,22,21,0,1.0,1,153,51,0.5486743281599544,0.04524056166500456,0.9175456926940172,6.806009066288585,2.4135011734813414,0.014602045999556517,0.35335220262253364,0.5915156464658218,0.9625370453145851,106.6,0.38228674590137723,0.9784773520575697,12,0.2169782839858915,0.2936317297080702,0.3521739130434782,0.38228674590137723,0.9784773520575697,12,0.2169782839858915,0.2936317297080702,0.3521739130434782,0.3666139284369952,0.9803727502422908,12,0.21148463373801982,0.2897224176115321,0.3521739130434782,zz_bytype_r3,quantum,0.1653329202811892,0.22081003693080603,0.5915156464658218,0.0,0.0,0.989826197541331,0.3728657170570387,0.9988992488254487,0.22892258137722407,0.17678477872284434,2.0,0.10000000000000002,0.7657465426629307,0.46144798955738,107.7
B5,eAT,1,molecule,zz,0.1,bytype,1.0,free,3,bytype,eig,0,"[0.000,3.142]",none,1,1,Z,ridge,1,1,adam,adjoint,100,46,13,115,23,22,0,1.0,1,150,54,0.4028317063887779,0.04303868300444557,0.8931596437870548,7.530170283575066,2.4134706225179796,0.011671319595461364,0.20900365465974446,0.759912994413689,0.9557740146845558,103.55,0.5700603060532544,0.9727739096238794,11,0.29689417730579476,0.5030640877193439,0.3916666666666666,0.5700603060532544,0.9727739096238794,11,0.29689417730579476,0.5030640877193439,0.3916666666666666,0.5595289309179177,0.9743262096389391,11,0.2970628935007533,0.4984904702727902,0.4229166666666666,zz_bytype_r3,quantum,0.09749858999717638,0.17775717697826834,0.759912994413689,0.0,0.0,0.9821958456973294,0.5635896152183164,0.9994796218992917,0.13165107034058265,0.08907729387415356,2.0,0.10000000000000002,0.6945562471724669,0.30091681632764206,104.6
B5,eAT,1,molecule,zz,0.1,bytype,1.0,free,3,bytype,eig,0,"[0.000,3.142]",none,1,1,Z,ridge,1,1,adam,adjoint,100,47,13,114,22,21,0,1.0,1,163,41,0.4726747690309314,0.05214564090405905,0.8896796606872691,7.828232822228584,2.6605553071262973,0.019894122530828787,0.32691885105710505,0.6058430919111393,0.9583282748595388,113.3,0.4508116798107492,0.9849918852865741,9,0.20476469542487719,0.393865728390167,0.5515151515151515,0.4508116798107492,0.9849918852865741,9,0.20476469542487719,0.393865728390167,0.5515151515151515,0.44939934915510027,0.9853076781281601,9,0.21377817200752355,0.3959658292673155,0.5757575757575758,zz_bytype_r3,quantum,0.10524160755321373,0.3680956052456612,0.6058430919111393,0.0,0.0,0.9915218312844426,0.673532350194839,0.9994572242361529,0.9774733669067875,0.6128461929977576,2.0,0.10000000000000002,0.7715709987431404,0.42370546792122926,114.2
B5,eAT,1,molecule,zz,0.1,bytype,1.0,free,3,bytype,eig,0,"[0.000,3.142]",none,1,1,Z,ridge,1,1,adam,adjoint,100,48,13,114,22,21,0,1.0,1,156,48,0.4085592792613133,0.0338791042681943,0.9170766496126372,6.918046516542636,2.299209477497915,0.010391425907138575,0.12961982777149264,0.5809731556595724,0.9630952339677498,108.52,0.48978585042134853,0.9785209788206108,9,0.29442123106982904,0.5114129197817756,0.3261180679785331,0.48978585042134853,0.9785209788206108,9,0.29442123106982904,0.5114129197817756,0.3261180679785331,0.4806223488398655,0.9796991707246349,9,0.28434507027381245,0.5014006174813396,0.35903398926654745,zz_bytype_r3,quantum,0.059121076172612065,0.2293931304875395,0.5809731556595724,0.0,0.0,0.9957609156422212,0.9912258509978182,1.0005544691572195,0.10794597296029025,0.05430223833190276,2.0,0.10000000000000002,0.5942349457365862,0.21812892139946893,109.5
B5,eAT,1,molecule,zz,0.1,bytype,1.0,free,3,bytype,eig,0,"[0.000,3.142]",none,1,1,Z,ridge,1,1,adam,adjoint,100,49,13,113,21,20,0,1.0,1,157,47,0.6339066554432771,0.04800074827513212,0.9242778919215381,7.370246894441696,2.466378968694576,0.021602260720879365,0.2034674521416807,0.7259737905249496,0.9605883134480587,109.69,0.4894376312073836,0.978518578191604,11,0.3789614188189033,0.47792481606352594,0.5164451827242524,0.4894376312073836,0.978518578191604,11,0.3789614188189033,0.47792481606352594,0.5164451827242524,0.4939510310259796,0.9781535710585721,11,0.3770152637579947,0.478831303519255,0.5164451827242524,zz_bytype_r3,quantum,0.06888848741714373,0.2787266670430306,0.7259737905249496,0.0,0.0,0.9910979228486647,1.6103055755819662,0.9923744287701658,0.29284576031887016,0.09591547027000309,2.0,0.10000000000000002,0.8166551148918579,0.24914734314558884,110.7
B5,eAT,1,molecule,zz,0.1,bytype,1.0,free,3,bytype,eig,0,"[0.000,3.142]",none,1,1,Z,ridge,1,1,adam,adjoint,100,50,13,115,23,22,0,1.0,1,158,46,0.5355694349927194,0.04192690575102607,0.9217152753468912,7.587124474982961,2.404085994643224,0.015095097432063883,0.19431069574819876,0.4977534149012455,0.9614430051083583,109.73,0.3669510153528686,0.9821164979614416,6,0.2379881113984233,0.3902109270490345,0.8595238095238096,0.3669510153528686,0.9821164979614416,6,0.2379881113984233,0.3902109270490345,0.8595238095238096,0.3645855791393673,0.9825573281902272,6,0.2310668003651375,0.38360082886388114,0.8692918192918193,zz_bytype_r3,quantum,0.16314358592742897,0.21153019986377697,0.4977534149012455,0.0,0.0,0.9991521831284442,0.723616856676506,0.9993888356631201,0.14258662506858255,0.08634723007715372,2.0,0.10000000000000002,0.6900641265128197,0.28158353446078827,110.7
B5,eAT,1,molecule,zz,0.1,bytype,1.0,free,3,bytype,eig,0,"[0.000,3.142]",none,1,1,Z,ridge,1,1,adam,adjoint,100,51,13,115,23,22,0,1.0,1,154,50,0.5285462056890399,0.03985130890776994,0.9246020338830779,7.207044748763522,2.088532212049636,0.10617336128565459,0.1679981208066539,0.8269617699285073,0.9666560679620392,107.26,0.2787203043084169,0.9925405808163105,11,0.19946393384775632,0.25653269419818814,0.7678571428571428,0.2787203043084169,0.9925405808163105,11,0.19946393384775632,0.25653269419818814,0.7678571428571428,0.2754290069368666,0.992689701544929,11,0.19617860268574297,0.2530358854039913,0.7678571428571428,zz_bytype_r3,quantum,0.09751621330967765,0.21155514683994592,0.8269617699285073,0.0,0.0,0.9821958456973294,1.1268294583874263,0.997602956357612,0.08152642014461663,0.03733265747871326,2.0,0.10000000000000002,0.7952230476249957,0.2112591194486922,108.3
B3,eAT,1,molecule,zz,0.1,bytype,1.0,free,3,bytype,eig,0,"[0.000,3.142]",none,1,1,Z,ridge,1,1,adam,adjoint,100,42,13,107,15,14,0,1.0,1,352,134,0.6377402363707142,0.16302986357041868,0.7443632151889966,6.472362344084863,2.6497022835626534,0.10431051880268002,0.03807109156944655,0.5675877632967763,0.9457454409377412,239.22,0.4529149340628412,0.9769753262606626,8,0.4024467366737416,0.44061849989066276,0.7783605580397024,0.4529149340628412,0.9769753262606626,8,0.4024467366737416,0.44061849989066276,0.7783605580397024,0.4493621520903639,0.9776429728788103,8,0.3997642962568764,0.4374127036981155,0.78092188560103,zz_bytype_r3,quantum,0.048147918527904905,0.24463701125054307,0.5675877632967763,0.0,0.0,0.9908860759493671,0.8558636504973656,1.0007298573192838,0.10669690573967454,0.05895371720883419,2.0,0.10000000000000003,0.6446137207745286,0.05906031836192263,242.1
B3,eAT,1,molecule,zz,0.1,bytype,1.0,free,3,bytype,eig,0,"[0.000,3.142]",none,1,1,Z,ridge,1,1,adam,adjoint,100,43,13,108,16,15,0,1.0,1,333,153,0.6712013920375569,0.13822088620432862,0.7940694285738393,7.274721693659075,2.531175262231053,0.019745188004602048,-0.01099637749228543,0.30985254245457644,0.9328994816003787,226.72,0.4635866583937824,0.9771929592247752,8,0.3882905877159367,0.4635328815050048,0.7103562236088954,0.4635866583937824,0.9771929592247752,8,0.3882905877159367,0.4635328815050048,0.7103562236088954,0.43591225749703255,0.9799797185736048,8,0.37503106167905415,0.43614542709208376,0.7026434146927267,zz_bytype_r3,quantum,0.03746842978100177,0.16454487245774452,0.30985254245457644,0.0,0.0,1.0,1.2892268673302636,1.0043162969768555,0.11447942939262919,0.04684157591020696,2.0,0.1,0.505273215731414,-0.021763230564980373,230.2
B3,eAT,1,molecule,zz,0.1,bytype,1.0,free,3,bytype,eig,0,"[0.000,3.142]",none,1,1,Z,ridge,1,1,adam,adjoint,100,44,13,107,15,14,0,1.0,1,367,119,0.7178654762425932,0.15603919491358131,0.7826344906147152,6.245678350463527,2.225029272490863,0.017477333276203492,0.11355648527301333,0.661695219174372,0.9425865545779384,250.98,0.4331773454761066,0.9820272636473836,8,0.40617469424893043,0.43439780633826647,0.7137293348629344,0.4331773454761066,0.9820272636473836,8,0.40617469424893043,0.43439780633826647,0.7137293348629344,0.4162577022881357,0.9827029734851546,8,0.3903861067353265,0.41633461370056296,0.7425765000050822,zz_bytype_r3,quantum,0.02108741805514221,0.23745129453029482,0.661695219174372,0.0,0.0,0.9611814345991562,1.3580450620205091,1.0031995040882136,0.07455080397692693,0.029083055511001397,2.0,0.10000000000000003,0.6149599633031121,0.18465671271174852,253.6
B3,eAT,1,molecule,zz,0.1,bytype,1.0,free,3,bytype,eig,0,"[0.000,3.142]",none,1,1,Z,ridge,1,1,adam,adjoint,100,45,13,107,15,14,0,1.0,1,361,125,0.737337126066585,0.16037097112832416,0.7824998017069305,6.7395759057702,2.4612890662873568,0.034641557555078424,0.07749116969294555,0.3732574202302205,0.9346144364898379,245.9,0.5004641308772864,0.9726250449690877,9,0.4676082150405661,0.4845581765831312,0.5356327575018277,0.5004641308772864,0.9726250449690877,9,0.4676082150405661,0.4845581765831312,0.5356327575018277,0.4773291410208968,0.9761121631132291,9,0.4465927951433923,0.4640208752388626,0.5578689100273542,zz_bytype_r3,quantum,0.04305452098964577,0.2928072106687995,0.3732574202302205,0.0,0.0,1.0,0.8767241568734128,0.999485109061278,0.05168388783717436,0.028147181021151022,2.0,0.10000000000000003,0.48961714071959905,0.1582689069646333,249.0
B3,eAT,1,molecule,zz,0.1,bytype,1.0,free,3,bytype,eig,0,"[0.000,3.142]",none,1,1,Z,ridge,1,1,adam,adjoint,100,46,13,108,16,15,0,1.0,1,358,128,0.6331424231047451,0.1086953670616596,0.8283239866811494,8.682060569510746,2.8554941861037055,0.10338228853696989,0.3248413200644782,0.44763155093971124,0.9334585963868824,243.94,0.4575752720487547,0.9769785448079298,11,0.43451694828832066,0.4575752720487547,0.6394810745160417,0.4575752720487547,0.9769785448079298,11,0.43451694828832066,0.4575752720487547,0.6394810745160417,0.44495466856259663,0.9800153818947489,11,0.4224913054474203,0.44495466856259663,0.6258419902510124,zz_bytype_r3,quantum,0.1456803278195605,0.22501480736623056,0.44763155093971124,0.0,0.0,1.0,1.271999864785911,0.9997431160205318,0.15238135633429156,0.06309889023904637,2.0,0.1,0.9043631645231061,0.3591934444118485,246.8
B3,eAT,1,molecule,zz,0.1,bytype,1.0,free,3,bytype,eig,0,"[0.000,3.142]",none,1,1,Z,ridge,1,1,adam,adjoint,100,47,13,108,16,15,0,1.0,1,355,131,0.6822954798068319,0.13036732849882235,0.8089283421081269,7.984861219142234,2.778997046340652,0.012872186673472261,0.2843409126253311,0.7058112201773334,0.9379172428279707,241.49,0.5037993618627667,0.9749433981186846,8,0.4752148826094174,0.4915551925639941,0.7289538344407531,0.5037993618627667,0.9749433981186846,8,0.4752148826094174,0.4915551925639941,0.7289538344407531,0.49183971220057626,0.976207737073455,8,0.4638125279828864,0.48142168712817823,0.7168595999446292,zz_bytype_r3,quantum,0.038935121828477776,0.27004686157564856,0.7058112201773334,0.0,0.0,0.9611814345991562,1.3688632748432958,1.0053549715245753,0.236829437366685,0.09169945986065968,2.0,0.1,0.6614416153677342,0.4298805911493497,244.3
B3,eAT,1,molecule,zz,0.1,bytype,1.0,free,3,bytype,eig,0,"[0.000,3.142]",none,1,1,Z,ridge,1,1,adam,adjoint,100,48,13,108,16,15,0,1.0,1,352,134,0.7049082850110722,0.1500456103605925,0.7871416557996113,8.24037702588371,2.8030029177092963,0.035441946423709667,0.08050627858708928,0.659438771003681,0.947697971554528,239.61,0.5351721832937061,0.9418733804654853,7,0.5189073232720384,0.5393036706540643,0.7290864892165644,0.5351721832937061,0.9418733804654853,7,0.5189073232720384,0.5393036706540643,0.7290864892165644,0.5437130277267838,0.9386422568862587,7,0.5264157876275014,0.5479079799196516,0.7262050209567955,zz_bytype_r3,quantum,0.053647402283049234,0.1595408946471158,0.659438771003681,0.0,0.0,0.9981434599156118,1.2355336146395264,0.9970750459221384,0.09388699501765513,0.03987243515615242,2.0,0.1,0.6650911903294053,0.12104547430126175,242.6
B3,eAT,1,molecule,zz,0.1,bytype,1.0,free,3,bytype,eig,0,"[0.000,3.142]",none,1,1,Z,ridge,1,1,adam,adjoint,100,49,13,108,16,15,0,1.0,1,362,124,0.7168460752580055,0.1821160045760421,0.7459482434768225,6.639703096453997,2.2660879223049815,0.4133350331730941,-0.18515861968599623,0.34441665496139223,0.9479916563766306,247.85,0.48287719098141724,0.9656164193371874,7,0.41772710232982085,0.4689314291697736,0.7412038121259433,0.48287719098141724,0.9656164193371874,7,0.41772710232982085,0.4689314291697736,0.7412038121259433,0.4718997442812704,0.9650817467147507,7,0.4021685487722489,0.45209762248928737,0.7503862542284673,zz_bytype_r3,quantum,0.00811047265863887,0.27366495922933587,0.34441665496139223,0.0,0.0,1.0,1.0458607647423412,1.0006849625835492,0.11816605059886058,0.05723441643667672,2.0,0.1,0.6561176811796277,-0.2822033683849594,250.7
B3,eAT,1,molecule,zz,0.1,bytype,1.0,free,3,bytype,eig,0,"[0.000,3.142]",none,1,1,Z,ridge,1,1,adam,adjoint,100,50,13,108,16,15,0,1.0,1,345,141,0.7644568354946217,0.13600637872482702,0.822087562815986,7.4054148003098454,2.4072114779394416,0.029002009293496524,0.1777893161210626,0.5190278802612902,0.9420000555879576,234.5,0.40441990436714037,0.9784130973223463,9,0.3356626185329821,0.3902178544130643,0.8020070743262635,0.40441990436714037,0.9784130973223463,9,0.3356626185329821,0.3902178544130643,0.8020070743262635,0.39891844300049767,0.979542431650235,9,0.3290423088714389,0.3847959372961736,0.8078500572467523,zz_bytype_r3,quantum,0.021189008940329834,0.3229757373018569,0.5190278802612902,0.0,0.0,0.999662447257384,1.3395503173953085,1.0023795294372548,0.06751292862240986,0.026677315271102658,2.0,0.1,0.7960883291846217,0.22332863025767544,237.6
B3,eAT,1,molecule,zz,0.1,bytype,1.0,free,3,bytype,eig,0,"[0.000,3.142]",none,1,1,Z,ridge,1,1,adam,adjoint,100,51,13,107,15,14,0,1.0,1,373,113,0.6733958512795051,0.1208369225753515,0.8205558850032239,5.993977417783801,1.7847263602895018,0.016765560093429024,0.21833049682845018,0.37727373430911926,0.9406610343454501,254.98,0.4783882682664141,0.9758686072603253,9,0.41975378688789466,0.45766295080785396,0.7402016081261363,0.4783882682664141,0.9758686072603253,9,0.41975378688789466,0.45766295080785396,0.7402016081261363,0.4800449599585106,0.9760910000196985,9,0.4148478580446333,0.46063219078779366,0.7306842004955213,zz_bytype_r3,quantum,0.04998316799369026,0.23251528091823084,0.37727373430911926,0.0,0.0,1.0,0.7961013672734357,0.9988948773724078,0.23893810553542671,0.13760525670557575,2.0,0.10000000000000003,0.4481980194165329,0.4871295440179531,257.5
A1,eAT,1,molecule,zz,0.1,bytype,1.0,free,3,bytype,eig,0,"[0.000,3.142]",none,1,1,Z,ridge,1,1,adam,adjoint,100,42,11,103,25,24,0,1.0,1,530,160,0.7915778195022859,0.1240455387389058,0.8432933115572883,7.040473006006551,2.90471645156135,0.01078681657493167,0.20330527859175368,0.5681617664567262,0.9664562442919681,223.03,0.3833159345655718,0.9943500068528522,28,0.28954081341457016,0.35127933529931094,0.587482663292099,0.3833159345655718,0.9943500068528522,28,0.28954081341457016,0.35127933529931094,0.587482663292099,0.3783917343511141,0.9944514175420727,28,0.2908200306300911,0.35045377727049437,0.5941431628295644,zz_bytype_r3,quantum,0.009530795283655054,0.1433950759437007,0.5681617664567262,0.0,0.0,0.9994074951858983,0.9758082691705147,1.0004406518711326,0.10874942783240049,0.05529417995766116,2.0,0.1,0.4659469325140672,0.4363271102454167,225.6
A1,eAT,1,molecule,zz,0.1,bytype,1.0,free,3,bytype,eig,0,"[0.000,3.142]",none,1,1,Z,ridge,1,1,adam,adjoint,100,43,11,103,25,24,0,1.0,1,520,170,0.7427725943698706,0.10118634604603308,0.8637721062771921,6.036311540490296,2.197675803759977,0.014268586248188303,0.08943923568094983,0.40047938023209834,0.9719785663420953,217.04,0.35542919150307173,0.9941678649537352,27,0.2517276285212306,0.3503328459727207,0.7103442098836836,0.35542919150307173,0.9941678649537352,27,0.2517276285212306,0.3503328459727207,0.7103442098836836,0.3389806593456265,0.9945942956683015,27,0.2374741362916577,0.332127216334897,0.705692998521946,zz_bytype_r3,quantum,0.05241268965726328,0.27680733888933623,0.40047938023209834,0.0,0.0,1.0,0.8268745082518306,0.9969529005661963,0.08118984094709832,0.045770711230792106,2.0,0.1,0.42300428555976693,0.21143813132415235,220.0
A1,eAT,1,molecule,zz,0.1,bytype,1.0,free,3,bytype,eig,0,"[0.000,3.142]",none,1,1,Z,ridge,1,1,adam,adjoint,100,44,11,103,25,24,0,1.0,1,523,167,0.8645579816352463,0.12494483679331132,0.8554812523308296,5.924749328018569,2.1630550069483094,0.17693390256477773,0.18005114086948462,0.41361351034729005,0.9719349387373429,221.16,0.3008211854297758,0.9955623820250318,27,0.21402248448683006,0.30220728561875304,0.7119002247105151,0.3008211854297758,0.9955623820250318,27,0.21402248448683006,0.30220728561875304,0.7119002247105151,0.2964633702159189,0.995677802954328,27,0.2016059725441664,0.29384232014522055,0.7188070283526881,zz_bytype_r3,quantum,0.03598126749487285,0.16660588154185366,0.41361351034729005,0.0,0.0,1.0,0.9263992197038118,0.9999804808900922,0.1093612401404537,0.05754259896784847,2.0,0.1,0.45051388682435206,0.3996572494990009,223.9
A1,eAT,1,molecule,zz,0.1,bytype,1.0,free,3,bytype,eig,0,"[0.000,3.142]",none,1,1,Z,ridge,1,1,adam,adjoint,100,45,11,103,25,24,0,1.0,1,516,174,0.831198220164791,0.11565175890232683,0.8608613973218109,5.675745130694279,2.1181877696524167,0.013543104192070072,0.19231653289458286,0.38159735821714086,0.9699092661525454,216.88,0.3304526840374429,0.9949477792817639,30,0.2298277440537186,0.3266446813209479,0.4730753181037811,0.3304526840374429,0.9949477792817639,30,0.2298277440537186,0.3266446813209479,0.4730753181037811,0.31409479473503393,0.9956011605309013,30,0.2308577029027596,0.31703342554294617,0.47943830995064385,zz_bytype_r3,quantum,0.008620880653158467,0.16741163930113456,0.38159735821714086,0.0,0.0,1.0,0.9554174140902356,0.9995401060542868,0.06578435776362655,0.03392449091027348,2.0,0.1,0.3751641071804499,0.5126197554977604,219.8
A1,eAT,1,molecule,zz,0.1,bytype,1.0,free,3,bytype,eig,0,"[0.000,3.142]",none,1,1,Z,ridge,1,1,adam,adjoint,100,46,11,103,25,24,0,1.0,1,503,187,0.7999876225362139,0.1012699560168885,0.873410596409191,6.757273536392675,2.307710807095394,0.021980935930198082,0.13181195353112288,0.477427939275173,0.9737324512422088,208.76,0.3173641323502739,0.9909137767432946,26,0.24898463475445,0.31764604686366765,0.768015561436614,0.3173641323502739,0.9909137767432946,26,0.24898463475445,0.31764604686366765,0.768015561436614,0.3139269296766761,0.9910719230066227,26,0.2487543294058099,0.31537125921429393,0.7688623754413229,zz_bytype_r3,quantum,0.08203221607747525,0.2524368768347522,0.477427939275173,0.0,0.0,1.0,0.783261981956777,0.9976824943749159,0.09629162112438389,0.05595039376480875,2.0,0.1,0.5337593031467606,0.24695017539540956,211.7
A1,eAT,1,molecule,zz,0.1,bytype,1.0,free,3,bytype,eig,0,"[0.000,3.142]",none,1,1,Z,ridge,1,1,adam,adjoint,100,47,11,103,25,24,0,1.0,1,505,185,0.7017960056105332,0.10389353855635185,0.8519604874838682,7.6187483451006655,2.6268841613501026,0.05815272166714568,0.017920266023358198,0.34559892230329087,0.9719921344234639,209.0,0.38016867299806417,0.9892089969603884,26,0.27557523143187795,0.3632844541164245,0.6894753001958014,0.38016867299806417,0.9892089969603884,26,0.27557523143187795,0.3632844541164245,0.6894753001958014,0.33602440205546724,0.992524783191718,26,0.263497503810501,0.3341702232702644,0.7520920777795126,zz_bytype_r3,quantum,0.06034957946418532,0.16361405677299967,0.34559892230329087,0.0,0.0,1.0,1.0335900152062403,1.0001766746062335,0.07956090981749453,0.03886495266081281,2.0,0.1,0.40724415999732605,0.04400373973062809,212.0
A1,eAT,1,molecule,zz,0.1,bytype,1.0,free,3,bytype,eig,0,"[0.000,3.142]",none,1,1,Z,ridge,1,1,adam,adjoint,100,48,11,103,25,24,0,1.0,1,528,162,0.8523719935698189,0.10916661731685148,0.8719260860981004,7.927369636786919,2.787670721819336,0.017384144597033174,0.17420897590901152,0.47510262895224314,0.9719093156617343,232.64,0.3151459508257895,0.994610603700449,27,0.2595572085795857,0.31815216427876936,0.7273925759881169,0.3151459508257895,0.994610603700449,27,0.2595572085795857,0.31815216427876936,0.7273925759881169,0.29768672670475743,0.9954280721023157,27,0.2462175267293737,0.2988692501477061,0.7594275900624017,zz_bytype_r3,quantum,0.05027476386865399,0.22459944668298357,0.47510262895224314,0.0,0.0,1.0,1.083546408813865,0.9999376100839416,0.1405824264836308,0.06633627248153831,2.0,0.1,0.5117234944774961,0.34043575835179196,235.4
A1,eAT,1,molecule,zz,0.1,bytype,1.0,free,3,bytype,eig,0,"[0.000,3.142]",none,1,1,Z,ridge,1,1,adam,adjoint,100,49,11,103,25,24,0,1.0,1,527,163,0.7303923595746079,0.09632097088492868,0.8681243449191781,6.946904902580716,2.4450538687540724,0.27600346720947294,0.14532014211495897,0.37705652241511106,0.9705662028580925,234.89,0.36955392722436936,0.9929163763447988,28,0.2969418241484599,0.3480147638511609,0.6386702493799342,0.36955392722436936,0.9929163763447988,28,0.2969418241484599,0.3480147638511609,0.6386702493799342,0.3575123188810798,0.9935517017464244,28,0.2919338134697342,0.3402989681663699,0.6286031352859746,zz_bytype_r3,quantum,0.0454435694658008,0.201141392832528,0.37705652241511106,0.0,0.0,1.0,0.9392661050178085,0.9989317412663816,0.07666828869812549,0.03998236670223953,2.0,0.1,0.42235725433631155,0.3440692461721205,237.8
A1,eAT,1,molecule,zz,0.1,bytype,1.0,free,3,bytype,eig,0,"[0.000,3.142]",none,1,1,Z,ridge,1,1,adam,adjoint,100,50,11,103,25,24,0,1.0,1,519,171,0.7334348332577076,0.11714714695986836,0.8402759977467469,6.24396273337754,2.0454000939195542,0.022443115367500727,0.19821591893759244,0.429490581627646,0.9712997907825527,231.26,0.36268872032129773,0.9894100753955963,26,0.23199045113359823,0.3186353943526647,0.8055535850703918,0.36268872032129773,0.9894100753955963,26,0.23199045113359823,0.3186353943526647,0.8055535850703918,0.34849569775242645,0.9921585708543341,26,0.23264946543078058,0.31899129674559246,0.7912060278656917,zz_bytype_r3,quantum,0.03073648023466319,0.1396896156121389,0.429490581627646,0.0,0.0,1.0,0.8188055564938537,0.997835111177704,0.05378142253548241,0.030489285859182053,2.0,0.1,0.4352700864748371,0.45538603523784554,234.3
A1,eAT,1,molecule,zz,0.1,bytype,1.0,free,3,bytype,eig,0,"[0.000,3.142]",none,1,1,Z,ridge,1,1,adam,adjoint,100,51,11,102,24,23,0,1.0,1,514,176,0.6884479446373571,0.11402100912025208,0.8343796215699169,7.288340541403894,2.4117685609781137,0.013272810273057092,0.0734162069102477,0.43140520240568475,0.97164210268248,229.21,0.3365253920966772,0.9932214278383537,20,0.28147125697631104,0.32646466057384055,0.6632456163215068,0.3365253920966772,0.9932214278383537,20,0.28147125697631104,0.32646466057384055,0.6632456163215068,0.328832469386073,0.9937079486304539,20,0.2747090520665413,0.32103328536705034,0.6588232077567618,zz_bytype_r3,quantum,0.05648266490212162,0.13787696265870422,0.43140520240568475,0.0,0.0,1.0,0.8843656568895921,0.9989257825827587,0.09874942770120018,0.053495099237913284,2.0,0.1,0.40845354895082564,0.17974187541950207,232.2
B1,eAT,1,molecule,zz,0.1,bytype,1.0,free,3,bytype,eig,0,"[0.000,3.142]",none,1,1,Z,ridge,1,1,adam,adjoint,100,42,13,107,15,14,0,1.0,1,536,196,0.8673265443053487,0.1310789200961394,0.8488701620436142,7.276770066586408,2.979016507012414,0.020112554597402008,0.2400961535327227,0.47847410808794294,0.9873854623242264,367.89,0.2689599105868405,0.9969149016118986,23,0.2124675007673672,0.2695201628677203,0.7266170963674492,0.2689599105868405,0.9969149016118986,23,0.2124675007673672,0.2695201628677203,0.7266170963674492,0.26142048756443675,0.9971547613638155,23,0.20120755988416542,0.26163944287246327,0.7462792519731757,zz_bytype_r3,quantum,0.003592452437415387,0.11672563774402415,0.47847410808794294,0.0,0.0,1.0,0.795594165250282,0.998709856521932,0.07514676146496663,0.0432924895506853,2.0,0.10000000000000003,0.5107828734638311,0.4700552152506943,372.1
B1,eAT,1,molecule,zz,0.1,bytype,1.0,free,3,bytype,eig,0,"[0.000,3.142]",none,1,1,Z,ridge,1,1,adam,adjoint,100,43,13,107,15,14,0,1.0,1,551,181,0.8175240626672773,0.12343510188110839,0.8490134938922953,6.831679202297273,2.3875742574438386,0.01638317018277309,0.2725729124279452,0.48784933953288007,0.9865612484816771,375.01,0.23511872976509088,0.9979583688078537,21,0.18826770130527795,0.22235126901015834,0.626210940059647,0.23511872976509088,0.9979583688078537,21,0.18826770130527795,0.22235126901015834,0.626210940059647,0.22494912772068595,0.9981162162685798,21,0.18579366572135436,0.21419808009812702,0.6088305379997868,zz_bytype_r3,quantum,0.015393314585289265,0.1159146941351064,0.48784933953288007,0.0,0.0,1.0,0.9130669341616215,0.9994940712196333,0.06119713714727822,0.03249904286870194,2.0,0.10000000000000003,0.558216797342561,0.4882922078397253,378.7
B1,eAT,1,molecule,zz,0.1,bytype,1.0,free,3,bytype,eig,0,"[0.000,3.142]",none,1,1,Z,ridge,1,1,adam,adjoint,100,44,13,107,15,14,0,1.0,1,545,187,0.7993403854555488,0.11728256163096994,0.8532758212083456,8.721175343287436,3.106927597047957,0.022573371846029533,0.16198125050299803,0.47201588516757215,0.9868216815172356,374.33,0.22381407394363037,0.997555428766816,22,0.19155384057479205,0.221771430314211,0.6887407886231414,0.22381407394363037,0.997555428766816,22,0.19155384057479205,0.221771430314211,0.6887407886231414,0.22798502250106595,0.9974889749416032,22,0.19205728984921616,0.22187424453849247,0.6788757964724351,zz_bytype_r3,quantum,0.027395703249080167,0.16461487695648333,0.47201588516757215,0.0,0.0,1.0,1.0675119033864433,1.0011338006335224,0.19779805077100185,0.09437759449684212,2.0,0.10000000000000003,0.5619533929503767,0.2882467701678413,378.2
B1,eAT,1,molecule,zz,0.1,bytype,1.0,free,3,bytype,eig,0,"[0.000,3.142]",none,1,1,Z,ridge,1,1,adam,adjoint,100,45,13,107,15,14,0,1.0,1,535,197,0.7560868366746908,0.12622691567900848,0.8330523564804263,6.992485414525661,2.553651466735577,0.03995105674861708,0.18924331488176602,0.3654855251456765,0.9848091300618863,369.14,0.2584191449555792,0.9968191277667665,21,0.19331646466282554,0.23736730388540944,0.7884966613799785,0.2584191449555792,0.9968191277667665,21,0.19331646466282554,0.23736730388540944,0.7884966613799785,0.24975134211354771,0.9970458210946431,21,0.1878337190272614,0.23047790096060738,0.7475321089496596,zz_bytype_r3,quantum,0.01253857332800666,0.0894292428528113,0.3654855251456765,0.0,0.0,1.0,1.0429451558147864,1.0004701103602172,0.054886135045006446,0.026638199927937287,2.0,0.10000000000000003,0.3820047001953949,0.49539525242657484,373.3
B1,eAT,1,molecule,zz,0.1,bytype,1.0,free,3,bytype,eig,0,"[0.000,3.142]",none,1,1,Z,ridge,1,1,adam,adjoint,100,46,13,106,14,13,0,1.0,1,548,184,0.8132791545586309,0.1304065743373673,0.8396533667358789,6.509292572806306,2.1592261607376178,0.01355431349131485,0.07766301639965166,0.45393601568546577,0.9868601349371228,376.17,0.31523878781826686,0.9933518913034967,22,0.24089079897776192,0.28583397060268256,0.6504800325233762,0.31523878781826686,0.9933518913034967,22,0.24089079897776192,0.28583397060268256,0.6504800325233762,0.30459334252326464,0.9940921898591696,22,0.24307214264067556,0.2819214219831637,0.6410043230476666,zz_bytype_r3,quantum,0.00174439257215124,0.0871858650543655,0.45393601568546577,0.0,0.0,1.0,0.9657959262740248,0.9992244226919715,0.04225679138588099,0.021635302606026956,2.0,0.10000000000000003,0.3832152161147767,0.2026616197208779,380.1
B1,eAT,1,molecule,zz,0.1,bytype,1.0,free,3,bytype,eig,0,"[0.000,3.142]",none,1,1,Z,ridge,1,1,adam,adjoint,100,47,13,107,15,14,0,1.0,1,565,167,0.7809275748245615,0.09798311787835047,0.8745298270452766,7.068927302705272,2.4711455564376643,0.018267793373451507,0.19060398899903577,0.5006284745424104,0.9859213139726059,389.05,0.24261355698372242,0.9974408838285075,19,0.17447062631542962,0.21890720085961074,0.7095076601539653,0.24261355698372242,0.9974408838285075,19,0.17447062631542962,0.21890720085961074,0.7095076601539653,0.22985796951292842,0.9978708865815396,19,0.17029742018819113,0.20979770568314046,0.7170830897811263,zz_bytype_r3,quantum,0.010038410704210332,0.10601637290077648,0.5006284745424104,0.0,0.0,0.9997528423133959,1.283918717961625,1.002064805422659,0.024650928702753483,0.010123606115633989,2.0,0.10000000000000003,0.49904517120420266,0.38193734755283004,392.6
B1,eAT,1,molecule,zz,0.1,bytype,1.0,free,3,bytype,eig,0,"[0.000,3.142]",none,1,1,Z,ridge,1,1,adam,adjoint,100,48,13,107,15,14,0,1.0,1,541,191,0.7560672950695579,0.13061833921854787,0.827239797210735,6.195484656080071,2.1165678786947257,0.020308008178123033,0.2922935318542468,0.7203815956971269,0.9863800547677769,368.57,0.32530069390540756,0.9841594121383577,16,0.1909373800809281,0.21936091308826053,0.7476942040809574,0.32530069390540756,0.9841594121383577,16,0.1909373800809281,0.21936091308826053,0.7476942040809574,0.31290247128797133,0.9852301506314044,16,0.18521869985465053,0.21464889968575288,0.7570019375459943,zz_bytype_r3,quantum,0.00028300412620616065,0.11517043396879427,0.7203815956971269,0.0,0.0,0.9976520019772614,0.8328822094639807,0.9998758933373557,0.0819521287270021,0.04600846151486082,2.0,0.10000000000000003,0.6235960342765422,0.4687225636273254,372.5
B1,eAT,1,molecule,zz,0.1,bytype,1.0,free,3,bytype,eig,0,"[0.000,3.142]",none,1,1,Z,ridge,1,1,adam,adjoint,100,49,13,107,15,14,0,1.0,1,556,176,0.8406420269918559,0.11649570356516249,0.8614205573542053,6.47090956583231,2.218095212205565,0.026065333062123924,0.17861346061268907,0.5171916375014239,0.9862689158955568,376.2,0.2801690593640767,0.9967074928995935,21,0.23570657706629303,0.27785682824830266,0.673855242809069,0.2801690593640767,0.9967074928995935,21,0.23570657706629303,0.27785682824830266,0.673855242809069,0.25664575041240617,0.9972695950204566,21,0.2078021352452393,0.2554993668634436,0.6861791743935753,zz_bytype_r3,quantum,0.0032497283384343347,0.1339317884445414,0.5171916375014239,0.0,0.0,0.9995056846267919,0.9978997269349595,0.9999300407825633,0.08548703717600796,0.04280578984818572,2.0,0.10000000000000003,0.5419644862582037,0.32956672464950765,379.8
B1,eAT,1,molecule,zz,0.1,bytype,1.0,free,3,bytype,eig,0,"[0.000,3.142]",none,1,1,Z,ridge,1,1,adam,adjoint,100,50,13,107,15,14,0,1.0,1,549,183,0.763384276916441,0.13107458574081624,0.8282980279993853,6.961757224630317,2.272377936726713,0.019802373619365155,0.16195943561430678,0.432152572210273,0.9857054546096161,371.23,0.35252017450343587,0.9821865539381304,24,0.18042711894176594,0.2847954969973222,0.5722190723742155,0.35252017450343587,0.9821865539381304,24,0.18042711894176594,0.2847954969973222,0.5722190723742155,0.31787618193590456,0.9908038044022481,24,0.17204749145707077,0.27111201519632416,0.6006066941677074,zz_bytype_r3,quantum,0.005918579152865341,0.09133426367682941,0.432152572210273,0.0,0.0,1.0,0.7365967108105792,0.9978140356877969,0.08395740150450472,0.05038732281338476,2.0,0.10000000000000003,0.43440009158161536,0.37283471793106,375.0
B1,eAT,1,molecule,zz,0.1,bytype,1.0,free,3,bytype,eig,0,"[0.000,3.142]",none,1,1,Z,ridge,1,1,adam,adjoint,100,51,13,106,14,13,0,1.0,1,537,195,0.6974673421118804,0.10147198449921553,0.8545136404638448,6.001784116402951,1.7940661192449876,0.013679415549771397,0.24328704871637288,0.44116081297726145,0.987356584481002,367.09,0.3771517485434674,0.9732169340922742,25,0.24322362743426884,0.29071215545741846,0.6622880518273921,0.3771517485434674,0.9732169340922742,25,0.24322362743426884,0.29071215545741846,0.6622880518273921,0.32385686435298866,0.9895980876286685,25,0.23434681174659872,0.27983822194605035,0.6631941069621223,zz_bytype_r3,quantum,0.01616310667813164,0.10748030196563989,0.44116081297726145,0.0,0.0,1.0,0.9491508928014082,0.9996435995707879,0.06859445187028855,0.03552761884606775,2.0,0.10000000000000003,0.37501756529542973,0.6487350759803846,371.1
B2,eAT,1,molecule,zz,0.1,bytype,1.0,free,3,bytype,eig,0,"[0.000,3.142]",none,1,1,Z,ridge,1,1,adam,adjoint,100,42,13,103,11,10,0,1.0,1,186,48,0.3163685860647564,0.0221379727265748,0.9300247442328441,8.937202904111656,3.744053283900736,0.027763049115350918,0.28703714728451396,1.0210078041950947,0.9247372722389396,139.55,0.37410325266458183,0.9808949808324261,5,0.3702062400271852,0.37075035669273176,0.6225506241776579,0.37410325266458183,0.9808949808324261,5,0.3702062400271852,0.37075035669273176,0.6225506241776579,0.35180406045291307,0.9814354812297659,5,0.35887562868855655,0.3493821749389926,0.6477726278727531,zz_bytype_r3,quantum,0.1111434913423701,0.22781345294774294,1.0210078041950947,0.0,0.0,0.9600739371534196,1.0591719832056588,1.0040275073367215,0.27297442116911125,0.13100244950751005,2.0,0.10000000000000002,1.00647113536338,0.2851916336186053,140.7
B2,eAT,1,molecule,zz,0.1,bytype,1.0,free,3,bytype,eig,0,"[0.000,3.142]",none,1,1,Z,ridge,1,1,adam,adjoint,100,43,13,103,11,10,0,1.0,1,169,65,0.28037675008796775,0.03803808827207644,0.8643322306141931,9.00655217139961,3.2100778310092712,0.034239989375228305,-0.1270236771139619,1.2263503103651614,0.9314588503605206,127.45,0.2966151258902318,0.9863334130030625,5,0.2668587033385269,0.2970568553679326,0.7084340363300494,0.2966151258902318,0.9863334130030625,5,0.2668587033385269,0.2970568553679326,0.7084340363300494,0.3002889584971915,0.9860416554662175,5,0.2713090561675845,0.3008660543411791,0.7376143866310892,zz_bytype_r3,quantum,0.09306355432865383,0.26606431521145035,1.2263503103651614,0.0,0.0,0.9600739371534196,1.0613171249530668,1.001456618189608,0.2547183631941535,0.12205960657384765,2.0,0.10000000000000002,1.161406193623493,-0.10937058697574094,129.0
B2,eAT,1,molecule,zz,0.1,bytype,1.0,free,3,bytype,eig,0,"[0.000,3.142]",none,1,1,Z,ridge,1,1,adam,adjoint,100,44,13,103,11,10,0,1.0,1,171,63,0.4195960492371376,0.04448701438609603,0.8939765651583771,8.387263628720431,3.0483913314948556,0.02389542279856956,0.5481265977444969,0.3650566236494561,0.9295818641443715,127.38,0.2372602117658722,0.9929755908474323,4,0.18791245184973407,0.22964626969635527,0.8146527624531149,0.2372602117658722,0.9929755908474323,4,0.18791245184973407,0.22964626969635527,0.8146527624531149,0.2229429845479823,0.9932331629923818,4,0.19370123646548143,0.21471204485528309,0.8171955312779309,zz_bytype_r3,quantum,0.2733666788839568,0.31168596930445497,0.3650566236494561,0.0,0.0,1.0,1.094889732506553,1.0008277766019238,0.18186080354666173,0.08514211892831655,2.0,0.10000000000000002,1.1295415999043124,0.485264639912766,129.0
B2,eAT,1,molecule,zz,0.1,bytype,1.0,free,3,bytype,eig,0,"[0.000,3.142]",none,1,1,Z,ridge,1,1,adam,adjoint,100,45,13,103,11,10,0,1.0,1,162,72,0.3514169913588076,0.054031898066472794,0.8462456301343023,7.426351161007279,2.7683467465773353,0.02480110101829477,0.09817997778769089,0.3332341483664303,0.9394922057911286,120.11,0.28351691477224034,0.9880578524945098,4,0.22995042552950445,0.2863148629811552,0.7946078500086847,0.28351691477224034,0.9880578524945098,4,0.22995042552950445,0.2863148629811552,0.7946078500086847,0.28598045899383906,0.9879000828157236,4,0.23343715043249658,0.2881705662497989,0.807041669045394,zz_bytype_r3,quantum,0.08756710153752821,0.28418303658349886,0.3332341483664303,0.0,0.0,1.0,1.3043871764503336,1.0058450118904487,0.2401795030932585,0.09724701419111247,2.0,0.10000000000000002,0.5180155978292431,0.18953092956842266,122.0
B2,eAT,1,molecule,zz,0.1,bytype,1.0,free,3,bytype,eig,0,"[0.000,3.142]",none,1,1,Z,ridge,1,1,adam,adjoint,100,46,13,103,11,10,0,1.0,1,166,68,0.2709556921554012,0.04134710961206408,0.8474026905168308,5.986387606019871,2.014168698226147,0.0047515127118511295,0.25120885847589813,0.2484560930840443,0.9355219237672779,123.25,0.2394032648191569,0.9889878683856497,5,0.20975293970867806,0.22109101775431333,0.8815771349862258,0.2394032648191569,0.9889878683856497,5,0.20975293970867806,0.22109101775431333,0.8815771349862258,0.23995236467426515,0.9894283422848377,5,0.21721004644374178,0.22275543375134726,0.8757329791420699,zz_bytype_r3,quantum,0.02718995660573072,0.21188406811373792,0.2484560930840443,0.0,0.0,1.0,1.4716916413131194,1.002738780971122,0.036108216442100584,0.013019152335826626,2.0,0.10000000000000002,0.4551038678706514,0.5519813743854939,124.9
B2,eAT,1,molecule,zz,0.1,bytype,1.0,free,3,bytype,eig,0,"[0.000,3.142]",none,1,1,Z,ridge,1,1,adam,adjoint,100,47,13,103,11,10,0,1.0,1,168,66,0.28904073713598644,0.040281049918487695,0.860638848635594,5.790709285240057,2.0644598112832777,0.3093740437926575,0.04039531374789176,0.2876265674006707,0.9373206415645479,123.48,0.28252343210820435,0.9890724598787773,6,0.25244893603699947,0.2774006105087535,0.8688811188811189,0.28252343210820435,0.9890724598787773,6,0.25244893603699947,0.2774006105087535,0.8688811188811189,0.2800408690536008,0.9891489661553993,6,0.24989186910975794,0.2752203653701517,0.8688811188811189,zz_bytype_r3,quantum,0.09112997869971033,0.24528876085091308,0.2876265674006707,0.0,0.0,1.0,0.6813361150601932,0.9980544308832631,0.22095974099204646,0.137787729693245,2.0,0.10000000000000002,0.5797728243971092,0.0696743828754555,125.0
B2,eAT,1,molecule,zz,0.1,bytype,1.0,free,3,bytype,eig,0,"[0.000,3.142]",none,1,1,Z,ridge,1,1,adam,adjoint,100,48,13,102,10,9,0,1.0,1,177,57,0.22530859769169498,0.04175323029464678,0.8146842565156766,6.945469306264362,2.4318302436185246,0.013914866730682042,0.594667713714108,0.8564230652463914,0.933223180756244,131.56,0.30294257086773163,0.9829409266039049,5,0.28532184281543804,0.3033321938333979,0.6737592121028262,0.30294257086773163,0.9829409266039049,5,0.28532184281543804,0.3033321938333979,0.6737592121028262,0.29816631466251753,0.9835443829113145,5,0.2845528142481581,0.2986762412237141,0.6481934319430527,zz_bytype_r3,quantum,0.07034288598344786,0.17598469594075924,0.8564230652463914,0.0,0.0,0.9600739371534196,1.3862238632445576,0.9999772683764137,0.2479778662701425,0.09486760906266219,2.0,0.10000000000000002,0.8805443175961468,0.6753410382987348,132.8
B2,eAT,1,molecule,zz,0.1,bytype,1.0,free,3,bytype,eig,0,"[0.000,3.142]",none,1,1,Z,ridge,1,1,adam,adjoint,100,49,13,103,11,10,0,1.0,1,171,63,0.30181518699475945,0.037058522938595136,0.8772145188994794,5.2372778479976745,1.8301337073181185,0.006656867441116418,0.35612641989242555,0.27937604017344164,0.9095175273987626,126.57,0.27093058733824094,0.9927338897013926,6,0.22005629799148804,0.2579806117211179,0.6442235013663586,0.27093058733824094,0.9927338897013926,6,0.22005629799148804,0.2579806117211179,0.6442235013663586,0.2715927977700533,0.9925754905484314,6,0.21272330923358015,0.2554454746688112,0.6363683935112506,zz_bytype_r3,quantum,0.11787793502949434,0.23825268759028626,0.27937604017344164,0.0,0.0,1.0,1.0966727556317006,0.9962891151623391,0.06729622689464464,0.03146728839309933,2.0,0.10000000000000002,0.5695960185567405,0.6252263153001332,127.9
B2,eAT,1,molecule,zz,0.1,bytype,1.0,free,3,bytype,eig,0,"[0.000,3.142]",none,1,1,Z,ridge,1,1,adam,adjoint,100,50,13,102,10,9,0,1.0,1,173,61,0.38309524876510503,0.04574259265928029,0.8805973375897247,5.544326280267424,1.852695096704452,0.015582665516570051,0.07454160082183114,0.4404447642570217,0.9422382626055539,126.92,0.23494200296243523,0.9927782672082566,5,0.20590982586972378,0.23429379386582608,0.8181684981684981,0.23494200296243523,0.9927782672082566,5,0.20590982586972378,0.23429379386582608,0.8181684981684981,0.23832008684088496,0.9925142443728511,5,0.20139916554787346,0.24162051438924667,0.8179304029304028,zz_bytype_r3,quantum,0.09605377408450268,0.37561255701870006,0.4404447642570217,0.0,0.0,1.0,1.0927103875500548,0.9998898623254421,0.04787770671462062,0.022448883017610447,2.0,0.10000000000000002,0.5970543643500502,0.12484893382004142,128.2
B2,eAT,1,molecule,zz,0.1,bytype,1.0,free,3,bytype,eig,0,"[0.000,3.142]",none,1,1,Z,ridge,1,1,adam,adjoint,100,51,13,103,11,10,0,1.0,1,182,52,0.1774229085937926,0.034607209165414196,0.8049450917037612,7.8724464774458855,2.3835316686153214,0.08284578876485882,0.1086171333449549,0.8269692658757627,0.9149241125955874,134.76,0.2810740436691039,0.9927527528563097,5,0.2565628745209675,0.28092005728691516,0.8496363636363636,0.2810740436691039,0.9927527528563097,5,0.2565628745209675,0.28092005728691516,0.8496363636363636,0.2736997781864939,0.9928724963496937,5,0.25274421283606413,0.27483279040481234,0.8526363636363636,zz_bytype_r3,quantum,0.11328963268013946,0.2126241589645735,0.8269692658757627,0.0,0.0,0.9600739371534196,1.2423060337888623,0.9938409604331288,0.23668755347055107,0.10004699312556702,2.0,0.10000000000000002,1.0373628899513536,0.10470505008132037,135.9
B4,eAT,1,molecule,zz,0.1,bytype,1.0,free,3,bytype,eig,0,"[0.000,3.142]",none,1,1,Z,ridge,1,1,adam,adjoint,100,42,13,115,23,22,0,1.0,1,617,221,0.6051355288094104,0.07607233357086808,0.8742887668147026,7.9725211337539825,3.145028219558875,0.009777884287316817,0.12972214080347214,0.425128735300559,0.8285592892788034,417.34,0.36205443916769164,0.9647505703291761,8,0.32282624718912695,0.35839757491763946,0.8668477082553736,0.36205443916769164,0.9647505703291761,8,0.32282624718912695,0.35839757491763946,0.8668477082553736,0.36276976240700004,0.9654626735253966,8,0.3184312937498785,0.3590532386448077,0.8661927550887635,zz_bytype_r3,quantum,0.10308843669040291,0.24163160643236717,0.425128735300559,0.0,0.0,1.0,1.2132650665228166,1.0014896252929542,0.10753517850408664,0.046379000242321826,2.0,0.10000000000000002,0.5426591591128271,0.23904902114882937,421.9
B4,eAT,1,molecule,zz,0.1,bytype,1.0,free,3,bytype,eig,0,"[0.000,3.142]",none,1,1,Z,ridge,1,1,adam,adjoint,100,43,13,114,22,21,0,1.0,1,637,201,0.5427797294272972,0.08774794635239484,0.8383359923094765,6.773816511237006,2.3015997539077833,0.02289862603207738,0.21533821763489874,0.665462093473665,0.8145570762572534,429.12,0.43053489518252447,0.9651121194371014,10,0.3899700681472638,0.4222524071352374,0.7730908869966621,0.43053489518252447,0.9651121194371014,10,0.3899700681472638,0.4222524071352374,0.7730908869966621,0.41904711903735575,0.9668444194595328,10,0.3717929139646056,0.4116671179178187,0.7693519737592686,zz_bytype_r3,quantum,0.06507976946106743,0.20351971629747326,0.665462093473665,0.0,0.0,0.9698727735368957,1.3298522686993108,1.0010746154658787,0.158594331242131,0.06309024839122368,2.0,0.10000000000000002,0.55060498183316,0.3910938417552697,433.2
B4,eAT,1,molecule,zz,0.1,bytype,1.0,free,3,bytype,eig,0,"[0.000,3.142]",none,1,1,Z,ridge,1,1,adam,adjoint,100,44,13,115,23,22,0,1.0,1,638,200,0.545994023888297,0.07338318072298447,0.8655970990297915,8.677780818829627,2.993066521584894,0.009772352214142922,0.03937763015979739,1.0466354017410917,0.8403390802079029,425.45,0.3433652647353269,0.9662138855657613,9,0.32612566233418044,0.3417511490729852,0.8631330162026728,0.3433652647353269,0.9662138855657613,9,0.32612566233418044,0.3417511490729852,0.8631330162026728,0.35103462404648317,0.9651625039650369,9,0.3348734375693632,0.34860698206155083,0.8498536546766731,zz_bytype_r3,quantum,0.03126569194724345,0.27109673184535027,1.0466354017410917,0.0,0.0,0.9698727735368957,1.0206702109770474,0.9920449583805288,0.10496213205247942,0.05173450458347431,2.0,0.10000000000000002,0.7319277695873605,0.05379988544767741,429.5
B4,eAT,1,molecule,zz,0.1,bytype,1.0,free,3,bytype,eig,0,"[0.000,3.142]",none,1,1,Z,ridge,1,1,adam,adjoint,100,45,13,115,23,22,0,1.0,1,615,223,0.5065650864392671,0.07291944869021481,0.856051175569998,6.677955439926302,2.3592722661915286,0.013673857047270744,0.22582271147921854,0.48592078115101284,0.8054176365325658,411.91,0.3864891328282028,0.9746224330803699,10,0.3371018448020306,0.3864842534307228,0.8180566965827242,0.3864891328282028,0.9746224330803699,10,0.3371018448020306,0.3864842534307228,0.8180566965827242,0.3781213687865521,0.975438906495464,10,0.33430649604294976,0.3769070693506078,0.8091437508211103,zz_bytype_r3,quantum,0.04147156813299444,0.19340387503180997,0.48592078115101284,0.0,0.0,1.0,1.405413297893084,1.0049577353935062,0.11222759204123404,0.04236703639130673,2.0,0.10000000000000002,0.4548467257449704,0.4964808993823997,416.5
B4,eAT,1,molecule,zz,0.1,bytype,1.0,free,3,bytype,eig,0,"[0.000,3.142]",none,1,1,Z,ridge,1,1,adam,adjoint,100,46,13,113,21,20,0,1.0,1,637,201,0.49160627041947585,0.07719564459764296,0.8429726200770918,7.849956093997651,2.533279089602634,0.007054721802925779,0.2903789390436228,0.39657308958851917,0.8249332317337389,424.92,0.32787430418222935,0.9727604991759263,9,0.31512446304378106,0.32978627257053705,0.891283293083553,0.32787430418222935,0.9727604991759263,9,0.31512446304378106,0.32978627257053705,0.891283293083553,0.323340481696718,0.971380816369819,9,0.3155392329262545,0.3237822196407457,0.8798758597129511,zz_bytype_r3,quantum,0.04861028530642744,0.18871044530547165,0.39657308958851917,0.0,0.0,1.0,1.2067410962232068,1.0028749350987332,0.14075101410794671,0.060979837912364124,2.0,0.10000000000000002,0.48708906139089586,0.596151632340406,429.0
B4,eAT,1,molecule,zz,0.1,bytype,1.0,free,3,bytype,eig,0,"[0.000,3.142]",none,1,1,Z,ridge,1,1,adam,adjoint,100,47,13,115,23,22,0,1.0,1,642,196,0.5935860273345155,0.090615774339162,0.8473418002339609,5.998038262034689,2.031255761631268,0.007166471016717212,0.18011728836519134,0.41204700320290844,0.8330158837111028,428.47,0.37900219117160017,0.972426441251224,10,0.36499174745852353,0.37898687122212754,0.8836488391625998,0.37900219117160017,0.972426441251224,10,0.36499174745852353,0.37898687122212754,0.8836488391625998,0.35946198397692625,0.9749163804510873,10,0.34617252711388846,0.3600790022410275,0.8884274881179502,zz_bytype_r3,quantum,0.06610235003308003,0.2410618405560986,0.41204700320290844,0.0,0.0,1.0,1.1343895695220547,1.0013027430682888,0.11245341176417918,0.05122563480086103,2.0,0.10000000000000002,0.48392720008302503,0.37219914138764604,432.4
B4,eAT,1,molecule,zz,0.1,bytype,1.0,free,3,bytype,eig,0,"[0.000,3.142]",none,1,1,Z,ridge,1,1,adam,adjoint,100,48,13,112,20,19,0,1.0,1,609,229,0.49104036254341443,0.08647885174743433,0.823886469740482,5.832095252594817,1.9524582354374207,0.11296475321748221,0.20877238917148241,0.20255388954784379,0.8086605045951484,405.26,0.4157094931842923,0.9689904047482543,13,0.3728037380440933,0.4132128324220568,0.7676783184736394,0.4157094931842923,0.9689904047482543,13,0.3728037380440933,0.4132128324220568,0.7676783184736394,0.41406732362775034,0.969602886414381,13,0.37296737500604205,0.41136448865957864,0.7653959342872982,zz_bytype_r3,quantum,0.07711388039594502,0.13583327609271953,0.20255388954784379,0.0,0.0,1.0,1.1148957781954931,1.0013820641635296,0.06677388223200553,0.030831138029214798,2.0,0.10000000000000002,0.37939712329745273,0.5502740436108333,410.0
B4,eAT,1,molecule,zz,0.1,bytype,1.0,free,3,bytype,eig,0,"[0.000,3.142]",none,1,1,Z,ridge,1,1,adam,adjoint,100,49,13,114,22,21,0,1.0,1,613,225,0.5947850321734993,0.1045998630476487,0.8241383737156035,8.593847804787579,2.865503788922514,0.263101946606643,0.04205657098713675,0.4567566737603212,0.8474852356148728,409.36,0.3816266856286936,0.9474375986624106,10,0.35214110829019424,0.37220276660378776,0.828185361013527,0.3816266856286936,0.9474375986624106,10,0.35214110829019424,0.37220276660378776,0.828185361013527,0.3724843968489461,0.9504565453425865,10,0.3469771085250714,0.3617718659890141,0.8318622615842846,zz_bytype_r3,quantum,0.12542164590198615,0.2103572898213747,0.4567566737603212,0.0,0.0,1.0,1.025180941708188,1.0005652155881446,0.06861047776426216,0.0337116670547324,2.0,0.10000000000000002,0.6476951294692568,0.06493266519013313,414.0
B4,eAT,1,molecule,zz,0.1,bytype,1.0,free,3,bytype,eig,0,"[0.000,3.142]",none,1,1,Z,ridge,1,1,adam,adjoint,100,50,13,114,22,21,0,1.0,1,618,220,0.6086880802417137,0.09851064235239308,0.8381590743270776,8.389802069794293,2.6673351162842946,0.033081109350622785,0.16813418564686755,0.676315880759677,0.8456882434825623,409.65,0.41592173591034187,0.958948822553123,9,0.30899370960433253,0.41336768786870043,0.8633168269877396,0.41592173591034187,0.958948822553123,9,0.30899370960433253,0.41336768786870043,0.8633168269877396,0.39675372221969035,0.9641758586796815,9,0.29860158540480736,0.3930883224355518,0.8713496965485165,zz_bytype_r3,quantum,0.061879412053073714,0.23881478511035134,0.676315880759677,0.0,0.0,0.9698727735368957,0.6198231203519052,0.9977438023357496,0.08346565280725642,0.054315332593632505,2.0,0.10000000000000002,0.5933288425694816,0.28337436777658315,414.3
B4,eAT,1,molecule,zz,0.1,bytype,1.0,free,3,bytype,eig,0,"[0.000,3.142]",none,1,1,Z,ridge,1,1,adam,adjoint,100,51,13,113,21,20,0,1.0,1,645,193,0.5127509157766762,0.08456241662856193,0.8350809057055059,8.274794496166717,2.4128672090108854,0.14653097677757707,0.09991131578964921,0.31583755171615385,0.7931696764357611,429.47,0.37559122641675663,0.9802794269054528,11,0.34873321905261284,0.35903429833203887,0.7999969140261693,0.37559122641675663,0.9802794269054528,11,0.34873321905261284,0.35903429833203887,0.7999969140261693,0.353634608525853,0.9828448549373512,11,0.3227003493354607,0.3400634484806648,0.8032247522939013,zz_bytype_r3,quantum,0.08734593336169312,0.19869488982115116,0.31583755171615385,0.0,0.0,1.0,1.1383056317331148,0.9994865263951322,0.09387061998928804,0.042644747460029,2.0,0.10000000000000002,0.5100606300241617,0.19588125393019076,433.3
