Arm,Factor,MAE,Delta (%),Seeds worse,p,Median theta,Gates > pi (%),Exponent,Exponent (asympt.),Loss reduction
pattern magnitude free,1,0.471,—,—,—,0.116,0.0,0.81,0.999,0.90
pattern magnitude free,2,0.411,-2.8,2/5,0.312,0.123,0.0,0.84,0.998,0.91
pattern magnitude free,4,0.461,+7.6,2/5,1,0.138,0.0,0.63,1.004,0.93
pattern magnitude free,8,0.396,-6.0,2/5,0.438,0.160,0.0,0.57,1.004,0.94
pattern magnitude free,16,0.478,+13.0,3/5,1,0.335,1.8,0.40,0.994,0.95
pattern magnitude free,32,0.488,+20.8,2/5,0.812,0.424,3.2,0.11,1.019,0.94
pattern magnitude held fixed,1,0.430,—,—,—,0.118,0.0,0.95,1.000,0.93
pattern magnitude held fixed,2,0.500,+22.0,4/5,0.125,0.307,0.0,0.57,1.007,0.94
pattern magnitude held fixed,4,0.583,+40.6,5/5,0.0625,0.665,3.2,0.02,1.020,0.94
pattern magnitude held fixed,8,0.635,+53.5,5/5,0.0625,0.982,16.1,0.23,1.012,0.93
pattern magnitude held fixed,16,0.579,+42.5,3/5,0.312,1.632,36.9,0.11,1.005,0.94
pattern magnitude held fixed,32,0.689,+60.9,5/5,0.0625,4.424,54.8,-0.04,1.216,0.88
