Comparison,Config,Delta (%),p,q,n
Composition model,A1,-57.3,1.91 × 10^-6,3.18 × 10^-6,20
Composition model,A2,-60.1,0.00195,0.0021,10
Composition model,B1,-56.7,1.91 × 10^-6,3.18 × 10^-6,20
Composition model,B2,-55.0,1.91 × 10^-6,3.18 × 10^-6,20
Composition model,B3,-43.2,1.91 × 10^-6,3.18 × 10^-6,20
Composition model,B4,-62.0,1.91 × 10^-6,3.18 × 10^-6,20
Composition model,B5,-38.5,2.55 × 10^-11,1.78 × 10^-9,40
"Ridge, CL eigenvalues",A1,-56.0,1.91 × 10^-6,3.18 × 10^-6,20
"Ridge, CL eigenvalues",A2,-53.3,0.00195,0.0021,10
"Ridge, CL eigenvalues",B1,-54.6,1.91 × 10^-6,3.18 × 10^-6,20
"Ridge, CL eigenvalues",B2,-50.3,1.91 × 10^-6,3.18 × 10^-6,20
"Ridge, CL eigenvalues",B3,-36.3,1.91 × 10^-6,3.18 × 10^-6,20
"Ridge, CL eigenvalues",B4,-53.3,1.91 × 10^-6,3.18 × 10^-6,20
"Ridge, CL eigenvalues",B5,-25.5,5.03 × 10^-9,1.17 × 10^-7,40
KRR-res,A1,-46.6,1.91 × 10^-6,3.18 × 10^-6,20
KRR-res,A2,-39.7,0.00195,0.0021,10
KRR-res,B1,-43.4,1.91 × 10^-6,3.18 × 10^-6,20
KRR-res,B2,-50.1,1.91 × 10^-6,3.18 × 10^-6,20
KRR-res,B3,-20.1,1.34 × 10^-5,1.87 × 10^-5,20
KRR-res,B4,-41.5,1.91 × 10^-6,3.18 × 10^-6,20
KRR-res,B5,-15.6,1.15 × 10^-4,1.52 × 10^-4,40
"KRR, cosine CL kernel",A1,-53.6,1.91 × 10^-6,3.18 × 10^-6,20
"KRR, cosine CL kernel",A2,-51.1,0.00195,0.0021,10
"KRR, cosine CL kernel",B1,-42.7,1.91 × 10^-6,3.18 × 10^-6,20
"KRR, cosine CL kernel",B2,-41.6,9.54 × 10^-6,1.39 × 10^-5,20
"KRR, cosine CL kernel",B3,-27.7,1.91 × 10^-6,3.18 × 10^-6,20
"KRR, cosine CL kernel",B4,-52.6,1.91 × 10^-6,3.18 × 10^-6,20
"KRR, cosine CL kernel",B5,-14.9,2.06 × 10^-4,2.67 × 10^-4,40
alpha = 0 control,A1,-56.2,1.91 × 10^-6,3.18 × 10^-6,20
alpha = 0 control,A2,-54.0,0.00195,0.0021,10
alpha = 0 control,B1,-53.3,1.91 × 10^-6,3.18 × 10^-6,20
alpha = 0 control,B2,-45.6,1.91 × 10^-6,3.18 × 10^-6,20
alpha = 0 control,B3,-31.6,1.91 × 10^-6,3.18 × 10^-6,20
alpha = 0 control,B4,-52.6,1.91 × 10^-6,3.18 × 10^-6,20
alpha = 0 control,B5,-23.9,7.28 × 10^-8,1.27 × 10^-6,40
Single fixed coefficient,A1,-45.4,1.91 × 10^-6,3.18 × 10^-6,20
Single fixed coefficient,A2,-41.2,0.00195,0.0021,10
Single fixed coefficient,B1,-36.9,1.91 × 10^-6,3.18 × 10^-6,20
Single fixed coefficient,B2,-12.9,0.0172,0.0177,20
Single fixed coefficient,B3,-22.3,5.72 × 10^-6,8.90 × 10^-6,20
Single fixed coefficient,B4,-35.7,1.91 × 10^-6,3.18 × 10^-6,20
Single fixed coefficient,B5,-19.0,1.55 × 10^-5,2.12 × 10^-5,40
Randomized grouping,A1,-47.7,1.91 × 10^-6,3.18 × 10^-6,20
Randomized grouping,A2,-38.5,0.00195,0.0021,10
Randomized grouping,B1,-39.2,1.91 × 10^-6,3.18 × 10^-6,20
Randomized grouping,B2,-13.8,0.0121,0.0126,20
Randomized grouping,B3,-25.8,1.91 × 10^-6,3.18 × 10^-6,20
Randomized grouping,B4,-32.3,1.91 × 10^-6,3.18 × 10^-6,20
Randomized grouping,B5,-32.0,1.60 × 10^-10,5.60 × 10^-9,40
"KRR-res, within isomer groups",A1,-46.4,1.91 × 10^-6,3.18 × 10^-6,20
"KRR-res, within isomer groups",A2,-40.1,0.00195,0.0021,10
"KRR-res, within isomer groups",B1,-45.7,1.91 × 10^-6,3.18 × 10^-6,20
"KRR-res, within isomer groups",B2,-52.5,1.91 × 10^-6,3.18 × 10^-6,20
"KRR-res, within isomer groups",B3,-20.8,1.34 × 10^-5,1.87 × 10^-5,20
"KRR-res, within isomer groups",B4,-40.4,1.91 × 10^-6,3.18 × 10^-6,20
"KRR-res, within isomer groups",B5,-21.5,1.54 × 10^-6,3.18 × 10^-6,40
HOMO-LUMO gap vs KRR-res,A1,-20.2,1.91 × 10^-6,3.18 × 10^-6,20
HOMO-LUMO gap vs KRR-res,A2,-20.4,0.00195,0.0021,10
HOMO-LUMO gap vs KRR-res,B1,-33.9,1.91 × 10^-6,3.18 × 10^-6,20
HOMO-LUMO gap vs KRR-res,B2,-2.3,0.261,0.265,20
HOMO-LUMO gap vs KRR-res,B3,-26.4,3.81 × 10^-6,6.07 × 10^-6,20
HOMO-LUMO gap vs KRR-res,B4,-18.8,3.81 × 10^-6,6.07 × 10^-6,20
HOMO-LUMO gap vs KRR-res,B5,-14.9,0.0073,0.00774,20
Dipole moment vs KRR-res,A1,-6.9,6.29 × 10^-5,8.47 × 10^-5,20
Dipole moment vs KRR-res,A2,-12.4,0.00195,0.0021,10
Dipole moment vs KRR-res,B1,-28.3,1.91 × 10^-6,3.18 × 10^-6,20
Dipole moment vs KRR-res,B2,-18.8,5.86 × 10^-4,7.45 × 10^-4,20
Dipole moment vs KRR-res,B3,-9.0,9.54 × 10^-6,1.39 × 10^-5,20
Dipole moment vs KRR-res,B4,-13.8,9.54 × 10^-6,1.39 × 10^-5,20
Dipole moment vs KRR-res,B5,+8.1,0.33,0.33,20
